ID;description
1000000;Costeo del Proyecto (Clase5)
1000010;Elab MIA-P,p/activ desemp/const/mant/ab
1000011;Elab Estudio de Riesgo Amb,prev acc
1000020;Responsabilidad Legal de Seg. y Amb.
1000030;Viaje Cambio de diagrama c/4 días
1000040;Servicio básico. FIJO (Grúa+Hidrogr.)
3000000;MOVILIDAD POR KILOMETRO
3000001;HORA OPERATIVA PULLING
3000002;SIMA - SERVICIO BASE
3000003;HORA ESPERA CON PERSONAL PULLING
3000004;DTM HASTA 20 KM PULLING
3000005;SIMA - SERVICIO BASE ANEXO MANO DE OBRA
3000006;SERVICIOS TECNICOS
3000007;SIMA - SERVICIO BASE ANEXO BASICO
3000008;SERVICIO CONTROL PLAGAS
3000009;MATERIALES VARIOS
3000010;SIMA - OFICIAL DIURNO 50%
3000011;CAMION CON HIDROGRUA 12TN
3000012;COMEDOR FIJO MANO DE OBRA
3000013;CAMIÓN VOLCADOR 6 M3
3000014;SIMA - OFICIAL DIURNO 100%
3000015;MINICARGADORA
3000016;ANALISIS EN LABORATORIOS EXTERNOS
3000017;CAMIÓN REGADOR 30 M3
3000018;MOTONIVELADORA
3000019;SIMA - REMISSE NQN - AEL - NQN
3000020;PRUEBA DE ANCLAJES DRNADA NORMAL
3000021;CAMIÓN CON HIDRO 5TN
3000022;TARIFA HORARIA INCLEMENCIAS CLIMATICAS
3000023;SIMA - SERVICIO DE ELECTRICOS
3000024;SERVICIOS TRATAMIENTO EFLUENTE
3000025;MATERIALES Y PRODUCTOS ASOCIADOS
3000026;TRANSPORTE EN EXCESO 15 KM
3000027;SERVICIOS DE INFORMATICA
3000028;TARIFA FUERZA MAYOR PULLING
3000029;SIMA - CAPACITADORES
3000030;DESARME DE BOMBA PROFUNDIDAD API
3000031;EQUIPO CISTERNA 35M3 - DIA 24HS
3000032;HORA DE ESPERA PULLING
3000033;SERVICIO GENERACION ELECTRICA
3000034;EXCAVACIÓN MANUAL
3000035;SIMA - REMISSE CAT - AEL - CAT
3000036;TRANSPORTE EN EXCESO 20 KM
3000037;JORNADA ADICIONAL
3000038;ASISTENCIA TECNICA EN POZO
3000039;CARGO BASICO SAND PUMP
3000040;SIMA - PALA CARGADORA MEDIANA
3000041;PALA CARGADORA GRANDE
3000042;ALQUILER HERRAMIENTAS PETROLERAS
3000043;SIMA - RECORREDORES 100%
3000044;SIMA - RECORREDORES 50%
3000045;INSPECCION TECNICA EN YACIMIENTO
3000046;SIMA - CAMION REGADOR 8 M3
3000047;HONORARIOS PROFESIONALES
3000048;CAMION SEMIREMOLQUE CON HIDROGRUA 12 TN
3000049;CARGO ADICIONAL
3000050;SIMA - MOTONIVELADORA
3000051;SUPERVISORES EQUIPOS
3000052;KM RECORRIDO UNIDAD DE TESTEO
3000053;CARGO BASICO
3000054;SERVICIO DE MANTENIMIENTO DE VALVULAS
3000055;SIMA - CAPACITADORES ANEXO MANO DE OBRA
3000056;SIMA - EL CARACOL 50%
3000057;SERVICIO DOTACIÓN FIJA
3000058;SIMA - TRAFFIC NQN - AEL - NQN
3000059;ADICIONAL TREPANO - FRESA 5' Y 5 1/2'
3000060;SERVICIO DE CONTENDOR MENSUAL
3000061;SE WO - ALQUILER DE BANDEJA HIDRAUL.
3000062;MANTENIMIENTO EQUIPAMIENTO H2S
3000063;CAMIÓN CON BATEA 30 M3
3000064;SERVICIOS A PRODUCCION EN BORDE METUOSO
3000065;TRANSPORTE DE PERSONAL
3000066;SERVICIO DESAYUNO SALUDABLE
3000067;SIMA - SERVICIO DE SANEAMIENTO
3000068;CARGO ESTRUCTURA MENSUAL
3000069;SIMA - CAMION REGADOR 30 M3
3000070;SERVICIO TRANSMISION DE DATOS
3000071;PROVISION BIDON DE AGUA 20 LITROS
3000072;DRNADA OFICIAL SENIOR - 8 HORAS DIARIAS
3000073;SIMA - EL CARACOL 100%
3000074;SERVICIO COMEDOR FID MANO DE OBRA
3000075;ADICIONALES
3000076;CAMION PORTACONTENEDOR 4X2 24HS
3000077;MEDIO OFICIAL SOLDADOR
3000078;SIMA - GRUA SOBRE CAMION 60 TN
3000079;PROVISION DE CONTENEDOR ADICIONAL
3000080;SERVICIO DE FLUSH BY - TARIFA HORARIA
3000081;ALQUILER DE FOTOCOPIADORA
3000082;SIMA - GRUA SOBRE CAMION 100 TN
3000083;JORNADA AYUDANTE - 8 HORAS DIARIAS
3000084;ALQUILER DISPENSER AGUA
3000085;CAMION CON HIDROGRUA
3000086;SIMA - ANEXO MANO DE OBRA
3000087;SERVICIO DE SLICK LINE
3000088;SERVICIO DE FLUSH BY - DTM
3000089;TENDIDO DE FLOWLINE - MED
3000090;CARGO FID POZO DE PETROLEO
3000091;CUADRILLA DE SOLDADURA CON MOVILIDAD
3000092;ADICIONAL SABADO - DOMINGO - FERIADO
3000093;TTE PERS BUS NQN/CIPO - EL
3000094;CAMBIO MANOMETRO EXTINTOR
3000095;GASTOS DE COMBUSTIBLE
3000096;CAMBIO SOPORTE PARA MANGUERA
3000097;SERVICIO REPOSICION QUIMICOS AEL
3000098;MOVILIZACION
3000099;MANTENIMIENTO SOFTWARE
3000100;CAMBIO MANGUERA CON TOBERA EXTINTOR PQS
3000101;SERVICIO DE CONTENEDOR 4.5 M3
3000102;SERVICIO DE DESPARAFINACION
3000103;ABONO MENSUAL POR EQUIPO
3000104;HORA OPERATIVA SIN BARRAS DE SONDEO
3000105;BOMBA REPARACION 25-150 BARRIL DE ACERO
3000106;SERVICIO DE GAMMAGRAFIA
3000107;MANO DE OBRA
3000108;SIMA - HS SUPERRVISOR FERIADO
3000109;TRASLADO OPERADOR DE GRUA
3000110;CAMION REGADOR 30 M3 EVENTUAL
3000111;VALOR HORA CENTRAL DE OPERACIONES
3000112;HORA OPERATIVA CON BARRAS DE SONDEO
3000113;CARGADOR FRONTAL
3000114;REGISTRO CON CARRIER DUAL SOBRE PACKER
3000115;KILOMETRO EXCEDENTE
3000116;SUPERVISOR CON MOVILIDAD
3000117;VALOR HORA SUPERVISOR
3000118;MOTONIVELADORA EVENTUAL
3000119;CARGO POR OPERADOR (2 Por día)
3000120;KILOMETRAJE UNIDAD LIVIANA
3000121;ALQUILER GENERADOR
3000122;SIMA - SERVICIO W.O.
3000123;TAPADO DE EXCAVACIÓN CON RETROEXCAVADORA
3000124;JORNADA DE GRUA A DISPOSICION - 6 HS
3000125;SERVICIO DESINSECTACION
3000126;SERVICIO DE INSPECCION
3000127;HORA DE TORNO MEDIANO
3000128;SERVICIO EQUIPO DE VAPOR - 12HS
3000129;KILOMETRAJE UNIDAD WIRE LINE
3000130;RETROEXCAVADORA CHICA SIN MO
3000131;OBRA MECANICA
3000132;CONEXIONES INTERMEDIAS DEL CAPILAR
3000133;PROVI QUIMICOS
3000134;CAMION BOMBA DE VACIO
3000135;PROVISION DE TRABADS DE PROYECTO EN AEL
3000136;SIMA - CAMION CON BATEA 25 M3
3000137;RETROEXCAVADORA CHICA
3000138;VACIADO Y LIMPIEZA DE PILETAS
3000139;DTM DE 25 KM A 50 KM
3000140;TRANSPORTE DE MATERIALES (tnxKm)
3000141;SERVICIO DE ALQUILER DE AMBULANCIA
3000142;PALA CARGADORA GRANDE EVENTUAL
3000143;CONSTRUCCION DE FOSA
3000144;LIMPIEZA FIJO
3000145;CAPEX- TRAILER ENFERMERÍA
3000146;SERVICIO DE CHOFER DE AMBULANCIA
3000147;MO CONSTRUCCION DE ANCLAJES S/MATERIALES
3000148;SERVICIO DE TELEMETRIA
3000149;DÍA OPERATIVO
3000150;BASICO PUNZADO 3 3/8' - 4' 3000 PSI
3000151;PROVISION ESLINGA CERTIFICADA
3000152;SERVICIO EN RENCINTO DE RESIDUOS CB
3000153;HORA ADICIONAL
3000154;PROVISION DE ZUNCHO Y TACO DE GOMA
3000155;TARIFA REPARACION/MANTENIMIENTO
3000156;TELAS DE ZARANDA MESH 325
3000157;SERVICIO DE TRANSPORTE BES (TABLA 6)
3000158;OBRA PIPING
3000159;ASESORAMIENTO TECNICO - NALCO
3000160;SIMA - SUPERVISORES DE OBRA
3000161;SERVICIO DE ALQUILER TRAILER ENFERMERIA
3000162;PROVISION ACERO SAE 4140 BONIFICADO
3000163;M3 DE HORMIGÓN CLASE 'B' CON MALLA SIMA
3000164;INSUMOS MAQUINAS DE CAFE
3000165;SIMA - CAMIONETA DC 4X2 RELEVOS
3000166;PROVISION DE CALCAREO
3000167;VIAJE ADICIONAL
3000168;SIMA - REMISSE CAT - AEL - VALLE
3000169;TARIFA HORARIA LUZ DIURNA
3000170;TRANSPORTE EQUIPO SUPERIOR A 20 KM
3000171;TRANSPORTE DE CARGAS VARIAS
3000172;ALQUILER MOTOCOMPRESOR
3000173;OBRA CIVIL
3000174;SERVICIO DE FLUSH BY - KM TRANSPORTADOS
3000175;UNIDAD DE HIDRATACION
3000176;CARGO BÁSICO
3000177;SIMA - CAMION CON CARRETON 45 TN
3000178;PALA CARGADORA MEDIANA
3000179;SERVICIO MEDICO LABORAL
3000180;CAMBIO MANGUERA CON TOBERA CARRO PQS
3000181;TECNICO EN SEGURIDAD
3000182;SERVICIO DE LIMPIEZA BANO QUIMICO
3000183;PROVISION DE TREPANO
3000184;SERVICIO TORNERIA CANERIAS Y ACC
3000185;OBRA ELECTRICIDAD
3000186;SIMA - SERVICIO W.O. ANEXO OTROS COSTOS
3000187;ALQUILER EQUIPOS VARIOS
3000188;CARGO BASICO 3000 PSI
3000189;HORA DE FRESADORA
3000190;COMPANY MAN PULLING
3000191;LODO EMULSION INVERSA MW <11.5 PPG
3000192;SERVICIO REPOSICION QUIMICOS AAA
3000193;ARMADO DE BOMBA SRBN110-1
3000194;DESMOVILIZACION
3000195;CAMION REGADOR 23 M3
3000196;SERVICIO DE VIGILANCIA CON PATRULLA
3000197;DESARRAIGO PERSONAL
3000198;CARGO POR PROFUNDIDAD
3000199;TRANSPORTE AGUA POTABLE
3000200;CARGO BASICO OPERACION DE BOMBEO
3000201;MISCELANEOS INSTALACION
3000202;SERVICIO DE BOMBEO
3000203;REMIS TRASB PLOTTIER - ZANON
3000204;TRANSPORTE DE RESIDUOS
3000205;TRASBORDO ZANON - PLOTTIER - 18:30 HS
3000206;ALQUILER MENSUAL OFICINAS NEUQUEN
3000207;CONTRIBUCION POZO TERMINADO
3000208;INSTALACION HERRAMIENTA TELEDRIFT
3000209;TRANSPORTE DE HERRAMIENTAS X KM.
3000210;26 00 TRANS P/KM UNIDAD LIVIANA IDA
3000211;PROVISION HCFC 123 (HALOCLEAN)
3000212;REMIS CIPO - NQN
3000213;SERVICIOS DE COMUNICACION TELEFONICA
3000214;CARGO POR FIJACION DE TAPON
3000215;"Calibr de caudalimetro masico hasta 4"""
3000216;CALIBRACION DE RTD
3000217;CONSTRUCCION DE LOCACION
3000218;INSPECCION DE SUSTITUTO
3000219;CAMION CHUPA 4X2 8/12M3
3000220;DÍA STAND BY
3000221;CALIPER REGISTRO
3000222;TIJERAS/PUNTO DEBIL PROFUNDIDAD
3000223;ENDEREZADO DE TUBING
3000224;OBRA INSTRUMENTACION
3000225;OPERARIO TAREAS GENERALES
3000226;SERVICIO DE CONSULTORIA
3000227;SERVICIO DE JARDINERIA
3000228;SIMA - SERVICIO W.O. ANEXO MANO DE OBRA
3000229;REMIS CIPO - BMO
3000230;CALIPER PROFUNDIDAD
3000231;BOMBA REPARACION 25-175 BARRIL DE ACERO
3000232;RETROEXCAVADORA GRANDE CON ORUGA
3000233;SERVICIO MANTENIMIENTO
3000234;CERCO OLIMPICO S/TIPICO POR METRO
3000235;SERVICIO DE VIGILANCIA
3000236;ARMADO DE BOCA DE POZO
3000237;CARGO DIARIO HERRAMIENTA PRODRIFT
3000238;ESPERA LOCACIÓN CON PERSONAL
3000239;CARGO POR REGISTRO
3000240;RAYO GAMMA REGISTRO
3000241;CAMIONETA
3000242;LITRO DE ACIDO CLORHIDRICO (HCL) AL 15%
3000243;SERVICIO RIG READY TUBULARES HASTA 7'
3000244;SOPORTE METÁLICO S/TÍPICO
3000245;PROVISION EMULSOR AFFF - 20ºC A 45ºC
3000246;CABEZA ROTATIAVA 2.5 DTM
3000247;PROVISION DE CAPILAR DE POLIAMIDA 3/8'
3000248;CARGO FID POZO DE AGUA
3000249;SERVICIO INSTALACION Y PULLING
3000250;TECNICO DE RADIOS EN CAMPO
3000251;CALIBRACION DE PLACA ORIFICIO
3000252;SIMA - CAMION CON MOTOSOLDADORA
3000253;SIMA - TRAFFIC CAT - AEL - CAT
3000254;ALQUILER DE CAMIONETA 4X4
3000255;SERVICIO CADETERÍA
3000256;SERVICIO LIMPIEZA OFICINAS
3000257;OFICIAL PINTOR
3000258;CAMION CON BATEA 30 M3 EVENTUAL
3000259;SERVICIO DE ENTUBACION
3000260;TRANSPORTE CAMION PERFILAJE
3000261;DENSIDAD/PE PROFUNDIDAD
3000262;ALQUILER EQUIPO DOSIFICADOR
3000263;SERVICIO DE INGENIERIA
3000264;REFERENTE DE SEGURIDAD MENSUAL
3000265;COPIAS EXCEDENTES BLANCO/NEGRO
3000266;ALQUILER DE CAMIONETA MENSUAL
3000267;AUTOELEVADOR 5 TN
3000268;ACCESORIO DE REVESTIMIENTO
3000269;TRANSPORTE CAMION AUXILIAR
3000270;25 00 OP/SUP HERR P/12 H O FR S/TRAILER
3000271;BOMBA REPARACION 25-125 BARRIL DE ACERO
3000272;CONEXION DE LINEA A COLECTOR EXISTENTE
3000273;SERVICIO DE ENFERMERIA - ABP
3000274;SERVICIO DE INSPECCION EQUIPO DE PULLING
3000275;CARGO DIARIO HERRAMIENTA TELEDRIFT
3000276;MOVIMIENTO DE PROD QUIMICOS - RIO NEGRO
3000277;ADICIONAL TREPANO - FRESA 7'
3000278;GAMMA RAY SPECTRAL - PROFUNDIDAD
3000279;PROVISION DE AGUA INDUSTRIAL
3000280;SERVICIO REPOSICION QUIMICOS BMO
3000281;PROVISION BOBINA DE CARGA VHF BB
3000282;REPARACION DE MOTORES DE 1/2 Y 1/3 HP
3000283;PROVISION ANHIDRIDO CARBONICO
3000284;MOVILIDAD LIVIANA POR KM
3000285;LICENCIA SOFTWARE (SAAS) Aqueon
3000286;SERVICIO CAFETERIA
3000287;SERVICIOS COMPLEMENTARIOS
3000288;GASTOS ADMINISTRATIVOS DE COMBUSTIBLE
3000289;HORAS EXTRAS
3000290;DESPARAFINACION OPER SIMPLE LC 1RAS 3HS
3000291;DESPARAFINACION OPER COMBINADA 1RAS 8HS
3000292;LODO EMULSION INVERSA  15.5 = MW < 18.5
3000293;DRILL - BEARING ASSEMBLY RCD3 (SERV)
3000294;TARIFA BASE DE OPERACIONES
3000295;DRILL - SEALING ELEMENT (CBIO. X UNIDAD)
3000296;DESPARAFINACION OPER SIMPLE TBG 1RAS 5HS
3000297;DENSIDAD/PE REGISTRO
3000298;CARGO POR KILOMETRAJE
3000299;INSTALACION RADIO MOVIL PICK-UP
3000300;PROVISION CABLE COAXIAL RG58
3000301;RECUPERACION Y ARENADO DE PARTES
3000302;PROVISION DE QUIMICOS PARA POZOS DE GAS
3000303;ALQUILER DE CONTENEDOR
3000304;HORA SOLDADURA Y HERRERIA
3000305;MOVILIZACION/DESMOVILIZACION RETRO
3000306;H°A° P/CÁMARA H21 50KG/CM3 DE ACERO
3000307;ALQUILER COCHERAS SODIMAC
3000308;VINILO CALANDRADO GRADO INGENIERIA
3000309;PINTURA EPOXI-POLIESTER (HORNO)
3000310;HORA ESPERA FUERZA MAYOR CON PERSONAL
3000311;DTM HASTA 10 KM
3000312;DTM HASTA 30 KM
3000313;BES - SERVICIO DE MEITOREO SATELITAL
3000314;GOMA LIMPIA CANO 2 7/8' X 14'
3000315;TELAS DE ZARANDA MAYOR 145 MESH
3000316;PROVISION DE GAS OIL CON TRANSPORTE
3000317;DIA STAND-BY DEL SERVICIO C/GENERADOR
3000318;CAMION CISTERNA 35 M3 - 12 HS - ON CALL
3000319;RAYO GAMMA PROFUNDIDAD
3000320;SERVICIO RIG READY TUBULARES HASTA 5 '
3000321;PROVISION CONECTOR COAXIAL PARA RG58
3000322;PROVISION CONECTOR MINI UHF
3000323;FLETE
3000324;CHAPA NEGRA NRO 14 (SIN DECORAR)
3000325;COMPRESION DE GAS EN PTG T1
3000326;REPUESTOS PARA MOTORES DE AIB
3000327;RETROEXCAVADORA HORA OPERATIVA
3000328;SERVICIO DE ENDULZADO DE GAS T2
3000329;DESPARAFINACION OTRA OPERACION 1RAS 8HS
3000330;DESPARAFINACION OP SIMPLE TBG/LC HS SUBS
3000331;SE INSTALACION DE CABEZALES SECC A-B-C
3000332;GAMMA RAY SPECTRAL - REGIISTRO
3000333;TRANSPORTE UNIDAD LIVIANA N/P SC-0006
3000334;RECUPERADOR (CHUPA) 35M3 - 12HS ON CALL
3000335;11 02 PACKER TKR1 5 1/2 BAS 12HS OP.C
3000336;S-2520 - INH DE INCRUSTACIONES
3000337;TENDIDO DE LINEA Ø 4'
3000338;INGENIERIA Y TOPOGRAFIA
3000339;MONTAJE DE MEDICION EN BOCA DE POZO
3000340;SERVICIOS PROFESIONALES
3000341;PROVISION BASE DE ANTENA BOLITA CROMADO
3000342;M3 DE HORMIGÓN CLASE 'A' CON MALLA SIMA
3000343;HIDROEXCAVACION
3000344;EXPENSAS AL RIO
3000345;HS 50% UOCRA 545/08
3000346;SERVICIO COMEDOR - EVENTOS
3000347;SERVICIO DE MANTENIMIENTO LICENCIA TOTVS
3000348;SE ENL PUESTO DE CAC
3000349;11 02 PACKER TKR1 5 1/2 AD ADIC P/H OPC
3000350;VIANDA ADICIONAL
3000351;ALQUILER DE MOTORES PARA AIB
3000352;SERVICIO ENERGIA PCR
3000353;CALIBRACION DE DETECTORES DE LLAMA
3000354;SUPERVISOR TECNICO OPERATIVO
3000355;CAMION CON MARTILLO PERCUTOR
3000356;DTM EQUIPOS VARIOS
3000357;SERVICIO SATELITAL EQUIPOS PULLING
3000358;PROVISION ANILLO R-45/R-46 N/P REF016
3000359;TRANSPORTE UNIDAD DE BOMBEO IDA
3000360;CARGO BASICO OPERACION BOMBEO HASTA 8HS
3000361;TARIFA LUMP SUM CASING RUNNING 5'
3000362;11 02 PACKER TKR1 5 1/2 AB POR OP OP.C
3000363;KM SOLO IDA BOMBA TRANSPORTADA SRBT110
3000364;OPERARIO DE MONTAJE
3000365;ESPUMANTE ESB980
3000366;ALQUILER EQUIPO DOSIFICADOR
3000367;EQUIPO DE SOLDADURA
3000368;SERVICIO DE CONSULTORIA HORAS DE GUARDIA
3000369;CAMION CON BATEA 24 M3
3000370;M3 DE HORMIGÓN CLASE 'C' MÁS DE 3 M3
3000371;SERVICIO DE PLOTEO DE PLANOS TAMANO A3
3000372;SIMA - CAMION VOLCADOR 6 M3
3000373;LIBRERIA
3000374;GASTOS VARIOS VISITA INVERSORES
3000375;SERVICIO UOCRA YACIMIENTO MENSUAL
3000376;DET 2 DROGAS ORINA COCAINA Y MARIHUANA
3000377;ADICIONAL HORMIGON OF.
3000378;GRUA CON CAPACIDAD MAXIMA DE 80 TN
3000379;EXCAVADORA TIPO CAT-320
3000380;HORAS EXTRAS AL 50% - NOVATIUM
3000381;TRANSMISION DATOS WITS
3000382;OCUPACIONAL OP 3
3000383;SERVICIOS METALURGICOS Y ZINGUERIA
3000384;OTROS REEMBOLSABLES
3000385;ALQUILER DE BANDEJA DE PERFORACION DAT
3000386;TELAS DE ZARANDA MESH 165
3000387;PROTECTOR DE CAPILAR
3000388;CABEZA ROTATIAVA 2.5 TARIFA
3000389;AUTOELEVADOR 4 TN CON OPERADOR
3000390;SERVICIO BASICO 12 CONTENEDORES C/CAMION
3000391;TARIFA HORA OPERATIVA STACK BOP 10 KPSI
3000392;SERVICIO DE HERRAMIENTAS Y PESCA
3000393;% AGUA LIBRE
3000394;% AGUA Y SEDIMENTOS
3000395;CONCENTRACION CLORUROS
3000396;CALIBRACION DE ROSEMOUNT 3095
3000397;MUESTREOS KM RECORRIDO
3000398;REPARACION MAYOR DE BOMBA CON REPUESTOS
3000399;DIA DE INGENIERO SEMI SENIOR
3000400;PROVISION SOPORTE PARA RADIO M216
3000401;SERVICIO ASISTENCIA TECNICA
3000402;CONSTRUCCION DE LOCACION TIPO 965-12-2NQ
3000403;MOVIMIENTO DE SUELO ADICIONAL
3000404;CONTROL DE PLAGAS - EMC-08 - EMC-09
3000405;RODILLO VIBROCOMPACTADOR
3000406;CAMION REGADOR 35 M3
3000407;PROVISION RESORTE ANTENA CROMADO 5MM
3000408;SERVICIO DE GRUAS EN GENERAL
3000409;SERVICIO MTO CASAS CATRIEL HORAS 50%
3000410;SERVICIO DE ASESORAMIENTO PULLING
3000411;AYUDANTE MECANICO MOTORES Y COMPRESORES
3000412;CARRETON 40 TN
3000413;GASTOS VARIOS
3000414;COPIAS EXCEDENTES COLOR
3000415;SERVICIO MTO CASAS CATRIEL MENSUAL
3000416;SERVICIO COMEDOR Y LIMPIEZA
3000417;FERRETERIA
3000418;SERVICIO DESAYUNO
3000419;SERVICIO CANASTAS
3000420;VIANDA ALMUERZO-CENA
3000421;DOSAJE DE ALCOHOL EN ORINA
3000422;EB-1595 - DESEMULSIONANTE PTL
3000423;Hora adicional Hidrolavado
3000424;OFICIAL MECANICO MOTORES Y COMPRESORES
3000425;VISADO EXAMENES SUBSECRETARIA TRABAD
3000426;TELAS DE ZARANDA MESH 200
3000427;PLANTA TRATAMIENTO DE EFLUENTE
3000428;RECUPERADOR (CHUPA) 35M3 - 24HS ON CALL
3000429;HORA STAND BY EN LOCACION
3000430;METRO ADICIONAL
3000431;CARGO POR SUPERVISOR (MAX. 12 HS)
3000432;MISCELANEOS DE INSTALACION
3000433;REPARACION INTEGRAL DE AEROENFRIADOR
3000434;CONTROL DE PLAGAS - BATERIA 1CHDP
3000435;CONTROL DE PLAGAS - SET 4
3000436;CONTROL DE PLAGAS - PIAD BMO
3000437;MUESTREOS HS TECNICO CONTEMPLAR 2 TECNIC
3000438;CONTROL DE PLAGAS - BATERIAS
3000439;CARGO BASICO 5000 PSI
3000440;CAMBIO MANGUERA CON TOBERA EXTINTOR CO2
3000441;ARMADO DE BOMBA PROFUNDIDAD API
3000442;CONTROL DE PLAGAS - BATERIA 1 BP
3000443;FLETE X BULTO HASTA 15 KG
3000444;MX-666-1 - DESEMULSIONANTE CAMPO
3000445;MX-518-5 RUPTOR TOTAL PTL
3000446;ALQUILER MENSUAL OFICINAS BS.AS
3000447;REMIS CIPO - CENTE
3000448;SERVICIO DE PLOTEO DE PLANOS TAMANO A1
3000449;REALIZACION DE INFORMES AMBIENTALES (IA)
3000450;TRASLADO PARA REALIZAR LOS TRABAJOS
3000451;MANTENIMIENTO MOTOR ELECTRICO
3000452;MANTENIMIENTO DE EQUIPOS ELECTRICOS
3000453;CONTROL DE PLAGAS - EMC-07
3000454;SERVICIO TECNICO TERA OILERS PLANTAS
3000455;LOCACION DE BOOSTER T4
3000456;ALQUILER DE TRAILER
3000457;TELAS DE ZARANDA MESH 230
3000458;DTM DE 15 KM A 25 KM
3000459;TARIFA LUMP SUM CASING RUNNING 7'
3000460;TARIFA LUMP CASING WHILE DRILLING 9 5/8'
3000461;PROVISION ANILLO R-27 N/P REF012
3000462;REPARACION ROSCA 6 5/8
3000463;UNIDAD FRACTURADOR ADICIONAL
3000464;COILED TUBING P/REPARACION
3000465;GASTOS ADICIONALES PERFILAJE
3000466;PROVISION ANILLO R-53 N/P REF020
3000467;PROVISION ANILLO BX-152 N/P REF023
3000468;DÍA STAND BY
3000469;12 02 TAPON TPR1 5 1/2 AD ADIC P/H OP.C
3000470;SERVICIO DE PERFILAJE A POZO ABIERTO
3000471;HERRAMIENTAS DE FONDO - MENORES
3000472;PROVISION CABLE COAXIAL BELDEN 9913
3000473;HORA DE TORNO GRANDE
3000474;PROVISION ACERO SAE 4140 NORMALIZADO
3000475;SUBESTACION DE MEDIA A BAJA TENSION
3000476;REPARACION INTEGRAL DE ESCAPE
3000477;ANALISIS COMPLETO DE AGUA
3000478;PROVISION MICROFONO DE PALMA MOTOROLA
3000479;MUESTREOS EXTRACCION DE MUESTRA LIQUIDA
3000480;PINTADO EXTERIOR DE TANQUES
3000481;COSTO POR HORA DE OPERACION
3000482;CONTROL DE PLAGAS - COMPLED GAS
3000483;CONTROL DE PLAGAS - PIAD EL CARACOL
3000484;WC-7515 - AGENTE DE FLOTACION
3000485;12 02 TAPON TPR1 5 1/2 BAS 12HS OP.C
3000486;12 02 TAPON TPR1 5 1/2 AB POR OP OP.C
3000487;ANALISIS DE AZUFRE TOTAL - ASTM D2420
3000488;MC-SS-5379 - SECUESTRANTE DE OXIGENO
3000489;HORA DE METAJE
3000490;SERVICIO DE PLOTEO DE PLANOS TAMANO A2
3000491;CAMBIO MANGUERA CON TOBERA EXTINTOR HCFC
3000492;TRANSPORTE EN CAMION DE VACIO 25 MT3
3000493;ESTUDIO DE RIESGO ALUVIONAL EN POZO
3000494;SERVICIO DE SOPORTE APLICATIVO
3000495;SERVICIO APLICACION PRODUCTOS QUIMICOS
3000496;SERVICIO TECNICO LABORATORISTA
3000497;SERV SUP PERFORACION - SENIOR - 7 X 7
3000498;SERVICIO CONTROL SISTEMAS CONTINUOS
3000499;CRUDO RECONSTITUIDO
3000500;ALQUILER MENSUAL DEPARTAMENTO NEUQUEN
3000501;SERVICIO RIEGO - MENSUAL
3000502;ADICIONAL BODEGA NUEVO REQUERIMIENTO
3000503;SERVICIO DE KM RECORRIDO PARA METAJE
3000504;PRUEBA HIDRAULICA EXTINTOR HCFC X 5 KG
3000505;REPARACION DE AIB
3000506;BASICO PUNZADO 2' 3000 PSI
3000507;TRANSPORTE HERRAMIENTA PESADA/TRAILER
3000508;MX-5-1836 - SURFACTANTE LAV DE FILTROS
3000509;DESEMULSIONANTE EXP 3365A
3000510;DISPERSANTE PARAFINAS SPEC-AID CDC9630
3000511;SISTEMA BIOPILAS
3000512;ADICIONAL HORMIGON OF. 1/2 OF.
3000513;DTM EN EXCESO DE 30 KM
3000514;ALQUILER PORTACONTENEDOR
3000515;HORA ESPERA SIN PERSONAL PULLING
3000516;PILETA DE FRACTURA ADICIONAL
3000517;DTM DE 10 KM A 15 KM
3000518;ALQUILER DE PILETA ADICIONAL
3000519;CABEZA ROTATIAVA 2.5 EXCESO DE KM
3000520;TELAS DE ZARANDA
3000521;FLUIDO DE FRACTURA GEL SLICKWATER
3000522;DESPARAFINACION ASIST EQ DE TORRE BOMBEO
3000523;DTM HASTA 15 KM
3000524;BACTERICIDA
3000525;COMPLETACION INGENIERO ESTIMULACION
3000526;IINHIBIDOR DE ARCILLA
3000527;SURFACTANTE
3000528;FLUIDO DE FRACTURA GEL LINEAL
3000529;CAMION PORTACONTENEDOR 4X2 12HS DIURNAS
3000530;COMPLETACION - MOV/DEMOV
3000531;COMPLETACION AUXILIARES
3000532;12 04 TAPON TPR1 9 5/8 AF ALQ TEMP MENS
3000533;FLUIDO DE FRACTURA GEL XL-(20L)
3000534;ACIDO CLORHIDRICO 15%
3000535;SERVICIO DE COILED TUBING
3000536;DETERMINACION ASFALTENOS
3000537;ANALISIS CALIDAD DE AIRE (COMPLETO)
3000538;ANALISIS MUESTREO ANUAL DIAS CAMPO
3000539;MOTOR DE FONDO 2 7/8'
3000540;CONTROL DE PLAGAS - ALMACENES
3000541;MEDICION PARAMETROS COMPLETA DE AGUA
3000542;INSTALACION ANTENA 900 MHZ
3000543;TENDIDO DE LINEA DE BAJA TENSION A POZO
3000544;PROVISION ACERO INOXIDABLE AISI 316L
3000545;NORMALIZADO DE ALOJAMIENTOS 101 A 200 MM
3000546;CALIBRACION DE ROSEMOUNT 3051
3000547;CONTROL DE PLAGAS - SUM Y ARCHIVOS
3000548;MX- 3469 INHIBIDOR DUAL
3000549;MEDICION DE ESPESORES
3000550;DEPOSITO CUBIERTO ADICIONAL DE 800M2
3000551;MANTENIMIENTO DE SONDA TOMA MUESTRA
3000552;SERV SUP WO SEMI SENIOR - 7 X 7
3000553;RETROEXCAVADORA GRANDE
3000554;ALQUILER TRAILER OFICINA
3000555;DETERMINACION S.A.R.A.
3000556;DENSIDAD DE PETROLEO
3000557;SIMA-RETROEXCAVADORA SOBRE GOMAS
3000558;NORMALIZADO DE ALOJAMIENTOS 201 A 300 MM
3000559;FLETE X BULTO DE 15 A 25 KG
3000560;BEBIDAS CALIENTES
3000561;ENSALADAS DE FRUTAS
3000562;MX-6-2502 - INH DE CORROSION
3000563;P-3920 - INH DE PARAFINAS
3000564;SANDWICHS
3000565;SE DE INST ENL PUESTO DE CONTROL
3000566;SERVICIO DE MANTENIMIENTO MENSUAL
3000567;RIG UP / RIG DOWN
3000568;DEPOSITO CUBIERTO DE 1500M2
3000569;PAUTA PRENSA
3000570;HS VIAJE EXTRA UOCRA 545/08
3000571;CAMION AGUA 35 M3
3000572;SERVICIO DE IN-OUT
3000573;SEGUROS VARIOS DEVENGADOS
3000574;SE DE REPETIDOR DE VHF MED
3000575;CCTV RINCON DE ARANDA
3000576;FLETE X MAS DE 3 BULTOS
3000577;SALUDABLES COMBO
3000578;KILOMETRO EXCEDENTE SERVICIO DE PATRULLA
3000579;SUSCRIPCIONES VARIAS
3000580;ALQUILER COCHERAS PLAYON
3000581;CONTROL DE PLAGAS - UNIDAD LACT
3000582;P-3650 - SOLVENTE DE PARAFINAS
3000583;SIMA - RETROEXCAVADORA GRANDE CON ORUGA
3000584;PEAJE
3000585;EXPENSAS DPTO. NEUQUEN
3000586;HORA ESPERA FUERZA MAYOR SIN PERSONAL
3000587;HORA OPERATIVA CON CASING DRILLING
3000588;CARGO DIARIO HERRAMIENTA PROSHOT
3000589;VALOR DE KM FUERA DEL RADIO 30 KM
3000590;ESTADIA MENSUAL PERMANENTE
3000591;PRODUCTOS VARIOS - CEMENTACION
3000592;SERVICIO DE REPARACION DE SKIDS
3000593;CARRERA TREPANO 8 3/4 CONV LUMPSUM
3000594;CARGO POR MEDICION - CADA SET
3000595;REC PLUS A (EX NH913) ACUO HUMECTANTE
3000596;REC PLUS B (EX PS950) DISPERSANTE
3000597;DIA STAND BY DEL SERVICIO NABORS
3000598;DENSIDAD POR EQUIPO DENSISTOMETRO
3000599;HORAS TECNICAS
3000600;DESINSTALAR RADIO MOVIL COMPLETO
3000601;DESINSECTACION
3000602;RECAMBIO DE AISLADOR DE RETENCION
3000603;PROVISION SOPORTE PARA MICROFONO
3000604;NORMALIZADO DE ALOJAMIENTOS 30 A 100 MM
3000605;CONTROL DE PLAGAS - BASURAL
3000606;CARGO DIARIO LUMINARIAS
3000607;ANALISIS DE HUMEDAD - ASTM D2784
3000608;ALINEACION
3000609;PRUEBA HIDRAULICA EXTINTOR HCFC X 10 KG
3000610;SIMA - CAMION CON HIDRO 5TN Y BARQUILLA
3000611;SERVICIO DE VIGILANCIA CON PATRULLA
3000612;PLANTA FIJA DE TRATAMIENTO EFLUENTES
3000613;EXTRACCION DE CENTRALIZADORES BIPARTIDOS
3000614;VINCULACION DE LINEAS AEREAS
3000615;SERVICIO DE MAESTRANZA
3000616;HORAS EXTRAS AL 50%
3000617;SUELO RETIRADO DURANTE LA EXCAVACION
3000618;DIA DE SERVICIO TECNICO EN CAMPO
3000619;GASTOS CABLEVISION
3000620;VALOR KM ADICIONAL
3000621;PULGADA DE SOLDADURA ADICIONAL
3000622;BALANCEO POR RUEDA
3000623;B-8642 - BIOCIDA PARA PIAD
3000624;WIND SENSOR
3000625;COLOCACION DE CARTELES VIALES
3000626;HONORARIOS AMBITO JUDICIAL
3000627;HS 100% UOCRA 545/08
3000628;TTE ULT MILLA ARENA - DESDE AÑELO
3000629;CAMBIO VALVULA COMPLETA EXTINTOR CO2
3000630;VINILO IMPRESO BASE GRIS
3000631;TRANSPORTE DE CRUDO CASO
3000632;SESION CON COCHEE - 1 POR MES
3000633;ETANOL EN SANGRE
3000634;PROVISION AGENTE EXTINTOR CO2
3000635;MATERIALES DE CORRALON
3000636;SERVICIOS DE COMUNICACION - INSTALACION
3000637;TRANSP DE SUELO C/ HIDROC (0-20 KM)
3000638;GASTOS POR VIATICOS Y TRASLADOS
3000639;SUSCRIPCIONES VARIAS APCO
3000640;ALQ ANDAMIO C/FLETE - DIA
3000641;13 02 STR PACKER 5 1/2 9 BAS 12HS OP.C
3000642;TRANSPORTE DE CRUDO CASO - 1
3000643;SERVICIO DE EQUIPOS TIPO BES (TABLA 1)
3000644;SERVICIO DE GAMMAGRAFIA REVELADO IN SITU
3000645;ESTUDIO HIDROLOGICO DE POZO
3000646;MANTENIMIENTO DE DESHIDRATADORAS
3000647;CONTROL DE ROEDORES - BATERIA - MED
3000648;B-8650 - BIOCIDA (GLUTARALDHEIDO)
3000649;MANTENIMIENTO PREVENTIVO/CORRECTIVO CCTV
3000650;HORAS EXTRAS AL 100% - NOVATIUM
3000651;HONORARIOS AUDITORIA EXTERNA
3000652;GOMA ECONOMIZADORA P/CABLE 9/16'
3000653;TARIFA FUERZA MAYOR
3000654;PO - SERVICIO DE MONTAJE DE PUMP OFF
3000655;COPA PISTONEO UF35W 2 7/8'
3000656;PROVISION ANILLO BX-153 N/P REF024
3000657;SERVICIO DE CEMENTACIONES SECUNDARIAS
3000658;OTROS CONCEPTOS
3000659;TELAS DE ZARANDA MESH 270
3000660;ENNVASE CAJA COFRE
3000661;PROVISION ANILLO RX-46 N/P REF019
3000662;PROCESAMIENTO CAJA COFRE
3000663;SERVICIO DE TRATAMIENTO QUIMICO
3000664;SONICO PROFUNDIDAD
3000665;DRILL - SERVICIO CONTROL GEOLOGICO
3000666;CARRERA TREPANO 6 1/4 CONV LUMPSUM
3000667;REGISTRO DE PRESIONES PROFUNDIDAD
3000668;PROVISION ANILLO R-46 N/P REF018
3000669;PROVISION ANILLO BX-156 N/P REF027
3000670;TARIFA ESPERA LUZ DIURNA
3000671;SERVICIO DE CAMION PORTA CONTENDOR
3000672;BAJADA DE BOMBA MAYOR A 2500 MTS.
3000673;PILETA PREPARADORA 40 MTS
3000674;PILETA ENSAYO ADICIONAL
3000675;NEUTRON COMPENSADO PROFUNDIDAD
3000676;SONICO REGISTRO MEOPLAR
3000677;20 15 KIT WIRE LINE POR OP NO INCL OP
3000678;13 02 STR PACKER 5 1/2 AB POR OP OP.C
3000679;NEUTRON COMPENSADO REGISTRO
3000680;TENDIDO DE ALAMBRADO X METRO
3000681;SERV ALMACENAJE / LOGISTICA
3000682;DIA SUPERV Y ASIST TECNICA EN POZO
3000683;KILOGRAMO DE ACIDO CITRICO
3000684;ANALISIS COMPLETO MUESTRA PETROLEO
3000685;% AGUA KARL FISCHER
3000686;20 13 SET TOOL POR OP PRIMERAS 6H S/OP
3000687;SALES POR SALINOMETRO (G/M3)
3000688;ANALISIS CONTENIDO ESTRONCIO
3000689;PROVISION ELECTRODOS
3000690;PROVISION DE CUPLA 3 1/2' PARA CONEXION
3000691;MANTENIMIENTO DE CALENTADOR DE PTE
3000692;CROMATOGRAFIA LIQUIDA EXTENDIDA
3000693;ANALISIS AMBIENTE LABORAL (COMPLETO)
3000694;JORANDA DE MUESTREO DE ARENA
3000695;COMPONENTES AZUFRADOS
3000696;CONSTRUCCION DE EQUIPOS Y PREFABRICADOS
3000697;DENSIDAD DEL AGUA
3000698;CONTROL DE ROEDORES - PIAS - MED
3000699;SERVICIO LIMPIEZA QUIMICA
3000700;REPARACION INTEGRAL AGITADOR WEMCO
3000701;MAOYT. JDLM-MEDANITO PCIA DE RIO NEGRO
3000702;CALIBRACION DE PM-530 JQ
3000703;B-8805 - BIOCIDA
3000704;CONTROL DE ROEDORES - UNIDAD LACT - MED
3000705;TRASLADOS DE TANQUE
3000706;PINTADO INTERIOR DE TANQUES
3000707;INSTALACION DE ANODOS
3000708;INH. INCRUSTACION SCALETROL PDC9442
3000709;CONEXION A LA RED POR HOT TAP
3000710;CONSTRUCCION Y METAJE DE COLECTOR
3000711;CARGO DIARIO - GENERADOR 120 KVA
3000712;REPOSICION DE GAS OIL POR LITRO
3000713;CONTROL DE ROEDORES - ARCHIVO
3000714;REEMPLAZO DE PISO DE TANQUE
3000715;13 02 STR PACKER 5 1/2 AD ADIC P/H OP.C
3000716;CAMION CON HIDROGRUA
3000717;SERVICIO DE INSPECCION
3000718;CALIBRACION DE PM-93 EL
3000719;SEGURO DE LA CARGA TRANSPORTADA
3000720;HORMIGON DE FOSA P/ANCLAJE
3000721;DIA DE INGENIERO SSR/SR EN GABINETE
3000722;HC TOTALES
3000723;ANALISIS SUELO HTP S / LEGISL RIO NEGRO
3000724;HORAS EXTRAS
3000725;CARGO DIARIO MAXIMO TRAILER VIVIENDA
3000726;CARGO DIARIO - TANQUE DE AGUA POTABLE
3000727;CONTROL DE ROEDORES - PTC - MED
3000728;CONTROL DE ROEDORES - ALMACENES - MED
3000729;DRNADA DE SOLDADURA
3000730;PRODUCTOS DE LIMPIEZA
3000731;SERVICIOS TECNICOS - SOPORTE NETWORKING
3000732;METRO CUBICO DE HOMRIGON ADICIONAL
3000733;CONTROL DE ROEDORES - SUM
3000734;LOCACION POZO PEL.RN.EM-2002
3000735;ESTUDIO PROCTOR COMPLETO
3000736;CADETERIA CIPOLLETTI
3000737;PROVISION DE MATERIALES PARA ENFERMERIA
3000738;CARGO DIARIO MUERTOS Y ROUND SLING
3000739;LAVADO COMPLETO CAMIONETAS
3000740;SERVICIO PROCES.DATOS Y CUSTODIA
3000741;GASTOS DE REPRESENTACION
3000742;CARGO DIARIO SEPARADOR
3000743;CARGO DIARIO LINEAS DE BAJA
3000744;CARGO DIARIO - CHOKE MANIFOLD
3000745;PERSONAL OPERACION 24 HS.
3000746;RELEVAMIENTO DE POTENCIALES PASO A PASO
3000747;RELEVAMIENTO DE RESISTIVIDADES
3000748;DISPONIBILIDAD
3000749;CONSTRUCCION DE CAMINO NUEVO
3000750;SIMA - REMISSE CAT - AEL - CAT (FERIADO)
3000751;CONSTRUCCION DE FOSA DE QUEMA
3000752;CAMION DC CON HIDRO 2,5 TN
3000753;ARENADO Y PINTADO EXTINTOR CO2 X 5 KG
3000754;CADETERIA FERNANDEZ ORO
3000755;PROVISION BIDON DE AGUA 20 LITROS
3000756;VIÁTICOS Y MOVILIDAD
3000757;REALIZACION DE AUDITORIAS AMBIENTALES
3000758;MOVILIDAD POR KM DE AUTOBOMBA
3000759;CADETERIA NEUQUEN CAPITAL
3000760;COLOCACION DE PRECINTO
3000761;LIMPIEZA COMPLETA POR CORROSION
3000762;SERVICIO DE AUTOBOMBA CON PERSONAL
3000763;GASTOS VARIOS AREA
3000764;REEMBOLSO DE GASTOS
3000765;ANALISIS VIBRAC EQ MOTOCOMPRESOR RUTA 1
3000766;OTROS GASTOS - ALQUILER CAMIONETAS
3000767;DESPLAZAMIENTO PERSONAL
3000768;SERVICIO DE INTERCAMBIOS BES
3000769;SERVICIO DE AUDITORIA NEUQUEN
3000770;RECAMBIO DE CRUCETAS MN 110
3000771;RECAMBIO DE AISLADOR DE PERNO RIGIDO
3000772;SERVICIO CROMATOGRAFO LPG
3000773;MATERIAL ACERO 4140/1045
3000774;DIA DE TECNICO EN CAMPO
3000775;CARGO DIARIO LINEAS DE ALTA
3000776;CARGO DIARIO - TANQUE DE GAS OIL
3000777;CONSTRUCCION DE MUERTO DE ANCLAJE
3000778;SIMA - TOPADORA MEDIANA
3000779;ACONDIC SUELO TRAT EN SITIOS A RESTAURAR
3000780;TRANSPORTE EN SEMI O BATEA
3000781;TRANSPORTE EN PORTA-CONTENEDOR
3000782;COFEE TIPO 1
3000783;HORAS EXTRAS
3000784;WINDROCK MOTOR CON 12 CIL
3000785;PILETA EXTRA ACUMULACION PULLING
3000786;ALQUILER BARRAS DE SONDEO
3000787;TRANSPORTE MATERIALES SÓLIDOS CON CUREÑA
3000788;ALQUILER BARRAS 4 1/2
3000789;OPERACION CANCELADA
3000790;MOVILIZACION - CUARTO HITO DE PAGO
3000791;ALQUILER BARRAS DE SONDEO DE 3 1/2
3000792;ALQUILER DE BOP 11' 5000
3000793;TARIFA LUMP SUM CASING RUNNING 9 5/8
3000794;LODO EMULSION INVERSA  13.5 = MW < 15.5
3000795;KILOMETRO ADICIONAL DESPUES DE LOS 30KM
3000796;INTERPRETACION ENSAYO PLT
3000797;BUCKING UNIT (2 7/8' A 13 3/8')
3000798;ALQUILER TRAILER ADICIONAL
3000799;CARGA O DESCARCA DE SOLIDOS
3000800;ALQUILER BOP ANULAR 11-3000 PSI
3000801;TRAILER ADICIONAL
3000802;SERVICIO DE FRACTURA EN REPARACION
3000803;MOVILIZACION - SEGUNDO HITO DE PAGO
3000804;INTERPRETACION DE ENSAYO DE PRESION
3000805;SERVICIO DE REPARACION DE BOMBAS
3000806;SERVICIO DE EXTRACCION DE CORONA
3000807;MOVILIZACION - PRIMERO HITO DE PAGO
3000808;MOVILIZACION - TERCER HITO DE PAGO
3000809;TRANSPORTE, ENTREGA Y RETIRO EN POZO
3000810;PROVISION ANILLO R-45 N/P REF017
3000811;TIJERAS/PUNTO DEBIL ACTIVACION
3000812;INDUCCION / LATEROLOG (PROFUNDIDAD)
3000813;CROSS DIPOLO SHEAR PROSS. (CAR. BASICO)
3000814;T. ESPERA - UNIDAD DE REG. (FRANQ. 5 HS)
3000815;CLORURO DE SODIO
3000816;FRACTURA FM VACA MUERTA
3000817;PROVISION ANILLO R-24
3000818;CARRERA TREPANO 8 1/2 CONV LUMPSUM
3000819;SONICO REGISTRO DIPOLAR
3000820;COMIDA Y ALOJAMIENTO (DIA/PERSONA)
3000821;INDUCCION / LATEROLOG (REGISTRO)
3000822;CROSS DIPOLO SHEAR PROSSESING
3000823;11 02 PACKER TKR1 5 1/2 AH ALQ INDT
3000824;STAND BY EN LOCACION PEDIDO POR VISTA
3000825;DTM ENTRE POZOS MULTIPAD HASTA 10 KM
3000826;PROVISION ORIFICIOS 6 MM
3000827;PROVISION ANILLO R-31 N/P REF014
3000828;TRANSPORTE A LOCACION - IDA Y VUELTA
3000829;12 02 TAPON TPR1 5 1/2 AD ADIC P/H
3000830;12 04 TAPON TPR1 9 5/8 AD ADIC P/H
3000831;GUIA CON PDC RENTAL LUMP SUM
3000832;SISTEMA TDL 62%
3000833;ALQUILER CAJA PORTA ORIFICIO 10K
3000834;11 04 PACKER TKR1 9 5/8 AD ADIC P/H
3000835;31 00 UNI P/PCKER D BAS P/12HS-FR 3 3/4
3000836;SERVICO DE PERFILAJE POZO ENTUBADO
3000837;18 10 CSGSVR 5 1/2 Y 7 B 24H O FR S/OP
3000838;ALQUILER DIARIO BHA SUPERF
3000839;TRASLADO VACTOR AL AREA MEDANITO
3000840;15 02 TON TPR3 5 1/2 BAS P/12HS- FR
3000841;18 10 CSGSVR 5 1/2 Y 7 POR VALV 3'15KSI
3000842;18 11 TREE SAVER AO POR OP DATA FRAC
3000843;20 14 STINGERAM ADIC P/H NO INCLUYE OP.
3000844;TRASLADO VACTOR AL AREA ENTRE LOMAS
3000845;ACIDO CLORHIDRICO HCI AL 30%
3000846;COSTO POR SERVICIO CANCELADO EN LOCACION
3000847;12 02 TAPON TPR1 5 1/2 BAS P/12HS
3000848;12 02 TAPON TPR1 5 1/2 AB POR OP
3000849;12 04 TAPON TPR1 9 5/8 AE ALQ DIARIO
3000850;REP CONONOFF WL5 ½'X2 7/8'EUE PERF2.31'
3000851;26 00 TRANS POR HIDROGRUA P/ CGA Y DES
3000852;11 03 PACKER TKR1 7 AB POR OP OP.C
3000853;AGUA TRANSFERIDA DE 4000 A 5999 M3
3000854;LITRO ACUO - HUMECTANTE PI-20
3000855;PACKER MECANICO P-111 DE 5 ½'X2 7/8' EUE
3000856;DISCO DE RUPTURA DUAL 10 K 2-7/8' EUE
3000857;15 02 TAPON TPR3 5 1/2 AD ADIC P/H
3000858;LITRO DE AGUA FILTRADA Y DESMINERALIZADA
3000859;18 10 CSGSVR 5 1/2 Y7 P/KM IDA 30 KMIN
3000860;AGUA TRANSFERIDA DE 6000 A 7999 M3
3000861;AGUA TRANSFERIDA DE 2000 A 3999 M3
3000862;LITRO DISPERSANTE PARAFINAS Y ASFALTENOS
3000863;REPARACION ON-OFF 2 7/8'
3000864;HIDROGRUA PARA CAMION PLAYO HASTA 3 TON
3000865;CURVA VISCOSIDAD DINAMICA O CINEMATICA
3000866;H2S X BOMBA DRAGÜER (ANALISIS IN SITU)
3000867;15 02 TAPON TPR3 5 1/2 AB POR OP
3000868;TAPON EXPULSABLE DE 2 7/8' EUE
3000869;REP ANCLA TUBING AT-4 DE 5 ½'X2 7/8'EUE
3000870;SERVICIO DE PALETIZADO
3000871;AGUA TRANSFERIDA DE 8000 A 10000 M3
3000872;ALQUILER MENSUAL SAPEP Eq. 1 a 10
3000873;20 14 STINGERAB POR OP NO INCLUYE OPER.
3000874;DETERMINACION PARAFINAS
3000875;CURVA DESTILACION DE PETROLEO ASTM
3000876;ESTUDIO COMPATIBILIDAD DE AGUA RECUPERAC
3000877;AGUA TRANSFERIDA
3000878;CORTADOR QUIMICO POR PROFUNDIDAD
3000879;ADICIONALES PUNZADOS
3000880;DESHIDRATACION MUESTRA PETROLEO
3000881;CARACTERIZACION DE DEPOSITOS SOLIDOS (OR
3000882;SERVICIO DE LABORATORIO PARA FERIADOS
3000883;ANALISIS EMISIONES GASEOSAS
3000884;PRODUCTOS DE ELECTRICIDAD
3000885;OVERSHOT HIDRAULICO
3000886;RECAMBIO DE AISLADOR DE SUSPENSION
3000887;DETERMINACION CO2 'IN SITU'
3000888;EXTRACCION DE BARROS
3000889;PROFESIONAL JUNIOR - CAMPO
3000890;COSTO DE TRASLADO DE TODO EL EQUIPO
3000891;MATERIAL CHAPA A36
3000892;LB LINEA BASE BIODIVERSIDAD - 10 SITIOS
3000893;MANTENIMIENTO HORNO VERTICAL HRU
3000894;CONTROL DE INSECTOS - ALMACENES - MED
3000895;CONTROL DE INSECTOS - ARCHIVO
3000896;RECUPERACION DE VASTAGO DE 2DA ETAPA
3000897;SERVICIO TECNICO COMUNICACIONES
3000898;CARGO DIARIO - SSV 3 1/16 10KPSI
3000899;ENSAYO DE POZOS - WELL TESTING
3000900;DESVINCULACION DE RECONECTADOTES
3000901;LOCACION POZO PEL.RN.EM-2003
3000902;LOCACION POZO PEL.RN.TA-2006D
3000903;LOCACION POZO PEL.RN.TA.A-2007
3000904;INSPECCION TECNICA EN FABRICA
3000905;AGUA TRANSFERIDA MENOS 2000 M3
3000906;MOVILIZACION FLUSH BY
3000907;CAMBIO RESORTE PARA VASTAGO
3000908;CONSTRUCCION DE BODEGA TIPO 1 (CMED)
3000909;ANALISIS COMPLETO DE AGUA PARA CONTROL M
3000910;CUANTIFICACION SOLIDOS RETENIDOS SOBRE M
3000911;ARENADO Y PINTADO EXTINTOR CO2 X 10 KG
3000912;ANIMACIONES 2 HORAS DE ELABORACION
3000913;PROVISION Y COLOCACION ANTENA GPS VL
3000914;CAMBIO RUEDA PARA CARRO EXTINTOR DE CO2
3000915;SERVICIO DE GAMMAGRAFIA ROLL PACK
3000916;REPARACION DE CONVERTIDOR I/P FOXBORO
3000917;ASISTENCIA PROGRAMADA ENTRE LOMAS
3000918;HOSPEDAJE MEDANITOS-RIO NEGRO (CATRIEL)
3000919;MOVIMIENTO DE EQUIPO
3000920;CONTROL DE INSECTOS - SUM
3000921;SERVICIO MOZO
3000922;PINTURA PANOS DOBLES CAMIONETA
3000923;ASISTENCIA DE PERSONAL DE RELEVO
3000924;SERVICIOS TECNICOS - TECNICO NOVATIUM
3000925;COFEE TIPO 2
3000926;CADETERIA PARQUE INDUSTRIAL
3000927;DRNADA DE SOLDADURA - 8 HORAS
3000928;TRANSPORTE DE CRUDO CAN
3000929;TRANSPORTE DE CRUDO MED
3000930;TRANSPORTE DE CRUDO BDP
3000931;TRANSPORTE DE CRUDO AAA
3000932;TRANSPORTE DE CRUDO ENTRE LOMAS NQN
3000933;TRANSPORTE DE CRUDO ENTRE LOMAS RN
3000934;KM VEHICULO PARA AUXILIO
3000935;CHAPA PANOS SIMPLES CAMIONETA
3000936;PROVISION DE CABLE DE 4 MM HMW600V
3000937;VIATICOS Y MOVILIDAD CUENCA NEUQUINA
3000938;MOVIMIENTO DE CAJAS NORMALES
3000939;EXPENSAS COCHERA CUBO
3000940;RECTIFICADO DE CAMPANAS DE FRENOS
3000941;MOVILIZACION DE EQUPOS VARIOS
3000942;TRANSPORTE DE CRUDO ENTRE LOMAS RN - 1
3000943;MESA DE AYUDA
3000944;SIMA - TOPADORA CHICA
3000945;INSTALACION DE TRAILER FUERA DTM
3000946;TRANSPORTE DE RESIDUOS CON HIDROCARBUROS
3000947;AUDITORIA AMBIENTAL PLANTA PTC (6 TK´S)
3000948;PROYECTO
3000949;DIA ADICIONAL
3000950;LOCACION POZO PEL.RN.TA-2005
3000951;CONSTRUCCION DE BERMA PERIMETRAL
3000952;PRODUCTOS DE REFRIGERIO
3000953;CAMBIO TOBERA PARA EXTINTOR DE CO2
3000954;TRANSPORTE DE CRUDO AAA - 1
3000955;DIA DE SERVICIO TECNICO
3000956;DIA DE SERVICIO INGENIERIA
3000957;DIAGNOSTICO Y FEEDBACK
3000958;ADMINISTRACION DE BASE DE DATOS - DBA
3000959;ALTO IMPACTO 3 MM (SIN DECORAR)
3000960;CAJA COMPLETA
3000961;VIAJE DE CONSULTA NORMAL- ZONA A
3000962;ALQUILER DISPENSER AGUA
3000963;ALMACENAJE
3000964;TRANSPORTE DE CRUDO CAN - 1
3000965;ACONDICIONAMIENTO RECINTOS TRATAMIENTO
3000966;REPARACION DE PLACA CPU (34063)
3000967;TRANSPORTE DE CRUDO JM
3000968;20 13 SET TOOL ADIC P/H NO INCLUYE OPER
3000969;SERVICIO CAFETERIA POR PERSONA
3000970;HORAS EXTRAS AL 100%
3000971;ACTUALIZACION SOFTWARE
3000972;ORINA COMPLETA
3000973;ALMUERZOS/VIANDAS PARA EVENTOS
3000974;TRANSPORTE DE CRUDO BDP - 1
3000975;TRANSPORTE DE CRUDO JM - 1
3000976;SERVICIO DE AUDITORIA SGI
3000977;13 03 STR PACKER 7 AB POR OP OP.C
3000978;13 03 STR PACKER 7 AD ADIC P/H OP.C
3000979;VEHICULO PROPIO POR KM
3000980;TRANSPORTE DE CRUDO ENTRE LOMAS NQN - 1
3000981;TEST BTSA
3000982;REP PACKER MEC P-111 DE 5 ½'X2 7/8' EUE
3000983;REPCONECTORONOFF5½'X2 7/8'EUEPERFVF2.31'
3000984;SERVICIO LOCAL -200 KM CHASIS (8 TN)
3000985;DETERMINACION VISCOSIDAD DINAMICA (CPS)
3000986;CROMATOGRAFIA GASEOSA C8+
3000987;PROVISION CONECTOR COAXIAL PARA RG213
3000988;REEMPLAZAR RELAY
3000989;RECUPERACION DE VASTAGO DE 1RA ETAPA
3000990;TRASLADO CUENCA NEUQUINA
3000991;CONTROL DE ROEDORES - QUINCHO CATRIEL
3000992;PROVISION ACCESORIOS DE COMPUTACION
3000993;MEDIO OFICIAL ALBAÑIL
3000994;LAVADO COMPLETO AUTOS
3000995;SUPERVISOR MEDIO AMBIENTE
3000996;RETROEXCAVADORA GRANDE EVENTUAL
3000997;RECUPERADOR 9 MTS DRNADA ON CALL 24 HS
3000998;LOCACION POZO PEL.RN.EM-2001
3000999;SERVICIO DE ESCANEO TAMANO A1
3001000;DESMOVILIZACION FLUSH BY
3001001;COLOCACION DE FUSIBLE
3001002;RECONOCIMIENTO DE RETROACTIVOS
3001003;SERVICIO DE LUNCH
3001004;TELEFONIA CELULAR AREA SIN IVA
3001005;HONORARIOS DIRECTORIO
3001006;TRANSPORTE DE CRUDO MED - 1
3001007;TEAM COACHING CON EL EQUIPO 1 DIA
3001008;TRANSPORTE EN EXCESO 30 KM
3001009;DTM 6 A 10 KM
3001010;PROVISION DE LODO POZO TIPO 2150 MTS
3001011;TARIFA REPOSICION 1 DP 4'
3001012;ROLLO TEFLON Ø 3/4' X 20 M
3001013;COPA PISTONEO BJ 2 7/8'
3001014;CAMBIO DE CANERIA EN COILED TUBING
3001015;TARIFA TERMINACION ANTICIPADA
3001016;KM ADICIONAL
3001017;TARIFA REPOSICION 1 HWDP 4'
3001018;DESPARAFINACION OPERACION SIMULTANEA
3001019;DESPARAFINACION ASIST EQ DE TORRE ESPERA
3001020;LODO EMULSION INVERSA  11 = MW < 13.5 
3001021;CONSULTA URGENTE EVENTUAL
3001022;EXPURGO
3001023;ELEMENTOS PARA ENTUBACION CANERIA 2 7/8'
3001024;KM ADICIONAL MAYOR A 65 KM
3001025;COSTO DE TAPON DE DESVIO HOYO PILOTO
3001026;BOP DOBLE, 7 1/16' X 10.000 PSI
3001027;PROVISION ANILLO RX-27 N/P REF013
3001028;TARIFA DIARIA TUBING DRILLING 3 ½'
3001029;DRILL - DRIFTS
3001030;DRILL - DQ 1000
3001031;DRILL - GEOMECANICA EN TIEMPO REAL
3001032;CONSULTA NORMAL EVENTUAL
3001033;PROVISION ANILLO R-57 N/P REF022
3001034;CHOKE MANIFOLD 2 1/16' X 10000 PSI
3001035;ELEMENTOS KILL LINE (INCLUYE LINEAS)
3001036;USINA (VOLVO TAD 1241 GE) 354 KW
3001037;CABEZA ROTATIVA 3,5
3001038;HW 3 1/2'
3001039;ALQUILER BARRAS 14 PM 4 ¾
3001040;LATA DE GRASA GGT-RSC-HT
3001041;EXCESO DE KM
3001042;MOVIMIENTO DE PROD. QUIMICOS - LA PAMPA
3001043;DTM 11 A 30 KM
3001044;TARIFA REPOSICION 1 DC 6 1/2'
3001045;TARIFA REPOSICION 1 DP 5'
3001046;TARIFA DE SKIDING
3001047;TARIFA ESPERA SIN PERSONAL
3001048;DTM 0 A 5 KM
3001049;TARIFA REPOSICION 1 DC 4 3/4'
3001050;TARIFA REPOSICION 1 HWDP 5'
3001051;DRILL - GEOMECANICA PREDRILL
3001052;DESMOVILIZACION FINAL
3001053;SUSTITUTO CONEXION NC38
3001054;REPARACION DE CONEXIONES XT-39 / HT-38
3001055;SERVICIO TECNICO NORMAL N/P SC-0058
3001056;COMPLETACION TAPON SOLUBLES
3001057;COMPLETACION FLUIDOS COILED TUBING
3001058;RECONOCIMIENTO SALARIAL DOSIFICACION
3001059;FLUIDO DE FRACTURA GEL XL-(25L)
3001060;MOVILIZACION/DESMOVILIZAICON BOP
3001061;PROVISION ANILLO BX-155 N/P REF026
3001062;BOP ANULAR 7 1/16' X 5000 PSI
3001063;ACUMULADOR CON PANEL DE CONTROL
3001064;DRILL - GEOMECANICA REPORTE FINAL
3001065;DRILL - CALCIMETRIA POR MUESTRA
3001066;WELL PLACEMENT SUPPORT
3001067;DRILL - MEDIDAS ADICIONALES DE PRESION
3001068;NITROGENO
3001069;WIRELINE - CORTADOR PACKER E-CUTER
3001070;WIRELINE - SERVICIO MICROSISMICA
3001071;HERRAMIENTAS DE CT - 4
3001072;HERRAMIENTAS DE CT - 6
3001073;TAPON COPPERHEAD 5IN
3001074;GRUA ADICIONAL 50 TN
3001075;LUMP SUM DE CARGO DE CORRIDA
3001076;TARIFA REPARACION (20 HS. MENSUALES)
3001077;PM 4 3/4'
3001078;ADICIONALES DE FRACTURA
3001079;ACCESORIOS Y MATERIALES
3001080;PROVISION ANILLO R-35
3001081;PRODUCTOS QUIMCIOS
3001082;BOP DOBLE 7 1/16' X 10000 PSI
3001083;ALQUILER BARRAS 6 HW 3 ½'
3001084;FLUIDOS DE FRACTURA
3001085;COMPLETACION OPERACIONES COILED TUBING
3001086;COILED TUBING 2' - DESMOVILIZACION
3001087;COILED TUBING 2 3/8' - MOVILIZACION
3001088;HERRAMIENTAS DE CT - 5
3001089;HERRAMIENTAS DE CT - 9
3001090;ESPERA LOCACION SIN PERSONAL
3001091;QUARTZ SENSOR
3001092;ADICIONALES - FLUIDOS DE FRACTURA
3001093;FLUIDO DE FRACTURA GEL XL-(30L)
3001094;COILED TUBING 2' - LIMPIEZA DE ARENAS
3001095;HERRAMIENTAS DE CT - 3
3001096;HERRAMIENTAS DE CT - 7
3001097;SET DE FRACTURA - CARGO POR DFIT
3001098;SAND PUMP. CARGO ADICIONAL POR CARRERA
3001099;BICARBONATO DE SODIO
3001100;FRACTURA FM QUINTUCO (100 A 300 BOLSAS)
3001101;ROMPEDOR
3001102;12 01 TAPON TPR1 4 1/2 BAS P/12HS
3001103;12 01 TAPON TPR1 4 1/2 AI ALQ INDT PESC
3001104;PROVISION ANILLO RX-24 N/P REF011
3001105;PROVISION ANILLO R-54 N/P REF021
3001106;PROVISION ANILLO BX-154 N/P REF025
3001107;ALQUILER BARRAS 337 3 ½'
3001108;CARGOS ADICIONALES CRANE<30TN, PER DAY
3001109;GAS OIL
3001110;CRANE PER UNIT PER KM
3001111;CBL-DT CARGO POR REGISTRO CBL
3001112;11 01 PACKER TKR1 5 AE ALQUILER DIARIO
3001113;11 01 PACKER TKR1 5 AG P/CARR S/RES
3001114;12 01 TAPON TPR1 5 AD ADIC P/H
3001115;12 01 TAPON TPR1 5 AI ALQ INDETERM PESC
3001116;12 03 TAPON TPR1 7 AA BAS P/ 12 HS O FR
3001117;11 04 PACKER TKR1 9 5/8 ALQ TEMP MENS
3001118;11 04 PACKER TKR1 9 5/8 AG P/CARR S/RES
3001119;11 04 PACKER TKR1 9 5/8 AH ALQ INDT
3001120;ASISTENCIA CAMION CISTERNACON AGUA
3001121;SODA CAUSTICA
3001122;SERVICIO DE FRACTURA POR ETAPA
3001123;INHIBIDOR DE ARCILLA
3001124;11 01 PACKER TKR1 5 AB POR OP
3001125;11 01 PACKER TKR1 5 AF ALQ TEMP MENS
3001126;12 01 TAPON TPR1 5 AA BAS P/ 12 HS O FR
3001127;12 01 TAPON TPR1 5 AE ALQUILER DIARIO
3001128;HIPOCLORITO DE SODIO
3001129;COILED TUBING 2'  - MOVILIZACION
3001130;CARRERA WL PARA SETEO TAPON RECUPERABLE
3001131;RENTA TAPON 5 PULGADAS SIM ULTRA PLUG
3001132;SERVICIO DE TESTING STAND BY
3001133;POWER TONG - OPCIONALES CASING DRILLING
3001134;RENTALS - OPCIONALES CASING DRILLING
3001135;11 01 PACKER TKR1 4 1/2 AD ADIC P/H
3001136;12 01 TAPON TPR1 4 1/2 AG P/CARR S/RES
3001137;12 01 TAPON TPR1 4 1/2 AH ALQ INDETERM
3001138;11 01 PACKER TKR1 5 BAS P/ 12 HS O FR
3001139;11 01 PACKER TKR1 5 AD ADIC P/H
3001140;12 01 TAPON TPR1 5 AF ALQ TEMP MENS
3001141;12 01 TAPON TPR1 5 AG P/CARR SIN RESULT
3001142;12 01 TAPON TPR1 5 AH ALQ INDETERM
3001143;CARRETEL 7 1/16' X 10000 PSI
3001144;11 02 PACKER TKR1 5 1/2 BAS P/12HS- FR
3001145;12 02 TAPON TPR1 5 1/2 AF ALQ TEMP MENS
3001146;12 02 TAPON TPR1 5 1/2 AG P/CARR S/RES
3001147;11 03 PACKER TKR1 7 AD ADIC P/H
3001148;11 03 PACKER TKR1 7 AF ALQ TEMP MENS
3001149;12 03 TAPON TPR1 7 AB POR OP
3001150;12 03 TAPON TPR1 7 AG P/CARR SIN RESULT
3001151;12 03 TAPON TPR1 7 AI ALQ INDETERM PESC
3001152;12 04 TAPON TPR1 9 5/8 AG P/CARR S/RES
3001153;11 05 PCKER TKR1 13 3/8 BAS P/12HS- FR
3001154;11 05 PACKER TKR1 13 3/8 AH ALQ INDT
3001155;12 05 TAPON TPR1 13 3/8 AE ALQ DIARIO
3001156;33 00 RED BO 6 HS O FRACC 7 A 9
3001157;13 02 STR PACKER 5 1/2 AH ALQ INDETERM
3001158;14 02 PACKER TKR2 5 1/2 AD ADIC P/H
3001159;14 03 PACKER TKR2 7 BAS P/ 12 HS O FR
3001160;11 02 PACKER TKR1 5 1/2 ALQ TEMP MENS
3001161;12 02 TAPON TPR1 5 1/2 AH ALQ INDETERM
3001162;11 03 PACKER TKR1 7 AE ALQUILER DIARIO
3001163;12 04 TAPON TPR1 9 5/8 AI ALQ INDT PESC
3001164;11 05 PACKER TKR1 13 3/8 AD ADIC P/H
3001165;11 05 PCKER TKR1 13 3/8 P/CR SIN RESULT
3001166;12 05 TAPON TPR1 13 3/8 ALQ INDT PESC
3001167;33 00 RED BM 6 HS O FRACC HASTA 5
3001168;CBL-DT CARGO POR PROFUNDIDAD
3001169;CBL-DT CARGO POR REGISTRO DT
3001170;CARGOS ADICIONALES PROCESAMIENTO RMT
3001171;MOVILIZACION / DESMOVILIZACION DE BARRAS
3001172;COMPLETACION DESMOVILIZACION
3001173;COMPLETACION KICKSTAR
3001174;WIRELINE - PERFIL MULTIFINGER CALIPER
3001175;WIRELINE - TRACTOR CONVEYANCE
3001176;11 04 PACKER TKR1 9 5/8 BAS P/12HS- FR
3001177;11 04 PACKER TKR1 9 5/8 AB POR OP
3001178;11 04 PACKER TKR1 9 5/8 AE ALQ DIARIO
3001179;12 04 TAPON TPR1 9 5/8 AB POR OP
3001180;11 05 PACKER TKR1 13 3/8 AB POR OP
3001181;12 05 TAPON TPR1 13 3/8 BAS P/12HS
3001182;13 02 STR PACKER 5 AG P/CARR SIN RESULT
3001183;13 02 STR PACKER 5 AH ALQ INDETERM
3001184;CARGOS ADICIONALES CRANE>30TN, PER DAY
3001185;REUBICACION DE LINEAS
3001186;EQUIPO CISTERNA 35M3 - DIA STAND BY
3001187;IN 700 INHIBIDOR CORROSION ACIDOS
3001188;ADICIONAL HS POR EXCESO HS OPERACION
3001189;13 02 STR PACKER 5 1/2 9 BAS P/12HS- FR
3001190;13 02 STR PACKER 5 1/2 AB POR OP
3001191;13 02 STR PACKER 5 1/2 AD ADIC P/H
3001192;13 02 STR PACKER 5 1/2 AE ALQ DIARIO
3001193;13 03 STR PACKER 7 AE ALQUILER DIARIO
3001194;13 03 STR PACKER 7 AG P/CARR SIN RESULT
3001195;13 03 STR PACKER 7 AH ALQ INDETERM
3001196;14 03 PACKER TKR2 7 AD ADIC P/H
3001197;HERRAMIENTAS DE CT - 1
3001198;HERRAMIENTAS DE CT - 8
3001199;SERVICIO DE TESTING EN OPERACION
3001200;14 03 PACKER TKR2 7 AE ALQUILER DIARIO
3001201;15 02 TAPON TPR3 5 1/2 AF ALQ TEMP MENS
3001202;15 02 TAPON TPR3 5 1/2 AG P/CARR S/RES
3001203;15 03 TAPON TPR3 7 AD ADIC P/H
3001204;18 11 TREE SVR AN BAS POR 24H O FR S/OP
3001205;18 11 TREE SVR AS – P/DANO TOT O REPOS
3001206;22 02 PACKER TKR3-TKR5 5 1/2 AB POR OP
3001207;22 03 PACKER TKR3/TKR5 7 AB POR OP
3001208;23 01 TON TPR2 23/8 AD ADIC P/H S/OPER
3001209;13 03 STR PACKER 7 AF ALQ TEMP MENS
3001210;14 02 PACKER TKR2 5 1/2 BAS P/12HS- FR
3001211;14 03 PACKER TKR2 7 AH ALQ INDETERM
3001212;15 02 TAPON TPR3 5 1/2 AH ALQ INDETERM
3001213;15 03 TAPON TPR3 7 AB POR OP
3001214;15 03 TAPON TPR3 7 AD ADIC P/H
3001215;15 03 TAPON TPR3 7 AI ALQ INDETERM PESC
3001216;18 10 CSG SVR 5 1/2 Y 7 POR OP CANC
3001217;CAMION DE TRANSPORTE AUXILIAR
3001218;EQUIPO CISTERNA 35 M3 - DIA 12HS ON CALL
3001219;23 01 TON TPR2 27/8 BAS P/12HS-FR S/OP
3001220;23 01 TON TPR2 27/8 AD ADIC P/H S/OPER
3001221;23 04 TON TPR2 3 1/2 BAS P/12HS-FR S/OP
3001222;23 04 TAPON TPR2 3 1/2 AE ALQ DIARIO
3001223;23 02 TAPON TPR2 4 1/2 AI ALQ INDT PESC
3001224;23 03 TAPON TPR2 7 AF ALQ TEMP MENS
3001225;23 03 TAPON TPR2 7 AI ALQ INDETERM PESC
3001226;35 01 TAPON TPW2 41/2 5 ALQ TEMP MENS
3001227;35 01 TON TPW4 41/2 5 BAS P/12H-FR S/OP
3001228;14 03 PACKER TKR2 7 AB POR OP
3001229;18 11 TREE SAVER AQ P/KM IDA 30 KM MIN
3001230;22 02 PACKER TKR3-TKR5 5 1/2 AE ALQ DIA
3001231;22 03 PACKER TKR3/TKR5 7 ALQ TEMP MENS
3001232;23 01 TAPON TPR2 27/8 AB POR OP
3001233;18 11 TREE SAVER AP POR OP CANCELADA
3001234;36 00 ROTTUB STR BAS P/P 6H O FR S/OP
3001235;22 02 PCKER TKR3/5 5 1/2 P/24H FR S/OP
3001236;22 02 PCKER TKR3-R5 5 1/2 ALQ INDETERM
3001237;22 03 PCKER TKR3/R5 7 P/24H O FR S OP
3001238;22 03 PCKER TKR3/TKR5 7 ADIC P/H S/OPER
3001239;22 03 PACKER TKR3/TKR5 7 AH ALQ INDT
3001240;23 01 TON TPR2 23/8 BAS P/12HS- FR S/OP
3001241;26 01 CAS OP ADICI P/DIA TRAILER EN LOC
3001242;12 01 TAPON TPR1 4 1/2 AB POR OP OP.C
3001243;11 03 PACKER TKR1 7 BAS 12 HS O FR OP.C
3001244;11 04 PACKER TKR1 9 5/8 BAS 12HS OP.C
3001245;14 02 PACKER TKR2 5 1/2 AD ADIC P/H OP.C
3001246;14 03 PACKER TKR2 7 BAS 12 HS OP.C
3001247;15 02 TAPON TPR3 5 1/2 AD ADIC P/H OP.C
3001248;15 03 TAPON TPR3 7 AB POR OP OP.C
3001249;15 03 TAPON TPR3 7 AD ADIC P/H OP.C
3001250;23 01 TON TPR2 27/8 BAS 12HSFR S/OP OP.C
3001251;23 01 TAPON TPR2 27/8 AB POR OP OP.C
3001252;TAPON RETENEDOR DE CEMENTO PCR DE 4 ½'
3001253;CONONOFF WL5 ½'X2 7/8'EUE PERFILVF2.31'
3001254;CONECTORONOFF5 ½'X2 7/8'EUEPERFILVF2.31'
3001255;COMPLETACION CBL & SETEO DE HERRAMIENTA
3001256;COILED TUBING - GEL LINEAL
3001257;WIRELINE - MOVILIZACION MICROSISMICA
3001258;HERRAMIENTAS DE CT - 2
3001259;PRODUCTOS DE MERCHANDISING CORPORATIVO
3001260;SENSORES ADICIONALES
3001261;T. ESPERA - UNIDAD DE REG. PRIM. 24 HS
3001262;CAMION DE PERFILAJE
3001263;CAMIONETA
3001264;AGUA FILTRADA Y DESMINERALIZADA
3001265;BOMBEO DE POZO (DRNADA DE 8HS)
3001266;CLORURO DE CALCIO
3001267;ESTIMULACION ACIDA
3001268;INHIBIDOR DE CORROSION
3001269;FLUIDOS DE FRACTURA GEL LINEAL
3001270;BACTERICIDA
3001271;11 01 PACKER TKR1 4 1/2 BAS P/12HS- FR
3001272;12 01 TAPON TPR1 5 AB POR OP
3001273;11 02 PACKER TKR1 5 1/2 AD ADIC P/H
3001274;12 03 TAPON TPR1 7 AD ADIC P/H
3001275;12 03 TAPON TPR1 7 AH ALQ INDETERM
3001276;11 05 PACKER TKR1 13 3/8 AE ALQ DIARIO
3001277;12 05 TAPON TPR1 13 3/8 AD ADIC P/H
3001278;12 05 TAPON TPR1 13 3/8 AG P/CARR S/RES
3001279;23 01 TAPON TPR2 27/8 AF ALQ TEMP MENS
3001280;23 04 TON TPR2 3 1/2 AD ADIC P/H S/OPER
3001281;23 04 TAPON TPR2 3 1/2 AI ALQ INDT PESC
3001282;35 01 TON TPW2 41/2 5 BAS P/12H-FR S/OP
3001283;35 01 TON TPW2 41/2 5 AD ADIC P/H S/OP
3001284;35 01 TAPON TPW4 41/2 5 ALQ TEMP MENS
3001285;27 00 BB CARRERA POR CAMBIO PROGRAMA
3001286;12 01 TAPON TPR1 4 1/2 BAS 12HS OP.C
3001287;11 01 PACKER TKR1 5 AB POR OP OP.C
3001288;23 01 TAPON TPR2 27/8 AG P/CARR S/RES
3001289;23 02 TAPON TPR2 4 1/2 AG P/CARR S/RES
3001290;23 02 TAPON TPR2 4 1/2 AH ALQ INDETERM
3001291;23 02 TAPON TPR2 5 1/2 AE ALQ DIARIO
3001292;23 02 TAPON TPR2 5 1/2 AF ALQ TEMP MENS
3001293;23 03 TAPON TPR2 7 AB POR OP
3001294;23 03 TAPON TPR2 7 AH ALQ INDETERM
3001295;35 01 TAPON TPW2 41/2 5 AH ALQ INDT
3001296;35 01 TAPON TPW2 41/2 5 ALQ INDT PESC
3001297;ROMPEDOR ENCAPSULADO
3001298;11 01 PACKER TKR1 4 1/2 AB POR OP
3001299;11 01 PACKER TKR1 4 1/2 ALQ TEMP MENS
3001300;12 01 TAPON TPR1 4 1/2 AB POR OP
3001301;12 01 TAPON TPR1 4 1/2 AE ALQ DIARIO
3001302;12 01 TAPON TPR1 4 1/2 AF ALQ TEMP MENS
3001303;11 02 PACKER TKR1 5 1/2 AE ALQ DIARIO
3001304;12 02 TAPON TPR1 5 1/2 AI ALQ INDT PESC
3001305;11 03 PACKER TKR1 7 BAS P/ 12 HS O FR
3001306;DISPOSITIVO DE LLENADO 2 3/8' EUE STD
3001307;DISPOSITIVO DE LLENADO 2 7/8' EUE STD
3001308;JABALINA 3.0 MTS
3001309;NIPLE ASIENTO WX 2.31' 2-7/8' EUE
3001310;NIPLE ASIENTO WXN 2.31' 2-7/8' EUE
3001311;SERVICIO DE TRANSPORTE 25 TN VACIO
3001312;35 01 TON TPW4 41/2 5 ADIC P/H S/OPER
3001313;35 01 TAPON TPW4 41/2 5 AE ALQ DIARIO
3001314;26 00 TRANS P/KM CAM HASTA 3500 KG IDA
3001315;26 00 TRANS P/KM CAM HASTA 10TON IDA
3001316;26 01 CAS OP MENS TRAILER OP EN LOC
3001317;27 00 BC POR TIEMPO ESP P/HR > 8 HRS
3001318;11 01 PACKER TKR1 4 1/2 AB POR OP OP.C
3001319;11 01 PACKER TKR1 4 1/2 AD ADIC P/H OPC
3001320;12 01 TAPON TPR1 5 AB POR OP OP.C
3001321;12 03 TAPON TPR1 7 AB POR OP OP.C
3001322;11 04 PACKER TKR1 9 5/8 AB POR OP OP.C
3001323;12 04 TAPON TPR1 9 5/8 AB POR OP OP.C
3001324;12 04 TAPON TPR1 9 5/8 AD ADIC P/H OP.C
3001325;11 05 PACKER TKR1 13 3/8 AB POR OP OP.C
3001326;14 03 PACKER TKR2 7 AD ADIC P/H OP.C
3001327;22 02 PCKER TKR3/5 5 1/2 24H S/OP OP.C
3001328;METAJE Y DESMETAJE
3001329;22 02 PACKER TKR3TKR5 5 1/2 AB P/OP OP.C
3001330;23 03 TAPON TPR2 7 AD ADIC P/H S/OP OP.C
3001331;NIPLE ASIENTO WX 1.87' 2-3/8' EUE
3001332;VIAJE EN CAMION SEMI CON FM EN 2
3001333;VIAJE CARRETON NORMAL (3X3.5X12)
3001334;13 02 STR PACKER 5 AB POR OP
3001335;13 02 STR PACKER 5 AD ADIC P/H
3001336;13 03 STR PACKER 7 AB POR OP
3001337;31 00 UNI P/PCKER D BAS P/12HS-FR 3 1/8
3001338;31 00 UNI P/PCKER D BAS P/12H FR 4 3/4
3001339;14 02 PACKER TKR2 5 1/2 AG P/CARR S/RES
3001340;14 03 PACKER TKR2 7 AG P/CARR S/RES
3001341;15 03 TAPON TPR3 7 AA BAS P/ 12 HS O FR
3001342;ARMADO DE BOMBA SRBN110-2
3001343;ESTATOR REEMPLAZO 3 1/2'
3001344;INTENSIFICADOR 2 7/8'
3001345;TAPON ROTABLE COMPOSITE 4.5' 9.5'-13.5'
3001346;ACIDO CITRICO
3001347;CLORURO DE POTASIO
3001348;FIBRA
3001349;11 01 PACKER TKR1 4 1/2 AE ALQ DIARIO
3001350;11 01 PACKER TKR1 4 1/2 AG P/CARR S/RES
3001351;11 01 PACKER TKR1 4 1/2 AH ALQ INDETER
3001352;12 01 TAPON TPR1 4 1/2 AD ADIC P/H
3001353;11 01 PACKER TKR1 5 AH ALQ INDETERM
3001354;15 03 TAPON TPR3 7 AG P/CARR SIN RESULT
3001355;18 10 CSG SVR 5 1/2 Y 7 – P/DANO-REPOS
3001356;18 11 TREE SVR POR VALVULA 3' X 15KSI
3001357;22 02 PCKER TKR3-R5 5 1/2 ADIC P/H S/OP
3001358;22 02 PCKER TKR3-R5 5 1/2 ALQ TEMP MENS
3001359;23 01 TAPON TPR2 23/8 AI ALQ INDT PESC
3001360;23 01 TAPON TPR2 27/8 AI ALQ INDT PESC
3001361;23 04 TAPON TPR2 3 1/2 AB POR OP
3001362;DESCONSOLIDADO CONTENEDOR C/AUTOELEVADOR
3001363;11 02 PACKER TKR1 5 1/2 AB POR OP
3001364;11 02 PACKER TKR1 5 1/2 AG P/CARR S/RES
3001365;12 02 TAPON TPR1 5 1/2 AE ALQ DIARIO
3001366;11 03 PACKER TKR1 7 AH ALQ INDETERM
3001367;12 03 TAPON TPR1 7 AE ALQUILER DIARIO
3001368;12 04 TAPON TPR1 9 5/8 AH ALQ INDETERM
3001369;12 05 TAPON TPR1 13 3/8 AB POR OP
3001370;12 05 TAPON TPR1 13 3/8 AH ALQ INDT
3001371;13 02 STR PACKER 5 AA BAS P/ 12 HS O FR
3001372;ON-OFF PERFORATOR-PUNZADOR ABRASIVO
3001373;ESTATOR REEMPLAZO 2 7/8'
3001374;PUNTO DE INFLACION PETROLEO DESHIDRATADO
3001375;% AGUA KARL POR TRAMPA
3001376;11 01 PACKER TKR1 5 BAS 12 HS O FR OP.C
3001377;12 01 TAPON TPR1 5 AA BAS 12HS OP.C
3001378;11 03 PACKER TKR1 7 AD ADIC P/H OP.C
3001379;12 05 TAPON TPR1 13 3/8 AD ADIC P/H OP.C
3001380;14 02 PACKER TKR2 5 1/2 BAS 12HS OP.C
3001381;14 02 PACKER TKR2 5 1/2 AB POR OP OP.C
3001382;15 02 TAPON TPR3 5 1/2 AB POR OP OP.C
3001383;15 03 TAPON TPR3 7 AA BAS 12 HS OP.C
3001384;23 04 TAPON TPR2 3 1/2 AB POR OP OP.C
3001385;13 02 STR PACKER 5 AE ALQUILER DIARIO
3001386;13 02 STR PACKER 5 AF ALQ TEMP MENS
3001387;13 02 STR PACKER 5 1/2 AG P/CARR S/RES
3001388;14 02 PACKER TKR2 5 1/2 AB POR OP
3001389;14 02 PACKER TKR2 5 1/2 AE ALQ DIARIO
3001390;14 02 PACKER TKR2 5 1/2 ALQ TEMP MENS
3001391;14 03 PACKER TKR2 7 AF ALQ TEMP MENS
3001392;15 02 TAPON TPR3 5 1/2 AE ALQ DIARIO
3001393;23 02 TON TPR2 4 1/2 AD ADIC P/H S/OPER
3001394;23 02 TAPON TPR2 4 1/2 AE ALQ DIARIO
3001395;23 02 TAPON TPR2 5 1/2 AI ALQ INDT PESC
3001396;23 03 TAPON TPR2 7 AD ADIC P/H SIN OPER
3001397;35 01 TON TPW4 41/2 5 ALQ TMP/MENS PESC
3001398;26 00 TRANS P/KM CAM HASTA 20TON IDA
3001399;12 03 TAPON TPR1 7 AA BAS 12 HS OP.C
3001400;11 04 PACKER TKR1 9 5/8 AD ADIC P/H OP.C
3001401;ECODINAMOMETRIA - MOVIL ADICIONAL
3001402;TAPADO DE EXCAVACIÓN CON MOTONIVELADORA
3001403;CRUCES DE LINEAS AEREAS
3001404;23 03 TAPON TPR2 7 AB POR OP OP.C
3001405;ANCLA DE TUBING AT-4 DE 7' X 2 7/8' EUE
3001406;PACKER ARROWSET I-X WLS5 1/2'X2 7/8'EUE
3001407;HERRAMIENTAS CHC - MENORES
3001408;15 02 TAPON TPR3 5 1/2 AI ALQ INDT PESC
3001409;15 03 TAPON TPR3 7 AF ALQ TEMP MENS
3001410;36 00 ROT TUB STRIP P/ROT P/HR MIN 4 HR
3001411;22 02 PCKER TKR3-R5 5 1/2 P/CR SIN RES
3001412;22 03 PCKER TKR3/TKR5 7 P/CR SIN RESULT
3001413;23 01 TAPON TPR2 23/8 AB POR OP
3001414;23 01 TAPON TPR2 23/8 AE ALQ DIARIO
3001415;12 04 TON TPR1 9 5/8 BAS 12HS FR OP.C
3001416;11 05 PCKER TKR1 13 3/8 BAS 12HS OP.C
3001417;12 05 TAPON TPR1 13 3/8 AB POR OP OP.C
3001418;13 02 STR PACKER 5 AB POR OP OP.C
3001419;14 03 PACKER TKR2 7 AB POR OP OP.C
3001420;15 02 TON TPR3 5 1/2 BAS 12HS FR OP.C
3001421;23 01 TON TPR2 23/8 AD ADIC P/H S/O OPC
3001422;PACKER MECANICO P-111 DE 7' X 2 7/8' EUE
3001423;ANCLA TUBING HIDRAULI ATH-I 7'X2 7/8'EUE
3001424;TRATAMIENTO PUNZADO - PRINCIPAL PI-30
3001425;UNIDAD DE TRANSPORTE CAMION PLAYO
3001426;CURVA VISCOSIDAD SAYBOLT UNIVERSAL - 4
3001427;REP PACKER MEC P-111 DE 7' X 2 7/8' EUE
3001428;KM DE UNIDAD PESADA (IDA UNICAMENTE)
3001429;DESCONSOLIDADO MANUAL
3001430;TAPON ROTABLE COMPOSITE 5,5' 13'-20'
3001431;CALCULO INDICE ESTABILIDAD X STIFF & DAV
3001432;CALCULO INDICE ESTABILIDAD X ODO & TOMP
3001433;DETERMINACION TSS SOBRE MEMBRANA MILLIPO
3001434;ANALISIS SOLIDOS EN PARAFINAS
3001435;DETERMINACION O2 'IN SITU'
3001436;DETRMINACION DE COMPUESTOS AROMATICOS EN
3001437;RESIDUAL DE INHIB.DE INCRUST EN AG-B FOS
3001438;MUESTRA SUELO COMPLETA
3001439;DESVINCULACION DE LINEAS AEREAS
3001440;PROVISION FUENTE ALIMENTACION
3001441;CONVERSOR 24/12 V.
3001442;HTP EPA 418.1 SUELOS
3001443;MUESTREOS EXTRACCION DE MUESTRA DE SUELO
3001444;SERVICIO DE CAMPANA DE VACIO
3001445;LAVADO Y DESCARTE VISUAL DE TUBING
3001446;DESINSECTACION - BATERIA 1CHDP - JQ
3001447;ASENTADORA HIDRAULICA #10+ADAPTER KIT
3001448;DETERMINACION TSS SOBRE MEMBRANA MILLIPO
3001449;DIA STAND BY - TENDIDO DE FLOWLINE - MED
3001450;PROVISION KIT REMOTO PRO SIN CABLE
3001451;PROVISION CABLE COAXIAL RG213
3001452;DESINSECTACION - BATERIAS
3001453;DESINSECTACION
3001454;DIA ING. DE CONFIGURACION Y PEM
3001455;CANERO HG DE 1' X 18 M DE 0-30M
3001456;CABLE ESTANADO 1X(2X1,31)+P X 20 M >30M
3001457;METAJE DE CAUD. MASICOS DE 2' #150
3001458;METAJE DE CAUD. MASICOS DE 3' #300
3001459;23 01 TAPON TPR2 23/8 AF ALQ TEMP MENS
3001460;23 01 TAPON TPR2 23/8 AG P/CARR S/RES
3001461;23 01 TAPON TPR2 23/8 AH ALQ INDETERM
3001462;23 04 TAPON TPR2 3 1/2 AG P/CARR S/RES
3001463;23 02 TON TPR2 4 1/2 BAS P/12HS-FR S/OP
3001464;23 02 TAPON TPR2 4 1/2 AF ALQ TEMP MENS
3001465;23 02 TAPON TPR2 5 1/2 AB POR OP
3001466;23 02 TON TPR2 5 1/2 AD ADIC P/H S/OPER
3001467;23 02 TAPON TPR2 5 1/2 AG P/CARR S/RES
3001468;CROMATOGRAFIA GASEOSA EXTENDIDA
3001469;DESHIDRATACION DE PETROLEO
3001470;EXTRACCION MUESTRAS GASEOSAS
3001471;ANALISIS METALOGRAFICOS
3001472;SERV. DE TRANP. CAMION HIDROGRUA H/300 K
3001473;GABINETE PARA RTU 2000X1200X400MM
3001474;DIA DE INGENIERIA DCS E INSTRUMENTOS
3001475;CONTROL DE ROEDORES - PTL - MED
3001476;REEMPLAZO DE PERFIL DE TECHO DE TANQUE
3001477;DESCARGADOR GASEOSO
3001478;EIA/ - ACTIVIDAD SISMICA
3001479;PROFESIONAL SENIOR - CAMPO
3001480;ANALISIS AGUA HTP S / LEGISL RIO NEGRO
3001481;EVALUACION DE RIESGO HIDRICO JDLM
3001482;REPARACION MODULO DE POTENCIA BB
3001483;RECAMBIO DE CAPACITARES
3001484;REEMPLAZAR BASE DE RELAY
3001485;RECUPERACION DE VASTAGO DE 3RA ETAPA
3001486;CABLE 1X(2X1,31)+P X 20 M DE 0-30M
3001487;MEITOREO - ACTIVIDAD SISMICA
3001488;PROYECTO DE OBRA DE MITIGACION ALUVIONAL
3001489;EVALUACION DE RIESGO HIDRICO
3001490;MANTENIMIENTO HORNO HOT OIL LPG
3001491;CABLE 4X(2X1,31+P)+P X 20 M DE 0-30M
3001492;CABLE RED UTP CAT.6 X 20M
3001493;ACOMETIDA A TABLERO ESTANCA DE 2'
3001494;MODULO METAJE INSTRUMENTO ESTANCO ½'
3001495;MANIFOLD DE CINCO VIAS DE 1/2'
3001496;CANERO 1/2' AC REVESTIDO C EPOXI X 20 M
3001497;CANERO PVC 4' POR 20 M DE 0-40M
3001498;CANERO PVC 4' POR 20 M >40M
3001499;TABLERO DE SERVICIOS AUXILIARES
3001500;SERVICIO TECNICO SOPORTE DE INGENIERIA
3001501;HS EXTRA 100% LABORATORISTA
3001502;CORR11093A
3001503;INH DE CORROSION SOLUBLE EN AGUA EC1073A
3001504;SCAL10005A
3001505;SECUESTRANTE DE SULFHIDRICO LA3232B
3001506;DIA DE AYUDANTE EN CAMPO
3001507;HS EXTRAS AL 50% SERVICIO CONTROL
3001508;CABLE RED STP CAT.6 EXTERIOR X 20M
3001509;CABLE MULTIP.8X(2X1,31+P)+P X 20M DE 0-3
3001510;CLAR16657A
3001511;PRUEBA HIDRAULICA ADICIONAL
3001512;HS EXTRA 50% LABORATORISTA
3001513;ESPUMANTE PROSOLV FGW8923
3001514;BIOCIDA LA3270B
3001515;23 03 TAPON TPR2 7 AE ALQUILER DIARIO
3001516;23 03 TAPON TPR2 7 AG P/CARR SIN RESULT
3001517;32 00 ACO P/COILT BAS P/12HS-FR 3 3/4
3001518;32 00 ACOP P/COILT BAS P/12HS-FR 4 3/4
3001519;35 01 TON TPW2 41/2 5 ALQ TMP MENS PESC
3001520;35 01 TAPON TPW4 41/2 5 AH ALQ INDT
3001521;26 01 CAS OP MIN P/OP EN LOC 8DIAS O FR
3001522;11 01 PACKER TKR1 4 1/2 BAS 12HS OP.C
3001523;FLOCULANTE CLAR16019A
3001524;CARGO DIARIO - PILETA DE ACUMULACION
3001525;CARGO DIARIO - SAND TRAP 15KPSI
3001526;MOVILIZACION PILETAS
3001527;IDENTIFICACION DE MODNES
3001528;RECUPERACION DE CAJAS DE RESISTENCIAS
3001529;INSTALACION DE CAJAS DE RESISTENCIAS
3001530;OFICIAL SOLDADOR
3001531;JUNCTION BOX APE 400X300X300
3001532;TUBING 1/2' AISI 316 X 2M DE 0-12M
3001533;CANERO 1' ACERO REVESTIDO C EPOXI X 20 M
3001534;BANDEJA PORTACABLE DE 15CM X 3 M
3001535;PUESTA A TIERRA
3001536;HS EXTRA 50% SOPORTE INGENIERIA
3001537;12 03 TAPON TPR1 7 AD ADIC P/H OP.C
3001538;11 05 PACKER TKR1 13 3/8 AD ADIC P/H OPC
3001539;12 05 TAPON TPR1 13 3/8 BAS 12HS OP.C
3001540;13 02 STR PACKER 5 AD ADIC P/H OP.C
3001541;13 03 STR PACKER 7 AA BAS 12 HS OP.C
3001542;22 03 PCKER TKR3/R5 7 24H S OP OP.C
3001543;REPARACION DE HOJAS DE ELASTICOS
3001544;TAREAS GENERALES BDP/CAN
3001545;SERVICIO DE VIDEOSCOPIA
3001546;TERMOGRAFIA
3001547;23 01 TON TPR2 23/8 BAS 12HS S/OP OP.C
3001548;23 01 TON TPR2 27/8 AD ADIC P/H S/OP OPC
3001549;23 02 TON TPR2 4 1/2 BAS 12HS S/OP OP.C
3001550;23 02 TAPON TPR2 5 1/2 AB POR OP OP.C
3001551;23 03 TON TPR2 7 AN BAS 12HSFR S/OP OP.C
3001552;CONECTOR ON-OFF7'X2 7/8'EUEPERFILVF2.31'
3001553;CONON-OFFT-2WL5 1/2'X2 7/8'EUEPERVF2.31'
3001554;REP PACKER MEC P-111 DE 5' X 2 3/8' EUE
3001555;ADPATER KIT TAPON FRACSHIELD
3001556;DESEMULSIONANTE PROCHEM 8154L
3001557;ACPC16545A
3001558;INH. DE INCRUSTACION SCAL16080W
3001559;RUPTOR DE EMULSIONES EMBR12434A
3001560;DISPERSANTE V1111
3001561;PROVISION PORTAFUSIBLE
3001562;PROFESIONAL ESPECIALISTA - GABINETE
3001563;LIMPIEZA EXTERNA AEROENFRIADORES
3001564;EMPAQUETADURAS TAPON FC WX 2.31'
3001565;ADICIONAL DIA DE TRAILER
3001566;VIAJE EN CAMION SEMI CON FM EN 1
3001567;LITRO DE GAS OIL
3001568;PINTURA PANOS SIMPLES CAMIONETA
3001569;DESCUENTO POR NO ASISTENCIA DE CUADRILLA
3001570;SERVICIOS A PRODUCCION BDP
3001571;ARENADO Y PINTADO EXTINTOR CO2 X 7 KG
3001572;MATERIAL BRONCE SAE 64/65 - LATON
3001573;CANERO HG DE 1' X 18 M > 30M
3001574;CANERO HG DE 1 1/2' X18 M DE 0-30M
3001575;MASTIL COMUNICACIONES 6M BASCULANTE
3001576;CABLE 1X(2X1,31)+P X 20 M >30M
3001577;CABLE 4X(2X1,31+P)+P X 20 M >30M
3001578;JUNCTION BOX ESTANCA 365X365X220
3001579;SELLADOR HORIZ-VERTICAL ROSCADO NPT1'
3001580;CARGO POR OPERADOR DE LLAVE (MAX. 12 HS)
3001581;UNIDAD LIVIANA
3001582;SEPARADOR DE FASES
3001583;DETERMINACION VISCOSIDAD SAYBOLT UNIVERS
3001584;GRUA HASTA 30 TN
3001585;RECONOCIMIENTOS SALARIALES PARA EUH
3001586;LIBERAC DE SUELO AUT DE APLIC (IN SITU)
3001587;ARENADO Y PINTADO EXTINTOR CO2 X 20 KG
3001588;ENGRASE RUEDA DE EXTINTOR TIPO CARRO
3001589;DETERMINACION DE PETROLEO EN AGUA (X ESP
3001590;DETERMINACION H2S 'IN SITU'
3001591;CO2 X BOMBA DRAGÜER (ANALISIS IN SITU)
3001592;EXTRACCION DE MUESTRAS LIQUIDAS
3001593;ANALISIS DE FALLAS (TIPO / CAUSA)
3001594;HAP´S + BTEX´S + HTP - MATRIZ: AGUA
3001595;ELABORACION DE REPORTE HORA ADICIONAL
3001596;COLOCACION DE TORNILLOS SOPORTE GPS
3001597;CONTROL Y LIMPIEZA GENERAL
3001598;PROVISION Y COLOCACION DE ANTENA GPS VP
3001599;ESTADIA LARGA DISTANCIA
3001600;CAMION CARGO 915 CON ELEVADOR PERSONAS
3001601;COLOCACION DE FUSIBLERA Y FUSIBLE
3001602;MOVILIDAD POR KILOMETRO
3001603;RECAMBIO DE POSTES DE SUSPENSION S/IZAJE
3001604;ENSAYO DISCO DE SEGURIDAD
3001605;VINILO REFLECTIVO IMPRESO
3001606;CHAPA NEGRA NRO 18 (SIN DECORAR)
3001607;LONA IMPRESA FRONT 13 OZ
3001608;COFEE TIPO 3
3001609;LUNCH TIPO 1
3001610;PROFESIONAL SENIOR - GABINETE
3001611;EDICION DE INFORMES ( 3 IMPRESO + 5 CD)
3001612;MANTENIMIENTO HORNO PEG HRU
3001613;TRANSP DE SUELO C/ HIDROC (21-40 KM)
3001614;LIBERAC DE SUELO AUT DE APLIC (EX SITU)
3001615;TRATAM DE SUELOS VALOR HTP>1% (IN SITU)
3001616;MEDIO OFICIAL PINTOR
3001617;OFICIAL CAÑISTA
3001618;ACOMETIDA A TABLERO ESTANCA DE 1'
3001619;ACOMETIDA A TABLERO APE DE 1'
3001620;TUBING 3/8' AISI 316 X 2M DE 0-12M
3001621;TUBING 1/2' AISI 316 X 2M >12M
3001622;VALVULA INTEGRAL DE BLOQUEO Y PURGA
3001623;TRACING ELECTRICO X 20M
3001624;DESINSECTACION
3001625;CANERO HG DE 1 1/2' X18 M > 30M
3001626;CANERO HG DE 2' X18 M >30M
3001627;MASTIL AUTOSOPORTADO 6 M
3001628;FIBRA OPTICA 8H EXT. ANTIROEDOR 200M
3001629;METAJE EQUIPO REASIGNADO PESADOS
3001630;DESMETAJE PESADOS
3001631;LIMPIEZA DE LIQUIDO
3001632;PROVISION Y COLOCACION DE SOPORTE GPS
3001633;SERVICIO DE LAVANDERIA
3001634;TRAVESANO MADERA DURA 2' X 2' X 1,00 M
3001635;GASTOS MEDICOS MEDIFE JUBILADOS
3001636;CUOTA IDEA
3001637;IMPUESTOS, TASAS Y VARIOS (AYSA,ETC)
3001638;ROPA DE TRABAD C.SAVOIA / N.SILVA
3001639;CONTROL DE ROEDORES - REZAGOS - MED
3001640;BIOCIDA BIOMATE SAN9495
3001641;ARENADO Y PINTADO EXTINTOR CO2 X 45 KG
3001642;CAMBIO VALVULA M30 F
3001643;CAMBIO SUNCHO PLASTICO / SOPORTE
3001644;VINILO CRISTAL
3001645;REVISION / CARGA AIRE ACONDICIONADO
3001646;BIOC13397NR
3001647;BIOCIDA BIOC30095NR
3001648;ACPC16785A
3001649;PARA16843A
3001650;CABLE SINTENAX 2X1.5MM2
3001651;SELLADOR HORIZ-VERTICAL ROSCADO NPT2'
3001652;ACOMETIDA A TABLERO APE DE 2'
3001653;MODULO METAJE INSTRUMENTO APE ½'
3001654;REGULADORA 67FR
3001655;CANERO HG DE 2' SOTERRADO POR 20 M
3001656;SOPORTE PARA TABLERO EN CAMPO
3001657;DIA DE INGENIERO JUNIOR
3001658;CARGO HIDROGRUA PARA CARGA Y DESCARGA
3001659;SERVICIO DE FOTOCOPIAS TAMANO A0
3001660;BEBIDAS FRIAS
3001661;FLETE DE BATEAS A LOCACION
3001662;CURSO DE CAPACITACIÓN
3001663;GASTOS MÉDICOS (HEALTH GROUP)
3001664;OFICIAL ALBAÑIL
3001665;OFICIAL ELECTRICISTA
3001666;SEGURO DE VIDA OPTATIVO
3001667;DONACIONES Y COLABORACIONES
3001668;GASTOS DE SELLADO
3001669;GIMNASIO A CARGO DEL EMPLEADO
3001670;GUARDERIA, GIMNASIO PARA PERSONAL
3001671;EXTRACCION PRFV CON ARENADO
3001672;REEMPLAZO DE BAFLE INTERIOR
3001673;REEMPLAZO DE TECHO DE TANQUE
3001674;INHIBIDOR ARCILLAS
3001675;CARBONATO DE SODIO
3001676;FLUIDO PARA PACKER DM 20046
3001677;ALMACENAJE DE CRUDO BDP
3001678;ALQUILER COCHERA BS.AS.
3001679;SEGURO DE VIDA
3001680;APORTE SEMESTRAL COIRCO
3001681;BUSQUEDAS DE DOC. NO ENCONTRADAS
3001682;VIAJE DE CONSULTA NORMAL
3001683;INFORMATIZACION EXP. 3 CAMPOS
3001684;GASTOS VARIOS A REFACTURAR
3001685;CHAPA PANOS DOBLES AUTO
3001686;CAMIÓN REGADOR 10 M3
3001687;TASA AMBIENTAL
3001688;SEGUROS VARIOS DEVENGADOS IVA 21
3001689;ALMACENAJE DE CRUDO CAN UTE
3001690;DISPERSANTE DE PARAFINAS ACPC12335A
3001691;EMBR12543A
3001692;DIA DE HIDROELEVADOR
3001693;TRAMITACION ANTE LA CNC
3001694;WORKSTATIONS ADICIONALES
3001695;PRD - PASON RIG DISPLAY
3001696;TAPA -REPOSICION
3001697;SERVICIO DE PLOTEO DE PLANOS TAMANO A0
3001698;SERVICIO DE FOTOCOPIAS TAMANO A1
3001699;SERVICIO DE FOTOCOPIAS TAMANO A3
3001700;SERVICIO DE ESCANEO TAMANO A3
3001701;BUSQUEDA DE DOCUMENTOS
3001702;INTERCALACION DE DOCUMENTOS
3001703;CUSTODIA - PLANERAS
3001704;HONORARIOS AMBITO ADMINISTRATIVO
3001705;TRANSPORTE DE CRUDO ALLEN - ROSALES
3001706;INSTALACION ANODOS EN TRATADOR VERTICAL
3001707;CHAPA PANOS DOBLES CAMIONETA
3001708;REMOLCADOR
3001709;OCUPACIONAL OP 1
3001710;EX PSICOTECNICO
3001711;PERFIL LIPIDICO
3001712;BUSSINES DAYS
3001713;MESA DE AYUDA - ZAFIRO
3001714;FIELD TRIP INVERSORES
3001715;KILOMETRO EXCEDENTE 4X4
3001716;KILOMETRO EXCEDENTE 4X2
3001717;TRAILER CARGO POR DIA
3001718;AUDITORIA AMBIENTAL BATERIA 5CB
3001719;AUDITORIA AMBIENTAL BATERIA S5CB
3001720;AUDITORIA AMBIENTAL BATERIA 6CB
3001721;AUDITORIA AMBIENTAL PLANTA 1BOMO
3001722;RECUPERADOR 9 MTS DRNADA ON CALL 12 HS
3001723;FLETE REPOSICION POR CUBIERTA 15' O 16'
3001724;ALTA DE SERVICIO
3001725;INSTALACION ELECTRICA DESDE BATERIA
3001726;MODEM G24
3001727;PROVISION Y COLOCACION ANTENA GSM VL
3001728;VIATICOS Y MOVILIDAD BA
3001729;SERVICIO DE ESCANEO TAMANO A0
3001730;CAMBIO CABEZAL COMPLETO PQS 5 KG
3001731;CAMBIO VASTAGO EXTINTOR TIPO CARRO
3001732;SERVICIO DE FOTOCOPIAS TAMANO A2
3001733;SERVICIO DE RELEVAMIENTO
3001734;CAMION 4X4 CON HIDRO Y BARQUILLA
3001735;ARENADO Y PINTADO EXTINTOR CO2 X 2 KG
3001736;VINILO REFLECTIVO PRISMATICO
3001737;PROVISION NITROGENO
3001738;CAMBIO CABEZAL COMPLETO PQS 10 KG
3001739;CAMBIO CABEZAL COMPLETO EXTINTOR HCFC
3001740;CAMBIO VASTAGO EXTINTOR MANUAL
3001741;CADETERIA GENERAL ROCA
3001742;CURSO DE IDIOMA
3001743;ALMACENAJE DE CRUDO ENTRE LOMAS RN
3001744;ALMACENAJE DE CRUDO ENTRE LOMAS NQN
3001745;SEGUROS PAGADOS POR ADELANTADO
3001746;TRANSPORTE GAS NATURAL 0 A 100 MM3/D
3001747;ZARPADA
3001748;USO MONOBOYA
3001749;HORA SOCIO DE PRACTICA
3001750;HORA ABOGADO
3001751;TEST PSICOMETRICO
3001752;HEPATOGRAMA
3001753;CUOTA MENSUAL ENRE
3001754;ALMACENAJE DE CRUDO CASO
3001755;ALMACENAJE DE CRUDO JAGÜEL DE LOS MACHOS
3001756;TRATAM DE SUELOS VALOR HTP>1% (EX SITU)
3001757;METAJE EQUIPO REASIGNADO LIVIANOS
3001758;PROVISION DE GABINETE ESTANCO
3001759;11 03 PACKER TKR1 7 AB POR OP
3001760;11 03 PACKER TKR1 7 AG P/CARR S/RES
3001761;12 03 TAPON TPR1 7 AF ALQ TEMP MENS
3001762;12 04 TON TPR1 9 5/8 BAS P/12HS- FR
3001763;11 05 PACKER TKR1 13 3/8 ALQ TEMP MENS
3001764;12 05 TAPON TPR1 13 3/8 ALQ TEMP MENS
3001765;33 00 RED BN 6 HS O FRACC 5 A 7
3001766;13 02 STR PACKER 5 1/2 AF ALQ TEMP MENS
3001767;13 03 STR PACKER 7 AA BAS P/ 12 HS O FR
3001768;SERVICIO MTO CASAS CATRIEL HORAS AL 100%
3001769;ELECTRONIC CHOKE ACTUATOR
3001770;STAND BY
3001771;TRABAD DE PERSONAL
3001772;SERV.ACC.PROC.DATOS Y CUST.COBRANZAS
3001773;VIAJE DE CONSULTA URGENTE- ZONA A
3001774;INFORMATIZACION DE CAJAS
3001775;TELEENVIO
3001776;VIANDAS EXTRA UOCRA 545/08
3001777;INSPECCION CON TERMOGRAFIA
3001778;DRNADA DE PROFESIONAL EN CAMPO
3001779;MEDICION DE GASES DE COMBUSTION
3001780;PVC ESPUMADO 3 MM (SIN DECORAR)
3001781;LUNCH TIPO 2
3001782;GASTOS MÉDICOS (SWISS MEDICAL -GRAVADO)
3001783;HORA SEMI SENIOR
3001784;HORA PARALEGAL
3001785;OCUPACIONAL OP 1 + AUDIO
3001786;ESCANEO Y ENVIIO POR MAIL
3001787;OTROS CURSOS
3001788;SERVICIOS PROFESIONALES MEDICOS OTROS
3001789;SEG,ACOND BIOPILAS,CARACT,INF (IN SITU)
3001790;PROVISION DE UNIDAD DE MEMORIA (CF/SD)
3001791;COLOCACION DE TORNILLOS GPS
3001792;PROVISION Y COLOCACION ANTENA GSM VP
3001793;CUOTA ERREPAR
3001794;ALMACENAJE DE CRUDO AAA
3001795;SERVICIO DE BROKERING GAS
3001796;COMISIONES Y GTOS.BCRIOS. (INTERBANKING)
3001797;TRANSPORTE GAS NATURAL
3001798;GASTOS TELEFONIA IVA NO COMPUTABLE
3001799;HONORARIOS SIN IVA
3001800;REAPARACION DE CONECTOR POWER IO
3001801;ARENADO Y PINTADO TUBO CO2 X 45 KG
3001802;SEGUROS VARIOS DEVENGADOS SIN IVA
3001803;SEGUROS PAGADOS POR ADELANTADO SIN IVA
3001804;HONORARIOS PROFESIONALES LIBERALES
3001805;GASTOS DE RESTRUCTURACION
3001806;ADR - ELECTRONIC AUTODRILLER
3001807;TRANSPORTE INICIAL
3001808;13 03 STR PACKER 7 AD ADIC P/H
3001809;14 02 PACKER TKR2 5 1/2 AH ALQ INDT
3001810;15 03 TAPON TPR3 7 AH ALQ INDETERM
3001811;22 03 PACKER TKR3/TKR5 7 AE ALQ DIARIO
3001812;23 01 TAPON TPR2 27/8 AE ALQ DIARIO
3001813;23 01 TAPON TPR2 27/8 AH ALQ INDETERM
3001814;23 04 TAPON TPR2 3 1/2 AF ALQ TEMP MENS
3001815;23 04 TAPON TPR2 3 1/2 AH ALQ INDETERM
3001816;BAJA DE ENVASES
3001817;CUSTODIA - PLANERAS
3001818;TRANSPORTE DE CRUDO MED-ALLEN
3001819;HORA SOCIO
3001820;OCUPACIONAL OP 2
3001821;SERVICIO DE AREA PROTEGIDA
3001822;ADMINISTRACION DE INFORMACION
3001823;LÍNEAS TELEFÓNICAS BOUCHARD
3001824;HONORARIOS FIDUCIARIOS
3001825;DIA DE CORRECTIVO MANO DE OBRA
3001826;PRECINTOS-REPOSICION
3001827;AGREGADO DE DOCUMENTOS
3001828;MOVIMIENTO DE CAJAS URGENTE
3001829;ALMACENAJE DE CRUDO MEDANITO
3001830;ALMACENAJE DE CRUDO CAN
3001831;DRNADA ADICIONAL
3001832;MOVIMIENTO DE CAJAS CONS S/CARGO
3001833;VIAJE DE RETIRO
3001834;GASTOS VARIOS (A REFACTURAR)
3001835;TRANSPORTE GAS NATURAL 101 A 150 MM3/D
3001836;AMARRE
3001837;ADICIONAL USO MONOBOYA Y ALMACENAJE
3001838;INSPECCION CON VIDEOSCOPIA
3001839;INSPECCION DE MOTOR CON VIDEOSCOPIA
3001840;MEDICION FLEXION CIGÜEÑAL MOTOR
3001841;AUDITORIA AMBIENTAL BATERIA 1PB
3001842;AUDITORIA AMBIENTAL BATERIA 8PB
3001843;AUDITORIA AMBIENTAL PLANTA PTC
3001844;AUDITORIA AMBIENTAL PLANTA PTE
3001845;23 02 TAPON TPR2 4 1/2 AB POR OP
3001846;23 02 TON TPR2 5 1/2 BAS P/12HS-FR S/OP
3001847;23 02 TAPON TPR2 5 1/2 AH ALQ INDETERM
3001848;23 03 TON TPR2 7 AN BAS P/12HS-FR S/OP
3001849;35 01 TAPON TPW2 41/2 5 AE ALQ DIARIO
3001850;35 01 TAPON TPW4 41/2 5 ALQ INDT PESC
3001851;12 01 TAPON TPR1 4 1/2 AD ADIC P/H OP.C
3001852;11 01 PACKER TKR1 5 AD ADIC P/H OP.C
3001853;12 01 TAPON TPR1 5 AD ADIC P/H OP.C
3001854;13 02 STR PACKER 5 AA BAS 12 HS OP.C
3001855;22 03 PACKER TKR3/TKR5 7 AB POR OP OP.C
3001856;23 01 TAPON TPR2 23/8 AB POR OP OP.C
3001857;23 02 TAPON TPR2 4 1/2 AB POR OP OP.C
3001858;PACKER MECANICO P-111 DE 5' X 2 3/8' EUE
3001859;DESAGOTE PARA DTM
3001860;INSPECCION CON ULTRASONIDO
3001861;AUDITORIA AMBIENTAL BATERIA 3CB
3001862;AUDITORIA AMBIENTAL BATERIA 2PB
3001863;AUDITORIA AMBIENTAL BATERIA 4PB
3001864;EEG
3001865;TEST DE EQUILIBRIO
3001866;DETERMINACION 6 DROGAS
3001867;ERGOMETRIA - PEG
3001868;ALQUILER CAMIONETA 4X2
3001869;DRNADA DE PROFESIONAL EN GABINETE
3001870;ANALISIS VIBRAC EQ MOTOCOMPRESOR RUTA 2
3001871;AUDITORIA AMBIENTAL BATERIA 1CB
3001872;NIPLE ASIENTO WXN 1.87' 2-3/8' EUE
3001873;AGUA INDUSTRIAL
3001874;HORA ADICIONAL
3001875;AUDITORIA AMBIENTAL PLANTA 1EL
3001876;AUDITORIA AMBIENTAL PLANTA LPG
3001877;AUDITORIA AMBIENTAL PLANTA 1CHDP
3001878;AUDITORIA AMBIENTAL PLANTA BDP X 2
3001879;VIBRATING TOOL 2 7/8'
3001880;JAR 2 7/8'
3001881;MOTOR DE FONDO 3 1/2
3001882;INDICE DE VISCOSIDAD
3001883;GRAVEDAD ESPECIFICA
3001884;SALES (G/M3)
3001885;DETERMINACION DISTRIBUCION Y TAMANO DE P
3001886;CONCENTRACION MATERIA ACTIVA PRODUCTO QU
3001887;AUDITORIA AMBIENTAL BATERIA 7PB
3001888;ECODINAMOMETRIA - BASE DE DATOS
3001889;SERVICIO DE TERMOGRAFIA
3001890;SECADO DE CENTRALIZADORES INYECTADOS
3001891;TONELADA DE SOLIDO CONTAMINADO TRATADO
3001892;VINCULACION DE RECONECTADOTES
3001893;RECAMBIO DE DESCARGADORES
3001894;COSTO POR HORA ADICIONAL
3001895;PROVISION KIT REMOTO M216 CON CABLE
3001896;PROFESIONAL ESPECIALISTA - CAMPO
3001897;LIMPIEZA TUBO DE FUEGO
3001898;MANTENIMIENTO DE SEPARADORES TRIFASICOS
3001899;DESINSECTACION - EMC-08 - EMC-09
3001900;DIA DE INGENIERIA EN GABINETE
3001901;CANERO HG DE 2' X18 M DE 0-30M
3001902;MASTIL COMUNICACIONES 3M
3001903;TABLERO PACHERA F/O
3001904;CABLE MULTIPAR 8X(2X1,31+P)+P X 20M >30M
3001905;CABLE MULTIPAR 16X(2X1,31+P)+P X20M >30M
3001906;TUBING 3/8' AISI 316 X 2M >12M
3001907;CABLE ARMADO M4X(2X1,31+P)+P X 20M>30 M
3001908;JB DE CONEXIONADO Y DISTRIBUCION
3001909;GABINETE PARA RTU 1200X800X300MM
3001910;TABLERO DE PROTECCION Y COMANDO DE SET
3001911;REEMPLAZO DE ENVOLVENTE DE TANQUE
3001912;HS EXTRAS AL 100% SERVICIO CONTROL
3001913;HS EXTRA 100% SOPORTE INGENIERIA
3001914;DESEMULSIONANTE BETZ EXP3053
3001915;RUPTOR TOTAL EMBREAK CDM2870L
3001916;INH. CORROSION ENDCOR OCC9783
3001917;INH. HIDRATOS TERMOD. EXP3244
3001918;BIOCIDA BIOC16113A
3001919;SCAL16630A
3001920;DESEMULSIONANTE EMBR 18293
3001921;MEDIO OFICIAL ELECTRICISTA
3001922;CHAPA PANOS SIMPLES AUTO
3001923;SERVICIOS A PRODUCCION CAN
3001924;SOPORTE PRESENCIAL IN HOUSE CONSULTOR SR
3001925;HORA ADICIONAL
3001926;SERVICIO DE ESCANEO TAMANO A2
3001927;CAMBIO MANGUERA CON TOBERA EXTINTOR AFFF
3001928;CAMBIO CABEZAL COMPLETO EXTINTOR AFFF
3001929;CAMION RECUPERADOR 8M3
3001930;REMISE
3001931;DESMETAJE LIVIANOS
3001932;REPROGRAMACION GPS
3001933;CHAPA GALVANIZADA NRO 14 (SIN DECORAR)
3001934;CHAPA NEGRA 3 MM (SIN DECORAR)
3001935;CAPACITACION
3001936;SERVICIO DE ABASTECIMIENTO (PESA)
3001937;GUINDOLA CCTV
3001938;BOLSAS-REPOSICION
3001939;VIAJE DE CONSULTA URGENTE
3001940;DIGITALIZACION DE IMAGENES
3001941;MOVIMIENTO DE CAJAS EN SEDE
3001942;FOTOCOPIAS
3001943;TRANSPORTE DE INSUMOS
3001944;BAJA Y DESTRUCCION DE ENVASES
3001945;TRANSPORTE GAS NATURAL 151 A 600 MM3/D
3001946;HORA GERENTE / SENIOR
3001947;ESPIROMETRIA
3001948;CERTIFICADO Y VISADO CONTRATISTA
3001949;CARGOS ADICIONALES - ALQUILER GENERADOR
3001950;AUDITORIA AMBIENTAL BATERIA 2CB
3001951;AUDITORIA AMBIENTAL BATERIA 4CB
3001952;AUDITORIA AMBIENTAL BATERIA 6PB
3001953;AUDITORIA AMBIENTAL PLANTA 2EL
3001954;AUDITORIA AMBIENTAL PLANTA 1LO
3001955;AUDITORIA AMBIENTAL PLANTA 1EC
3001956;AUDITORIA AMBIENTAL PLANTA BMO
3001957;SE 2202PCKERTKR3R551/2ADICP/HS/OPOPC
3001958;SE 2203PCKERTKR3/TKR57ADICP/HS/OPOPC
3001959;SE 2302TONTPR241/2ADADICP/HS/OPOPC
3001960;SE 2302TONTPR251/2ADADICP/HS/OPOPC
3001961;SE 2302TONTPR251/2BAS12HFRS/OPOP.C
3001962;SE 2304TONTPR231/2ADADICP/HS/OPOPC
3001963;SE 2304TONTPR231/2BAS12HFRS/OPOP.C
3001964;SE ABAN TQE TAHH 16MT3 TK ELEV VERT
3001965;SE ABAN TQE TAHH 160MT3 TK ELEV VERT
3001966;SE ABAN TQE TAHH 160MT3 TK VERT
3001967;SE ABAN TQE TAHH 2KMT3 TK VERT
3001968;SE ABAN TQE TAHH 250MT3 TK VERT
3001969;SE ABAN TQE TAHH 3KMT3 TK VERT
3001970;SE ABAN TQE TAHH 320MT3 TK VERT
3001971;SE ABAN TQE TAHH 500MT3 TK VERT
3001972;SE ABAN TQE TAHH 700MT3 TK VERT
3001973;SE ABAN TQE TAHH 80MT3 TK VERT
3001974;SE ABAN TQE S/RES 785
3001975;SE ACELE INTNSFCADR.CGO.BASH/3 3/4'P/DIA
3001976;SE ACELE INTSFCDR CGO P/DIA ADICH/3 3/4'
3001977;SE ACOND BUJPORARPIS 15'
3001978;SE ACOND BUJPORARPIS 18-1/2'
3001979;SE ACOND BUJPORARPIS 9-1/2'
3001980;SE ACOND PISCOMP
3001981;SE REP SERV017
3001982;SE REP SERV004-005/12HS
3001983;SE ADICXM REG CBL-VDL-CCL-GR C/PLU 2,5KM
3001984;SE ADICXM REG CBL-VDL-CCL-GR C/PLU3KM
3001985;SE ADICXM REG CBL-VDL-CCL-GR C/PLUM 3500
3001986;SE AGUA CONS DETERM BACT COLIF TTL
3001987;SE AGUA CONS DETERM FIS QUIM PH,DEN TEMP
3001988;SE AISL TERM ADICIONAL ALTA TEMP
3001989;SE AISL TERM ADIC BJA TEMP
3001990;SE AISL TERM CRIOGENICA INTERCAMB CAL
3001991;SE AISL TERM COMPES REFRI
3001992;SE AISL TERM ESTMOTOCOMPA
3001993;SE AISL TERM TORRE DEETANIZADORA
3001994;SE ALMUERZOS VRIO/GTOS.SUPERMERCADO
3001995;SE ALOJMED INC ALOJ 1 PERSO SITIOMAS CER
3001996;SE ALOJ CONT INC ALOJ 1 PERSO
3001997;SE ALQ TPON TPR1,PACKER TKR1 P/CSG 5 1/2
3001998;SE ALQ BARR 4'14.00S-135 R2 MENXDP
3001999;SE ALQ BARR 4'14.00S-135 R2 DIAXDP
3002000;SE ALQ COMP
3002001;SE ALQ BBA
3002002;SE ALQ BPV 1/2VIAS 2.7/8'N/P SC-0029
3002003;SE ALQ BPV 1/VIAS 4.1/2'N/P SC-0030
3002004;SE ALQ CAM P/SUPPULL MEN
3002005;SE ALQ C/JUNTOHERR N/PHERR SERVXPZO
3002006;SE ALQ FRE
3002007;SE ALQ FRE PULGXDIA
3002008;SE ALQ LODO RECO P/TRAM 6 1/8'
3002009;SE ALQ LODO RECO P/TRAM8 ½' O6 1/8'
3002010;SE ALQ LODO RECO P/TRAM 8 ¾'  
3002011;SE ALQ VALV
3002012;SE ALQ DESODORIZADORES,AROMATIZADORES
3002013;SE ALQ DIA CONT C/TAPA 5M3 O EQUIV
3002014;SE ALQ GEN-GAS 270 KVA STDBY MES
3002015;SE ALQ GEN-GAS 300 KVAMES
3002016;SE ALQ GEN ADIC
3002017;SE ALQ GRUPO ELECTROGENO
3002018;SE ALQHERR STAIB
3002019;SE ALQHIDROLAVAXEQ
3002020;SE ALQ LUBRH/10K NO INC TEC
3002021;SE ALQ MEMO XTIEMPIND
3002022;SE ALQMES CONT C/TAPA 5M3 O EQUIV
3002023;SE ALQMES EQ RAD
3002024;SE ALQMOTOCOMP INST,P/MCHA
3002025;SE ALQMOTOCOMP SERV.MANT
3002026;SE ALQ TAPREC 5 1/2' XTIEMPIND
3002027;SE ALQ PMECH 4 3/4'-3 1/2'
3002028;SE ALQ SCARRE 4.1/16'-3.1/16'10K
3002029;SE ALQ UAHOG PZ 7(S/GASO)
3002030;SE ALQ VALV FLOT 2F3R C/SUSTCONX NC38
3002031;SE ANAL CURVA DEST ASTM LIQUIDA
3002032;SE ANAL ACIDEZ AC TERM ASTM D-664
3002033;SE ANAL DENS AC TERM ASTM D2598-1657
3002034;SE ANAL PTO INFL AC TERM ASTM D2598-1657
3002035;SE ANAL SULFUROHIDROGENO ASTM D1838
3002036;SE ANGULO 1'X1/8'X1,00M REF CTEL
3002037;ANTICIPO SIN IVA
3002038;SE APERPIC CAÑ 3M ANCHMAX
3002039;SE APERZAN CAÑ MET TERBLAN
3002040;SE APERZAN CAÑ MET TERDUR
3002041;SE APER,LIMP TQE API 160M3 9.2X2.5M
3002042;SE APER,LIMP TQE API 80M3 4.5X4.9M
3002043;SE AP/LIMP TQE API AGUA 400M3 7.6X9.5
3002044;SE APERZAN CAÑ PRFV MATNOMETDUR
3002045;SE APERZAN CAÑ PRFV MATNOMETBLA
3002046;SE APER, BLOQ, LIMP TOT,CIERRE TQE
3002047;SE APER,BLOQ,LIMP PARC,CIERRE TQE
3002048;SE AREN CAÑ 4' A 6'
3002049;SE AREN CAÑ 6' A 8'
3002050;SE AREN CAÑ 8' A 10'
3002051;SE AREN CAÑ 2' A 4'
3002052;SE REVEST EXT PRIMER PREFA
3002053;SE EXTIN EXT CK5L
3002054;SE EXTIN EXT PQ1K
3002055;SE EXTIN EXT PQ10K
3002056;SE EXTIN EXT PQ100K
3002057;SE EXTIN EXT PQ2.1/2K
3002058;SE EXTIN EXT PQ25K
3002059;SE EXTIN EXT PQ5K
3002060;SE EXTIN EXT PQ50K
3002061;SE EXTIN EXT PQ70K
3002062;SE ARM/TORQ ARM/SURG SERV009
3002063;SE ASESORAMIENTO LEGAL
3002064;SE ASIST AUTOMAT POZOS BBEO MEC
3002065;SE ASIST CAMPO TRBD LOCXHXOPER. SRBR130
3002066;SE AS PZOSUPERV CAMP EQ,REP,INSP. FIBOP
3002067;SE ASIST TEC AUX N/P 0051 DIA TEC 12H
3002068;SE ASIST TECN N/P SC-0011 DIA TEC 12H
3002069;SE AUD AMB S/RES 785-INST
3002070;SE AUD SEG ALMAC,DESPACHO GLP
3002071;SE AUD SISTE GESTION CALIDAD NOR. ISO
3002072;SE AUD TECN INTRS S/RES 785 TQE 16M3
3002073;SE AUD TECN INTRS S/RES 785 TQE 160M3
3002074;SE AUD TECN INTRS S/RES 785 TQE 2KM3
3002075;SE AUD TECN INTRS S/RES 785 TQE 3KM3
3002076;SE AUD TECN INTRS S/RES 785 TQE 320M3
3002077;SE AUD TECN INTRS S/RES 785 TQE 40M3
3002078;SE AUD TECN INTRS S/RES 785 TQE 500M3
3002079;SE AUD TECN INTRS S/RES 785 TQE 700M3
3002080;SE AUD TECN INTRS S/RES 785 TQE 80M3
3002081;SE AUD TECN S/RES 318/10 SEN
3002082;SE AYUDANTE
3002083;SE BJADA BBAMENOR O IGUAL-2,5KM.
3002084;SE BASEHORM P/AIB
3002085;SE BASES AIB-PREMOLDEADA-PUESTA ALMCEN
3002086;SE BAS PUNZ 2'5K PSI
3002087;SE PUNZ 3.3/8'-4'5000PSI
3002088;SE PUNZ POZ 1700M-600M C/PL
3002089;SE PUNZ POZ 1700M-600M S/PL
3002090;SE PUNZ POZ 2100M-600M S/PL
3002091;SE PUNZ POZ 2100M-600M C/PL
3002092;SE PUNZ POZ 2600M-600M C/PL
3002093;SE PUNZ POZ 2600M-600M S/PL
3002094;SE PUNZ POZ 3100M-600M C/PL
3002095;SE PUNZ POZ 3100M-600M S/PL
3002096;SE PUNZ POZ 3600M-600M C/PL
3002097;SE PUNZ POZ 3600M-600M S/PL
3002098;SE BES ON CALL
3002099;SE BBA REP 25-150 BARR ESP LA INOX NI
3002100;SE BBA REP 25-175 BARR ESP LA INOX NI
3002101;SE BBA REP 25-200 BARRIL AO
3002102;SE BBA REP 25-200 BARR ESP LA INOX NI
3002103;SE BBA TPO STD'A'25-125-RHBC-24-4
3002104;SE BBA TPO STD'B'25-150-RHBC-24-4
3002105;SE BBA TPO STD'C'25-175-RHBC-24-4
3002106;SE BBA TPO STD'D'25-200-RWBC-24-4
3002107;SE BBA TPO STD'E'25-225-THM-24-4
3002108;SE BBA TPO STD'F'25-275-THM-24-4
3002109;DRILL - BBEO ADIC. PERIODO 15M O FRACC
3002110;SE BOP AN 7 1/16'X5K PSI INC BDASUP/SLAT
3002111;SE BTEXHPA PH COND ELEC/METPES DTO831
3002112;SE REP BUJE EMPAQ WO11'X5.1/2'
3002113;SE C-6720 INH CORR
3002114;SE SUSTITUTO CABEZAL REDUCCION P/DIA
3002115;SE CABEZAL, ADAPT P/CAÑO LAV. CGO. BASXO
3002116;SE CABEZAL, ADAPT P/CAÑO LAV. CGO.XOPER
3002117;SE CBL ARMM4X 2X1,31+P +PX20M 0,30M
3002118;SE CBL COMM 1X 2X0,25 +PX20M >30M
3002119;SE CBL COMM 1X 2X0,25 +PX20M 0-30M
3002120;SE CBL ESTANADO 1X 2X1,31 +PX20M 0-30M
3002121;SE CBLMULTIPAR 16X2X1,31+P +PX20M0-30
3002122;SE PROV/PROC CAJ LITO CHI C/TEST
3002123;SE PROV/PROC C-LIT-C/CORONAS
3002124;SE PROV/PROC C-LIT-C/CUTT-P/RANG
3002125;SE CALIB DETECTORESMEZCLA EXPLOSIVA
3002126;SE CALIBMULTIVAR 3095,FLOBOSS 103 C/PAT
3002127;SE CALIBTRANSPRESC/PATINTIOSACSITIO
3002128;SE CALIBTRANSPRESDIFC/PATINTIOSACSI
3002129;SE CALIBTRANSTEMPC/PATINTIOSACSITIO
3002130;SE CALIBYMANTVALVPRVTPO6302'NPT
3002131;SE CALIB/DIA/ RECT CSG DIAMEXT
3002132;SE CALIB/DIA/ADIC RECT CSG DIAMEXT
3002133;SE CBIO ADHES IDENT GRAN
3002134;SE MANT CBZLCOMP PQS25K
3002135;SE MANT CBZLCOMP PQS50K
3002136;SE CAMB EXTIN 25-50-70-100KG
3002137;SE CAMB EXTIN 1-2,5-5-10KG
3002138;SE CAMB EXTIN ALUMGRAB
3002139;SE CAMB EXTIN PQS, AFFF, HCFC, K
3002140;SE CAMB EXTIN CO2 X2M
3002141;SE CAMB EXTIN 10K
3002142;SE CAMB EXTIN CO2
3002143;SE CAMB EXTIN 400X80MM/CARR50/70/100KG
3002144;SE CAMB EXTIN CAR25KG
3002145;SE CAMB EXTIN 25A250KG
3002146;SE CAMB EXTIN HLCN
3002147;SE CAMB EXTIN 2,5-5-10KG
3002148;SE CAMB EXTIN CO2-0-1/2'-3/4'
3002149;SE CAM ADIC TRANSP CUTTING,DISP FINAL
3002150;SE CAM BBA VAC
3002151;SE CAM C/CARRETÓN 45 TN EHIDGR 20 TN
3002152;SE CAM C/HIDGR
3002153;SE CAM C/SREMOLQ EHIDGR 12 TN
3002154;SE CAM ALT VAC P/RECUPFLUIDVISC,DEN
3002155;EQUIPO DE PRES Y VAC - DIA
3002156;EQUIPO DE PRES Y VAC - DIA STAND BY
3002157;EQUIPO DE PBA HIDR - DIA 12HS
3002158;EQUIPO DE VACIO 9M3 - DIA 12HS
3002159;SE CAM VAC EVENTUAL 35M3 ON CALL
3002160;SE CAM WIRE/SLKL BAJ TAP CLTE UNID
3002161;SE CAM WIRE/SLKL CGO BAS 10H.
3002162;SE CAM WIRE/SLKL CGOHS ESPERA C/PERS
3002163;SE CAM WIRE/SLKL CGOHS ESPERA S/PERS
3002164;SE CAM WIRE/SLKL CGOXGRAD 5H C/REP
3002165;SE CAM WIRE/SLKLHS ADICES
3002166;SE CAM WIRE/SLKL PLUM 3500 KG CGO DIA
3002167;SE CAM WIRE/SLKL VALV CIERRE FONDO
3002168;SE CAM 2 CABINA C/HIDRO 2,5 TN
3002169;SE CAM DUAL
3002170;SE CAM DUAL PTA CONT,VAC DIA OPER
3002171;SE CAM DUAL PTA CONT,VAC DIA STANDBY
3002172;SE CAMHIDGR 4 TNMOVS YAC
3002173;SE CAMHIDGR 4 TN VIAJE NQN/YAC
3002174;EQUIPO DE VACIO 35M3 - DIA 12HS
3002175;EQUIPO DE VACIO 35M3 - DIA 24HS
3002176;SE CAM RECUP DIA OPER PULL
3002177;SE CAM SEMIH/25 TNMOVIMIENTIOS YAC
3002178;SE CAM SEMIH/25 TN VIAJE NQN/YAC
3002179;SE CAM SEMIH/25 TON SEMI TRAIL MIN 100KM
3002180;SE CAM TRAC C/HIDGR,SRMOLQ P/TRAN 4CON
3002181;SE CAM TRAC C/SEMI 35M3 FLUID CONT. O LO
3002182;SE CAM TRAC C/SEMI 35M3 FLUID CONT.O LOD
3002183;SE CAM TRAC C/SEMI 35M3 FLUID/AGUA
3002184;SE CANGURO. CGO BASXC/P Ø EXT P/DIA
3002185;SE CANGURO. CGOXC/P Ø EXT P/DIA ADIC
3002186;SE CAÑO CUAD 100X100X2MMX1,00M SOLDP/CHA
3002187;SE CAÑO CUAD 50X50 2MMX1M SOLD P/CHA
3002188;SE CAÑO CUAD 80X80X2MMX10M SOLD P/CHA
3002189;SE CAÑO LAV, P/LIMP RELL. CGOXMXDIAMPULG
3002190;SE CAÑO LAV, P/LIMP RELL. CGO BASXM YXDI
3002191;SE CAÑO RED 2'X2MMX1,00M SOLD P/CHA
3002192;SE CAÑO RED2.1/2'X3,2MMX1,00M SOLD P/CHA
3002193;SE CAÑO RED 3'X2MMX1,00M SOLD P/CHA
3002194;SE CAÑO RED 3'X3,2MMX1,00M SOLD P/CHA
3002195;SE CANON AGUA DPTO PROV AGUAS
3002196;ENL SIERRA GRANDE 744 A RLY
3002197;SE DE REPETIDOR DE VHF BMO
3002198;SE CARGLENT
3002199;SE CARDESHID CAÑ ALL-DIAM
3002200;SE CARGA, TRANSP, DESC,DESPARRAMO CALCAR
3002201;SE CGO BAS OPER CADA 12H O FRAC
3002202;SE CGO BAS AD/H PACKER RECUP PJE AMP5
3002203;SE CGO BAS 1ER/12H PACKER RECUP PJE AMP5
3002204;SE CGO BAS PERFIL ECO BJADA PALO
3002205;SE CGO BAS REG CBL-VDL-CCL-GR C/PLUM 2KM
3002206;SE CGO BAS REG CBL-VDL-CCL-GR C/PLUM 2,5
3002207;SE CGO BAS REG CBL-VDL-CCL-GR C/PLUM 3KM
3002208;SE CGO BAS REG CBL-VDL-CCL-GR C/PLUM 350
3002209;SE CGO BAS REG CBL-VDL-GR-ISXREG
3002210;SE CGO BAS UNID BBEO ACIDIFICACION
3002211;SE CGO BAS WLINE LUN-VIER 8-17H
3002212;SE CGO BAS WLINE SABADO DOM FER8-17H
3002213;SE CANLIB PROF 1700-2100M
3002214;SE CANLIB PROF 2600-3100-3600M
3002215;SE CGO ESPERA,XH
3002216;SE CGO REG CONTINUO,XM
3002217;SE CGO REGMULTISHOTXM ASUMIENDO EST CADA
3002218;SE CGO REGXEST ADIC MENOS 30M
3002219;SE CGO DIA PIL ENSAYO
3002220;SE CGO DIA TRAIL LABMAS EQUIP
3002221;SE CGO DIAHERR ILT
3002222;SE CGO DIAXDOSMEM VAINA SLINE
3002223;SE CGO DIAXEQ
3002224;SE CGO DIAXESPERA EQ SIN OPERAR PZO
3002225;SE CGO DIAXING
3002226;SE CGO DIA PROTECTOR P/ALTA TEMP.
3002227;SE CGO DIA REDUCCION UBHO
3002228;SE CGO FIDXMET/DMET PIL ITEM4.1
3002229;SE CGO. FID AGUA
3002230;SE CGO. FID PETR
3002231;SE CGO.HERR PLT SPIN, CAPAC, PRES, TEMP,
3002232;SE CGO.HERR PLT/ILT GAMMAY CCL ,XOPER
3002233;SE CGO.HERR PLT/ILT SPIN,CCL ,XOPER
3002234;SE CGO.HERR PLT/ILT SPIN, PRES, TEMP,CCL
3002235;SE CGO INSP DS1 CAT4 DP,CAT3.5ENHW,DC
3002236;SE CGO.KMTRJE UNID LIV SOLO IDA XKMTRO
3002237;SE CGO MEM CAR BAJ TAP/PACKER, DIA SUC/F
3002238;SE CGO MEM BAJ TAP O PACKER, PRIMDIA
3002239;SE CGO MEM ENMANDRIL VALV CIEGA , DESP 1
3002240;SE CGO MEM ENMANDRIL VALV CIEGA ,MENS
3002241;SE CGO MEM MANDRIL VALV CIEGA PRIM8H
3002242;SE CGO MEM SUP, LECTURA INAL, DIA SUCESI
3002243;SE CGO MEM SUP, LECT INAL, PRIM 24H
3002244;SE CGO MENS CAM PTACONT LUN-DOMX12H
3002245;EQUIPO PORTA CONTENDOR - MENSUAL 12HS
3002246;SE CGO CAR DUAL 4MEM S/PACKER AN,DIRMENS
3002247;CONTENEDOR 4M3 C/TAPA - MENSUAL
3002248;SE CGO MENS DOSMEM SUP C/CAR 10000 PSI
3002249;SE CGO MEM PRES AN,DIR FONDO PERF MENS
3002250;SE CGO MENSMEM SUP, LECTURA INAL
3002251;SE CGO 2MEM CAR BAD PACKER O TPON MENS
3002252;SE CGO MIN ORIENT MOTFONDXTBD H/5ORI
3002253;SE CGO MIN INCKMTRJE,HS ESPERA,CGO OPER
3002254;SE CGO MINMOT FONDO 3 3/4'
3002255;SE CGO MIN ORIENT CUNA DESVI XTRAB
3002256;SE CGO MIN,XTRAB ENMODO CONTINUO,XPZO
3002257;SE CGO MIN,XTRAB,XPZO
3002258;SE CGO XING CAMPO MAX. 12H
3002259;SE INCONC-RZON AJ PROV N/P SERV013
3002260;SE INCONC-CONV PULLING N/P SERV018
3002261;SE SEP PUNZ 33/8'-4'32G
3002262;SE CGO XOPER PACKER RECUP PASAJE AMPLIO
3002263;SE CGO XORIENT ADIC
3002264;SE CGO XPROFXSOBRE 2KM,XCORRIDA,XM
3002265;SE CGO XPROTECTOR P/ALTA TEMP,XCORRIDA
3002266;SE CGO XREG CORRELACION ADIC-200M LONG P
3002267;SE TAPONEADO
3002268;SE CGO XTRANSP UNID LIV IDA SOLO PESC
3002269;SE CGO XTRANSP UNID LIV IDA SOLO TYP
3002270;SE PUNZPOZ 1700M/T(>20T)2'
3002271;SE PUNZPOZ 1700M/T(>20T)23GR33/8'
3002272;SE PUNZPOZ 1700M/T(>20T)32GR33/8'
3002273;SE PUNZPOZ 1700M/T(>20T)39GR33/8'
3002274;SE PUNZPOZ 1700M/(H20T)2'
3002275;SE PUNZPOZ 1700M/(H20T)23GR3.3/8'-4'
3002276;SE PUNZPOZ 1700M/(H20T)32GR3.3/8'-4'
3002277;SE PUNZPOZ 1700M/(H20T)39GR3.3/8'-4'
3002278;SE PUNZPOZ 2100M/T(>20T)39GR3.3/8'
3002279;SE PUNZPOZ 2100M/T(>20T)2'
3002280;SE PUNZPOZ 2100M/T(>20T)23GR3.3/8'
3002281;SE PUNZPOZ 2100M/T(>20T)32GR3.3/8'
3002282;SE PUNZPOZ 2100M/(H20T)2'
3002283;SE PUNZPOZ 2100M/(H20T)23GR3.3/8'-4'
3002284;SE PUNZPOZ 2100M/(H20T)32GR3.3/8'-4'
3002285;SE PUNZPOZ 2100M/(H20T)39GR3.3/8'-4'
3002286;SE PUNZPOZ 2600M/T(>20T)2'
3002287;SE PUNZPOZ 2600M/T(>20T)23GR3.3/8'
3002288;SE PUNZPOZ 2600M/T(>20T)32GR3.3/8'
3002289;SE PUNZPOZ 2600M/T(>20T)39GR3.3/8'
3002290;SE PUNZPOZ 2600M/(H20T)2'
3002291;SE PUNZPOZ 2600M/(H20T)23GR3.3/8'-4'
3002292;SE PUNZPOZ 2600M/(H20T)32GR3.3/8'-4'
3002293;SE PUNZPOZ 2600M/(H20T)39GR3.3/8'-4'
3002294;SE PUNZPOZ 3100M/T(>20T)2'
3002295;SE PUNZPOZ 3100M/T(>20T)23GR3.3/8'
3002296;SE PUNZPOZ 3100M/T(>20T)32GR3.3/8'
3002297;SE PUNZPOZ 3100M/T(>20T)39GR3.3/8'
3002298;SE PUNZPOZ 3100M/(H20T)2'
3002299;SE PUNZPOZ 3100M/(H20T)23GR3.3/8'-4'
3002300;SE PUNZPOZ 3100M/(H20T)32GR3.3/8'-4'
3002301;SE PUNZPOZ 3100M/(H20T)39GR3.3/8'-4'
3002302;SE PUNZPOZ 3600M/T(>20T)2'
3002303;SE PUNZPOZ 3600M/T(>20T)23GR3.3/8'
3002304;SE PUNZPOZ 3600M/T(>20T)32GR3.3/8'
3002305;SE PUNZPOZ 3600M/T(>20T)39GR3.3/8'
3002306;SE PUNZPOZ 3600M/(H20T)2'
3002307;SE PUNZPOZ 3600M/(H20T)23GR3.3/8'-4'
3002308;SE PUNZPOZ 3600M/(H20T)32GR3.3/8'-4'
3002309;SE PUNZPOZ 3600M/(H20T)39GR3.3/8'-4'
3002310;SE PUNZPOZ 3500M-3/8'-4 AD3M 23GR
3002311;SE CGO VARIABLEXKM P/TRANSP PIL. IT4.2
3002312;SE CGO VEHC LIVIANO,XKM
3002313;SE CGO VEHC WLINE/SLICK LINE,XKM., IDA S
3002314;SE CARRLIB
3002315;SE CARRERA TREPANO TRIC/O 4.125 C/V LUMP
3002316;SE DESARR CASROLL PULG/DIA
3002317;SE DESARR CASROLL PULG/DIA AD
3002318;SE CEM. AISLA. DIAM5 1/2'-7' 60KM PROF.1
3002319;SE CEM. INT. DIAM9 5/8'-8 5/8' 100KM PRO
3002320;SE CEM. INT. DIAM9 5/8'-8 5/8'60KM PROF.
3002321;SE CEM.GUIA DIAM 13 3/8'-9 5/8'-8 5/8' 1
3002322;SE COLIMP RES02A03
3002323;SE CERCOS SUBEST ELEC PANEL 4MLONG C/PTA
3002324;SE CERCOS SUBEST ELEC PANEL 4MLONG SIN P
3002325;SE CERTIFICADO CALIB REV,CALIB EQUIP
3002326;SE CERTIFICA2CALIBMASICOS, ULTRASONICOS
3002327;SE COIL TUB 2 3/8'CALIB PZO
3002328;SE COIL TUB 2 3/8'CALIB,SAND JETTING 1°
3002329;SE COIL TUB 2 3/8'CGO. DIA OPER CT LOC
3002330;SE COIL TUB 2 3/8'LIMP ARENAS
3002331;SE COIL TUB 2 3/8'OPER CBIO FLU
3002332;SE COIL TUB 2 3/8'PESC P/REC BHA APRISIO
3002333;SE COIL TUB 2 3/8'PUNZ TCP 1RA ET
3002334;SE COIL TUB 2 3/8'ROTACION CEM PREVIO TE
3002335;SE COIL TUB 2 3/8'ROTADO TPON OFFSET
3002336;SE COIL TUB 2'ROTADO TPON OFFSET
3002337;SE COIL TUB 2'CALIB,SAND JETTING 1° ET
3002338;SE COIL TUB 2'CGO. DIA OPER CT LOC
3002339;SE COIL TUB 2'OPER CBIO FLU
3002340;SE COIL TUB 2'PESC P/REC BHA APR WL Y/O
3002341;SE COIL TUB 2'PUNZ TCP 1RA ET
3002342;SE COIL TUB 2'ROTACION CEM PREVIO TERM
3002343;SE COIL TUB REDUCTOR FRICMETAL-METAL
3002344;SE COL PROT CAÑ 20CM ARE
3002345;SE COLLARIN SEG P/CANOS LAVES. CGO. BASX
3002346;SE COLLARIN SEG P/CANOS LAVES. CGO.XOPER
3002347;SE COLOC CHAP CARACTERISTICA,SPTE RECIPS
3002348;SE COLOC C/EX C/BDA RECIPS SOMET-PRES
3002349;SE COLOCCUP NPTH/2' RECIPS SOMET-PRES
3002350;SE COLOC O REEMP FILTRO DEMISTER RECIPS
3002351;SE COLPURGA GASO CAÑ CRO1697Y1697G
3002352;SE COLOC/RETIRO BPV O TWC FORMAMANUAL
3002353;SE COMPANYMAN SENIOR PULL
3002354;SE COMPANYMAN SENIOR PULL ADVISOR
3002355;SE COMPCION FRACKSTACK AND ZIPPERMANIF
3002356;SE C/EX REDMEDIANTE TIE IN CALIENTE
3002357;SE CONFIG HARD CAMPO 2-5 DÍAS
3002358;SE CONFIG SCADA CAMPO 1 DÍA
3002359;SE CONFIG SCADA CAMPO 2-5 DÍAS
3002360;SE CONFIG HARD GAB C/FIG JUNIOR
3002361;SE CONFIG SCADA GAB C/FIG JUNIOR
3002362;SE CONFIG SCADA GAB C/FIG SENIOR
3002363;SE CONTR EN CAMPO C/SKIDMASTERMETER ACUE
3002364;SE CONSTR CERCO PERIM
3002365;SE CONSTR BODEGA T.2 CEL-AA-BP
3002366;SE CONSTRUC CAMINO NUEVO P/ACC-LOC DEL P
3002367;SE CONSTR CAMINO P/ACC-LOC DEL PZO SOBRE
3002368;SE CONSTR GAVION P/PROTEC ALUVION
3002369;SE CONSTR LOC T.1 CME ALTURA 0,50M
3002370;SE CONSTR LOC T.1 CME ALTURA 0,80M
3002371;SE CONSTR LOC T.1 CME ALTURA 0,90M
3002372;SE CONSTR LOC T.2 CEL-AA-BP
3002373;SE CONSTR YMET ANCLAJE ADIC
3002374;SE CTTR CAÑ 3'DESPLINEANUEVA
3002375;SE CONSTR,UBICACION BASESHORM P/RECTES
3002376;SE CONTRAS,CALIB CRMATOGRAF ON LINE
3002377;SE CONTRAS,CALIB SENSMAS 1-3'
3002378;SE CONTRAS,CALIB SENSMAS 4-6'
3002379;SE CTRL INSEC CASA CATRIEL VALXUNID FUNC
3002380;SE CTRL INSEC CENTRO OPER/COMEDOR
3002381;SE CTRL PLAG CAMP ING
3002382;SE CTRL PLAG CAMP SKANSKA BMO
3002383;SE CTRL PLAG CENTRO OPER PARQ COMEDOR
3002384;SE CTRL PLAG EST MOTOCOMP
3002385;SE CTRL PLAG P/TA AC/D JQ
3002386;SE CTRL PLAG P/TA AGUA INYEC TRANSF
3002387;SE CTRL PLAG P/TAMED JQ
3002388;SE CTRL PLAG P/TA TRAT CRUDO
3002389;SE CTRL PLAG SUBEST TRANSFAS
3002390;SE CTRL PLAG TALLERESMANT+CSMS
3002391;SE CTRL ROED CENTRO OPER,COMEDOR
3002392;SE CTRL ROED CRMATOGRAF MASIC GRAL RG
3002393;SE CTRL ROED EST MULTIFAS R.NEGROMED
3002394;SE CTRL ROED RECINTO RESIDMED
3002395;SE CTRL ROED RECINTO ELECMED
3002396;SE CTRL ROED RECINTOS AIBMED
3002397;SE CTRL ROED SATELITE 5,6 BAT 19MED
3002398;SE CTRL ROED SEP/DOR CTRL 1 SATELITE 4 B
3002399;SE CTRL ROED SUBEST TRANSFASMED
3002400;CONTROL ALINEACION EQ MOTOCOMPRESOR
3002401;CONTROL ALINEACION EQ ROTANTE H / 500HP
3002402;CONTROL ALINEACION EQ ROTANTE MAS 500HP
3002403;CONTROL Y AJUSTE BALANCEO EQ ROTANTE
3002404;SE CTRL,MANT,RECARGA TUBO CO2X45 KG
3002405;SE CORT/D EXT4 11/16 EXTMEC H/2.7/8'
3002406;SE CORT/D.AD EXT 4 11/16 EXTMEC H/2 7/8'
3002407;SE CORTAR CSG 5 1/2'TXP BTC 17 K55 EXTRE
3002408;SE CORTE,ROSC BARRIL POR EXTREMO SRBR310
3002409;SE CROMATOGRAFIA GAS NATURAL EXTENDIDA A
3002410;SE CTTM A° SCH40TB S/REV S/TERR
3002411;SE CTTM CAÑ SCH40S/REV3'A4' S/TERR/CAB
3002412;SE CTTR CAÑ 5.1/2'S/REV INCBFZJ
3002413;SE CTTR CAÑ 2'ERFV T/ESP TERR
3002414;SE CTTR CAÑ 3'ERFV T/ESP TERR
3002415;SE CTTR CAÑ 4'ERFV T/ESP TERR
3002416;SE CTTR CAÑ 6'ERFV T/ESP TERR
3002417;SE CTTR CAÑ 8'ERFV T/ESP TERR
3002418;SE CTTS CAÑ 10'SCH40PARREV ZCOS DBFDO
3002419;SE CTTS CAÑ 10'SCH80PARREV ZCOS DBFDO
3002420;SE CTTS CAÑ 4'SCH40PARREV ZCOS DETBFZJ
3002421;SE CTTS CAÑ 4'SCH80PARREV ZCOS DETBFZJ
3002422;SE CTTS CAÑ 6'SCH40PARREV ZCOS DETBFZJ
3002423;SE CTTS CAÑ 6'SCH80PARREV ZCOS DETBFZJ
3002424;SE CTTS CAÑ 8'SCH40PARREV ZCOS DETBFZJ
3002425;SE CTTS CAÑ 8'SCH80PARREV ZCOS DETBFZJ
3002426;SE CTTS CAÑ 10'SCH40 S/REV S/TERR/CAB
3002427;SE CTTS CAÑ 10'SCH80 S/REV S/TERR/CAB
3002428;SE CTTS CAÑ 6'SCH40 S/REV S/TERR/CAB
3002429;SE CTTS CAÑ 6'SCH80 S/REV S/TERR/CAB
3002430;SE CTTS CAÑ 8'SCH40 S/REV S/TERR/CAB
3002431;SE CTTS CAÑ 8'SCH80 S/REV S/TERR/CAB
3002432;SE CTTS CAÑ 2A3'SCH80PARREV ZCOS BZJ
3002433;SE CTTS CAÑ 2A3'SCH40PARREV ZCOS BZJ
3002434;SE CTTS CAÑ 2A3'SCH80S/REV S/TERR
3002435;SE CTTS CAÑ 2A3'SCH40S/REV S/TERR
3002436;SE CTTS CAÑ 4'SCH40S/REV S/TERR/CAB
3002437;SE CTTS CAÑ 4'SCH80S/REV S/TERR/CAB
3002438;SE MET 2-5 DIAS 2 OPERS
3002439;SE MET 2-5 DIAS 4 OPERS
3002440;SE MET 6-20 DIAS 2 OPERS
3002441;SE MET 6-20 DIAS 4 OPERS
3002442;SE SAN,LIMP ADIC
3002443;SE SAN,LIMP LUN-VIER 8H-17H
3002444;SE ELEC COMPUESTAX2TEC,MOV, VIAT
3002445;SE HLAV C/2 OPERS LUN-VIE 8H-17H
3002446;SE HLAV C/2 OPERS LUN-VIE DESP LAS 17H
3002447;SE HLAV C/2 OPERS SAB DOM,FERIA2
3002448;SE HLAV LUN-VIER 8H-17H
3002449;SE MET C/2 OPERMOV YHTAS EQUIP PESA2LUN
3002450;SE OPERSMET C/MOV YHERR P/EQS PESADOS
3002451;SE OPERS TAR GRAL C/MOV YHERR
3002452;SE SAN,LIMP 3 OPERS L-V 8-17H. C/EQS
3002453;SE SAN,LIMP 3 OPERS L-V DESP 17H. C/EQS
3002454;SE SAN,LIMP 3 OPERS SAB-DOM-FER C/EQS
3002455;SE SAN,LIMP 4 OPERS L-V 8-DESP 17H. C/E
3002456;SE SAN,LIMP 4 OPERS L-V 8H-17H C/EQS
3002457;SE SAN,LIMP 4 OPERS SAB-DOM-FER C/EQS
3002458;SE SAN,LIMP C/2 OPERS LUN-VIE 8H-17H
3002459;SE SAN,LIMP C/2 OPERS LUN-VIE DESP LAS
3002460;SE SAN,LIMP C/2 OPERS SA,DO,FER
3002461;SE TAR GRAL C/2 OPERMOV YHTAS LU-VIE8-17
3002462;SE TAR GRAL C/2 OPERMOV YHTAS LU-VIE D17
3002463;SE TAR GRAL C/2 OPERSMOV YHTAS SAB/DOM,
3002464;SE TAR GRAL,CARGAS LIQ
3002465;SE CUOTA GIMNASIO
3002466;SE CUOTAS VAR SOCIEDAD RURAL/LA NACION/C
3002467;SE ALQ BARR 4 3/4'XT-39 R2 DIAXDC
3002468;SE ALQ BARR 4 3/4'XT-39 R2 MENXDC
3002469;SE DESARME BBA,RECUPMAT SRBR110-2
3002470;SE DESARME BBA,RECUPMAT SRBT110-1
3002471;SE DESB TAPA BIELA,NROM ALOJ COJS BIELA
3002472;SE DESB TAPA BIELA,NROM ALOJ COJS BIELAM
3002473;SE DESB, APORTEMAT,RECTIFICADO ALZAS LEV
3002474;SE DESCMEMORIA RECOLECCIONMANUAL INFOXEQ
3002475;SE DESINSEC
3002476;SE DESINSEC CAMP BORDOMET
3002477;SE DESINST RADMOVIL COMP
3002478;SE DMTJE CA° ALL-SCH2A4'S/REV MTERR
3002479;SE DMTJE CA° ALL-SCH4A6'S/REV S/TECAB
3002480;SE DMTJE CA° ALL-SCH6A10'S/REV S/TECAB
3002481;SE DMTJE CAÑ ERFV 2'A4' TBLAN
3002482;SE DMTJE CAÑ ERFV 2'A4' TDUR
3002483;SE DMTJE CAÑ ERFVT >4' TBLAN
3002484;SE DMTJE CAÑ ERFVT >4' TDUR
3002485;SE DESMET CTEL EXISTENTEMET SOBRE/POST
3002486;SE DESMOV EQS PERF TERM PULL
3002487;SE DETECCCION BACTERIAS BAT SEIS DILUCIO
3002488;SE DETECCCION BACTERIAS BRS SEIS DILUCIO
3002489;SE DETERM ESTADO REVEST DCVG
3002490;SE DETERM POTENCIAL CORR ECORR
3002491;SE DETERM VISCOSIDAD CINEMATICA CST
3002492;SE DIA ADIC TRAIL VIVIENDA
3002493;SE DIA ALQ PIL ACUMULADORA 40M3
3002494;SE DIA ASIST ESPECIALISTA CRMATOGRAFS ON
3002495;SE DIA ASIST ESPECIALISTA REPMASICOS
3002496;SE D/ESP S/PERS,EQUIP PZO SAND TRAP 15KP
3002497;SE D/ESP S/PERS,EQUIP PZO SSV 3 1/16 10K
3002498;SE DIA ING INC DIA UN ING SSR/SR. ACUERD
3002499;SE DIA ING SSR/SR, BASE 8H AEL-ABP-AAA
3002500;SE DIA UNMEDIO OFICIAL, BASE 8H AEL-ABP-
3002501;SE DIA UN OFICIAL, BASE 8H AEL-ABP-AAA
3002502;SE D/ESP S/PERS,EQUIP PZO CHOKEMANIFOLD
3002503;SE D/ESP S/PERS,EQUIP PZO GEN 120 KVA
3002504;SE D/ESP S/PERS,EQUIP PZO LINS ALTA
3002505;SE D/ESP S/PERS,EQUIP PZO LINS BJA
3002506;SE D/ESP S/PERS,EQUIP PZO LUM
3002507;SE D/ESP S/PERS,EQUIP PZOMUERTOS,ROUND S
3002508;SE D/ESP S/PERS,EQUIP PZO PIL ACUM
3002509;SE D/ESP S/PERS,EQUIP PZO PIL ENSAYO
3002510;SE D/ESP S/PERS,EQUIP PZO SEP/DOR
3002511;SE D/ESP S/PERS,EQUIP PZO TQE AGUA POTAB
3002512;SE D/ESP S/PERS,EQUIP PZO TQE GAS OIL
3002513;SE D/ESP S/PERS,EQUIP PZO TRAIL LABORAT.
3002514;SE D/ESP S/PERS,EQUIP PZO TRAIL VIVI
3002515;SE DIA TEC CAMPOMET,PEM ING SR/SSR
3002516;DIAGNOSTICO INTEGRAL MOTOR CON 12 CIL
3002517;DIAGNOSTICO INTEGRAL MOTOR CON 6 CIL
3002518;DIAGNOSTICO TERMODINAM CIL COMPR 12 VALV
3002519;DIAGNOSTICO TERMODINAM CIL COMPR 4 VALV
3002520;DIAGNOSTICO TERMODINAM CIL COMPR 8 VALV
3002521;SE DIBUD TEC
3002522;SE DIFERENCIA CBIO P/CLIENTES
3002523;SE DINAM CGO. ADIC P/DIA FIN SEMANA Y/O
3002524;SE DINAM CGO.MESXASIST 2 DIASXSEMANA
3002525;SE DINAM CGO.MESXLICENCIA DEL VISUALIZAD
3002526;SE DINAM CGO.XDR ADIC LU-VI DESP LAS17H
3002527;SE DISP FINAL RESID TRATADOSXDESORCION T
3002528;SE DMTJE CA° ROSC 2'A4' S/TERRCAB
3002529;SE DMTJE CA° ROSC 4'A6' S/TERRCAB
3002530;SE DMTJE CA° ROSC 6'A10' S/TERRCAB
3002531;SE 2 ESPARRAGADA 11' 5K PSI-11 3.000 PSI
3002532;SE DRILLING SPOOL 7 1/16' 10.000 PSI,ADA
3002533;SE DRILLING SPOOL C/SALIDAS LATERALES P/
3002534;SE DTM JAGUEL LOSMS -E/LOMAS 60KM
3002535;SE DTM BORDEMET JAGÜEL LOSMS 100KM
3002536;SE DTM BORDEMET-BJADA PALO 45KM
3002537;SE DTM E/PZOSMULTIPADH/15KM-25KM
3002538;SE DTM E/PZOSMULTIPADH/25KM-50KM
3002539;SE DTM E/PZOSMULTIPADH/10KM-15KM
3002540;SE DTM EQS COMM PERF TERM PULL
3002541;SE DTMH/15KM P/CHADA C/PLATO P/TUB
3002542;SE DTM INTRA PAD 4 PZOS SEP 10M
3002543;SE EB-1031 DESEMULSIONANTE PTL
3002544;SE ECODINAM SERVMED FISICA TDS/DIAS LBRL
3002545;SE EDR SIST BASE ELEC DRILLING RECORDER
3002546;SE EIA/AA ACTIV CONSTR /MODIFICACION P/T
3002547;SE EIA/AA ACTIV PERF PZO EXPLORADOR
3002548;SE EJEC PBAHIDR DUCTOS, 10'
3002549;SE EJEC PBAHIDR DUCTOS, 2,3'
3002550;SE EJEC PBAHIDR DUCTOS, 4'
3002551;SE EJEC PBAHIDR DUCTOS, 6'
3002552;SE EJEC PBAHIDR DUCTOS, 8'
3002553;ELEM CHOKE LINE 2 1/16'X10000 PSI INC L
3002554;SE EMPLM CAÑ EBAT P/POZPROD
3002555;SE ENDR CUERP TBNG
3002556;SE DMTJE CA° ROSC6'A10' S/TERRCAB
3002557;SE ERSQ TUB H/13.3/8' S/CONT TORQ
3002558;SE ERSQ TUB H/13.3/8' C/CONT TORQ
3002559;SE ERSQ TUB H/3.1/2 S/CONTORQ
3002560;SE ERSQ TUB H/3.1/3 S/CONTORQ
3002561;SE ERSQ TUB H/5.3/4'
3002562;SE ERSQ TUB H/7 C/TORQ
3002563;SE ERSQ TUB H/8 S/TORQ
3002564;SE ERSQ TUB H/9
3002565;SE ENSAYO REG NIVEL
3002566;SE EPVT – TOTIZADOR VOL TQES HASTA 8 PIL
3002567;SE EQ C/LIQ 35 DR ON CALL 24H
3002568;SE EQ SOLD C/AYUDANTE, CANISTA YMOV
3002569;SE ESPERA LLAVE ENTUBAR
3002570;SE ESTMES PERM CAJA CORONAS/CUTTING
3002571;SE ESTMES PERM CAJA PLUG/LATERALES:
3002572;SE ESTUDIO IMPACTO AMB INST
3002573;SE ESTUDIO IMPACTO AMB PERF PZOS
3002574;SE EXCAV C/RETROX
3002575;SE EXCAV ZJA 0.60MX1.50M, C/RETROX,TERBL
3002576;SE EXCAV ZJA 0.60MX1.50M, C/RETROX,TERDU
3002577;SE EXCAV ZJA 0.60M X0.80M,C/RETROX,TERBL
3002578;SE EXCAV ZJA 0.60M X0.80M,C/RETROX,TERDU
3002579;SE EXCAV P/TEND,TAPADO CBL CATODICO
3002580;SE EXCAV ZJA 0.60MX1.50M, RETROX YMART,
3002581;SE EXCAV ZJA 0.60M X0.80M, RETROX YMART,
3002582;SE EXCAV ZJA 0.60MX1.50M, C/HERRMANUALES
3002583;SE EXCAV ZJA 0.60M X0.80M, C/HERRMANUALE
3002584;SE EXCAV, CATEOS YMOV SUELOS
3002585;SE EXCESOKM P/DTM E/PZOSMULTIPAD
3002586;SE EXCESOKM P/CHADA C/PLATO P/TUB
3002587;SE EXT, PROLONG P/PESC. CGO. BASXMXPULG
3002588;SE EXT, PROLONG P/PESC. CGO.XMXPULG DIAM
3002589;SE EXT CENTRALZIADORES VARS BBEO
3002590;SE EXTRAC REVEST RES EPOX CAÑ
3002591;SE EXTRAC REVEST POLIET CAÑ
3002592;SE FABR BATCHEADOR 25 LITROS
3002593;SE FABR CANASTOS P/TRANSP VARILL BBEO
3002594;SE FABR CTEL CHAP ALUM. 1MM CUAD O ROMB
3002595;SE FABR CTEL CHA AL 1MMRECT1,2KX800MM
3002596;SE FABR CTEL CHA AL 1MMRECT600X1000MM
3002597;SE FABR CTEL CHA AL 1MMRECT800X600MM
3002598;SE FABR CTEL CHA AL 1MMTRIANG 750MMLAD
3002599;SE FABR CTEL CHA AL 3MMRECT1,2KX800MM
3002600;SE FABR CTEL CHA AL 3MMRECT600X400MM
3002601;SE FABR CTEL CHA AL 3MMRECT800X600MM
3002602;SE FAB COVER P-NC38XBX XT39
3002603;SE FAB COVER P-NC46XBX HT38LTOT.16'
3002604;SE FAB SSUB P-HT38XBX6 5/8'REG ESPJ13'
3002605;SE FAB SART P/MAN CON LIN COND
3002606;SE FABR SPTE TPOMEOPOST
3002607;SE FABR ESCALERA C/GUARDAHOMBRE P/EQ AIB
3002608;SE FABR YMET CUELLOS CISNEMÁNIFOLDS BAT
3002609;SE FABR YMET DRENAJ RECIP SOMET-PRES
3002610;SE FABRES Y/O REPESMETALURGICAS
3002611;SE FEE REP < 180M3/D SND
3002612;SE FEE REP < 180M3/D SSD
3002613;SE FEE REP > 180M3/D SSD
3002614;SE FEE REP PZO AGUA
3002615;SE FIJ GAB EXTIN-PARPOST
3002616;SE FLETE CAM BATEA 25M3XKM.
3002617;SE FLETE VIAJE C/SOL CAP. 25 TN C/SOL-
3002618;SE FLETE VIAJE C/SOL CAP. 25 TN C/HIDGR
3002619;SE FLU BASE AGUA PERDIDO FORMACION SEC12
3002620;SE FLUID FRACTXETH/40 BPM C/ 12H. AL DIA
3002621;SE FRACHEAD DIA ADIC DESP DEL PRIMERO
3002622;SE FRACHEADMOV INST,PRIMER DIA OPER
3002623;SE FRACT FM PUNTA ROSADA 100-300 B.
3002624;SE FRACT FM TORDILLO 100-300 B.
3002625;SE FRACT FM TORDILLO 301-500 B.
3002626;SE FRACT FM TORDILLO 501-700 B.
3002627;SE FRACTXET FRACT WIRE PUMPDOWN FRAC ASS
3002628;SE FRESAS P/AS, C/ESTAB, C/ICAS, ESTABIL
3002629;SE FRESAS P/AS, C/ESTABILIZADOR, C/ICAS,
3002630;SE GASTMEDICOS SWISSMEDICAL ADH
3002631;SE GAST VRIO OF BIDONES AGUA
3002632;SE GAST VRIO OF CAFE OFS
3002633;SE GAST VRIO OF FRUTAS
3002634;SE GAST VRIO OF LIBRERIA, ESCRIBANOS
3002635;SE GAST VRIO OF EXENTOS LIBRERIA, ESCRIB
3002636;SE GENTE P/CARGA,DESC PERSOXH
3002637;SE GR CGO. PROF
3002638;SE GR CGO. REG
3002639;SE H°A° P/BASEH21 50KG/CM3 AO
3002640;SE HGASHAZARDOUS GAS ALARM LEL+H2S+ ALAR
3002641;SE HIDGR 10 TNM C/OPER,BARQUILLA,HERRMEN
3002642;SE HLAVMEMBRANA
3002643;SE HIDROLAVA C/OPER
3002644;SE ADMINISTRACIÓN FONDO SANTANDER/WATSO
3002645;SE AUD EXT VISTAO&G S.A.B C.V
3002646;SE AUD EXT VISTAO&G S.A.B C.V /ANUALES
3002647;SE AUD EXT APCO O&G INT INC
3002648;SE AUD EXT APCO O&G INT INC /ANUALES
3002649;SE AUD EXT REVISION PURCHASE PRICE ALLO
3002650;SE AUD EXT VISTAO&G ARG
3002651;SE AUD EXT VISTAO&G ARG /ANUALES
3002652;SE PROFES ASESORIA COMP.MANAGEMENT
3002653;SE PROFES IMPACTOS IMPLEM SAP
3002654;SE PROFESMIGRACION IMPLEM SAP
3002655;SE PROF LIB PERSO FISICA
3002656;SE PROF LIB PERSO FISICA AUCERNA
3002657;SE PROF LIB PERSO FISICA OTROS
3002658;SE H ADIC S 1RA DIEZHS LOC
3002659;EQUIPO DE VACIO 9M3 - HORA ADICIONAL
3002660;SE H ADIC CAM PBAHIDR-DESBLQ PZOS LU-VI
3002661;SE H ADIC SUCC LUN-VIE DESP 17H
3002662;SE H ADIC SUCC SABDOM O FER
3002663;SE H ADIC SABADO DOM FER
3002664;SE H ADIC SABADO-DOM-FER EQ VAPOR
3002665;SE H ADIC VAPOR DESP LAS 17H
3002666;SE H ADIC VAPOR PULL DESP LAS 17H
3002667;SE H ADICHWAT-OIL SAB, DOM,FER20:01H-0
3002668;SE H ADICHWAT-OIL LUN-LUN 20:01H-07:59H
3002669;SE H ADICHWAT-OIL LUN-VIER 20:01H-07:59H
3002670;SE H ADIC WLINE LUN-VIER DESP LAS 17H
3002671;SE H CAM VAC P/EVACUACION LIQUI2PIL P/BA
3002672;SE H CSGMATCH
3002673;SE H ESPERA USO EXC SOLD PRFV < 36'DIAM
3002674;SE H ING JUNIOR
3002675;SE HMARTMÁSMOTOCOMPMÁS OPER
3002676;SE H RETREXCAVADORA P/CONSTR PIL
3002677;SE H TORNO CHICO
3002678;SE H VAPOR P/LIMP OTROSMAT
3002679;SE H ESPERA LOC C/BBA
3002680;SE H ESPERA LUZ DIURNA FMAY C/PIL,BBA
3002681;SE H OPER NORMAL C/BBA
3002682;SE H STAND BY LUN-VIER
3002683;HORA TALLER MANT PREVENTIVO/CORRECTIVO
3002684;SE HS GUARDIAMESA AYUDA PRAGMATICA
3002685;SE HS EXCEDENTES P/CSG RUNNING,CSG WHILE
3002686;SE HS TALLER MECANIZADOS,MET,MOVS, ETC.
3002687;SE H EXTRAS 100% TEC REPRESENTANTE SEG
3002688;SE H EXTRAS 50% TEC REPRESENTANTE SEG
3002689;SE H EXTRAS AL 100% SUPERV TEC OPER
3002690;SE H EXTRAS AL 50% SUPERV TEC OPER
3002691;SE IDIOMAS-CGO. DEL EMPLEADO
3002692;SE IMAN VEHI 0,8MM 0,60X1,00M SIN DECO
3002693;SE IMPORTE FLETE COMPARTXTN/KM C/SOL B
3002694;SE IMPRESOR PLOMO, CGO. BASXPULG DIAM EX
3002695;SE IMPRESOR PLOMO, CGO.XPULG DIAM EXT P/
3002696;SE INCENT ZON A-B-C S/TERM EFECT PZOS T1
3002697;SE INCENT ZON A-B-C S/TERM EFECT PZOS T2
3002698;SE INCENT ZON A-B-C S/TERM EFECT PZOS T3
3002699;SE INCENT ZON A-B-C S/TERM EFECT PZOS T4
3002700;SE INDICADOR LUMINOSO LIMITE VELOCIDAD I
3002701;SE INFORME RELEV,NIVELACIONMOV SUELOS
3002702;EMBR17884A
3002703;SE INH INCRUSTACIONES EC6544A EX EC6094A
3002704;CORR11499A
3002705;SE INH. INCRUSTACIONES CAPSUL SCAL10075B
3002706;SE INHIBIDOR CORR P/OPER C/HCL
3002707;SE INSERTOS ROSCAS TAPA CIL/BBA AGUAMOT
3002708;SE INSP C/CALIBRES CERTIFICA2EXTREMOS,RO
3002709;SE INSP EXTREMOS VARS C/CENTR INYECTA2
3002710;SE INSP NO DEST CSG
3002711;SE INSP NO DEST PERNOS BIELA AIB
3002712;SE INSP NO DEST TUBH/3 1/2'
3002713;SE INSP NO DEST TUB VAR BBEOH/1'
3002714;SE INSP RECIPS SOMET-PRES BAT SEP/HOR36'
3002715;SE INSP RECIPS SOMET-PRES BAT SEP/VERT 2
3002716;SE INSP RECIPS SOMET-PRES EMC PULME ASP
3002717;SE INSP RECIPS SOMET-PRES EMC SEP/DORES
3002718;SE INSP,CALCUP VAR
3002719;SE INSP,ENSAY RECIPS SOMET-PRES
3002720;SE INSP YMANT CSGH/Ø 13.3/8'
3002721;SE INSP YMANT CSGH/Ø 5.1/2'
3002722;SE INSP YMANT CSGH/Ø 7'
3002723;SE INSP YMANT CSGH/Ø 9.5/8'
3002724;SE INSP YMANT TUBH/13 3/8 USADO
3002725;SE INSP YMANT TUBH/2 7/8 USADO
3002726;SE INSP YMANT TUBH/20 USADO
3002727;SE INSP YMANT TUBH/3 1/2 USADO
3002728;SE INSP YMANT TUBH/4 1/2 USADO
3002729;SE INSP YMANT TUBH/5 1/2 USADO
3002730;SE INSP YMANT TUBH/5 USADO
3002731;SE INSP YMANT TUBH/7 USADO
3002732;SE INSP YMANT TUBH/9 5/8 USADO
3002733;SE INST CAPACITORES JUEGO TRES C/VINC
3002734;SE INST SECCADOR BAD CARGA C/VINCCION
3002735;SE INSTAL SECCIONADOR XS O CAMBIO (x UN)
3002736;SE EXTIN 10KG
3002737;SE INST SUP: CONSTR E INST TRASL CERCOS,
3002738;SE INST RAD PICK-UP
3002739;SE INST RADMOVIL C/EXTENCION CABEZA CTRL
3002740;SE INST,AJ ANT VHF BASE C/CBL
3002741;SE INST,P/MCHA SIST PROT. CATODICA NUEVO
3002742;SE INT PROVEEDORESXPAGO FUERA TERMINO
3002743;SE INYEC. CENTRA. RASC ZK-32-RS VAR BBO
3002744;SE INYEC. CENTRA. STD ZK-32-ST VAR BBO D
3002745;SE INYEC CENTR CAÑ PROD TUB DIAM 2 3/8'
3002746;SE INYEC CENTR CAÑ PROD TUB DIAM 2 7/8'
3002747;SE DR ADIC CAM VAC 9M3 SAB DOM FER
3002748;SE DR ADIC CAM PBAHIDR-DESBLQ PZOS SAB-
3002749;SE DR ADIC P/MCHA O CORRIMIENTO
3002750;SE DR ADICHWAT-OIL LUN-VIE 08:00H-20:00
3002751;SE DR ADICHWAT-OIL SABADO, DOM,FER 08:0
3002752;SE DR OPER 8H FRACABLE-1/2 P/LIMP OTROS
3002753;SE TECNICO MAT.  SEG E HIGIENE (QHSE)
3002754;SE DR TALLERMOVIL, EQUIPADO P/TRAB CAMP
3002755;SE CAN COLEC. CGO. BASXC PULG DIAM EXTXD
3002756;SE CAN COLEC.CGO.XC PULG DIAM EXTXDIA AD
3002757;SE JUNK CATCHER, PESACDOR. CGO.XC/P Ø EX
3002758;SE JUNK CATCHER, PESC. CGO. BASXC PULG D
3002759;SE KG SPTE CAÑERÍA,ACC PINTA2
3002760;SE KG SOPTARIA SOLO P/VINCCION GASD, OLE
3002761;SE KMTRJE REC VEHC LIV P/TRASL PERS
3002762;SE KMTRJE REC VEHC PESADO AUTOBBA
3002763;SE SEMI/HIDRO COSTO X KM
3002764;SE KMTRO REC-P/TA TRAT SOLID
3002765;SE K RECORRI2
3002766;SE K RECORRI2CATRIEL-E/LOMAS-CATRIEL
3002767;SE K RECORRI2CATRIEL-MED-CATRIEL
3002768;SE KM UNID LIV 4X4 IDA UNICAMENTE
3002769;SE LAVO,DESCARTE VISUAL VAR, EXTCUP
3002770;SE LAVO,EXTRAXIONCUPS TUB 2.3/8'Y 2.7/8'
3002771;SE LAVO, INSP COMP, CAL,AC/D TUB
3002772;SE LAVO, INSP COMP, CAL,AC/D VAR
3002773;SE LIBRADO BBA APRISIONADA TUB SRBR260
3002774;SE LIH TPON RECUP P/CW2 P/CSG 4,5'/5
3002775;SE LIMP EXT AEROS GRAN PORTE
3002776;SE LIMPHIDROCINETICA INTCAMBIADOR CASCO,
3002777;SE LIMP INTNA QUIMICA
3002778;SE LIMP INTNA,EXT CAUDALIMMASICO
3002779;SE LIMP,CALIB CTRLADOR FOXBORO 43AP
3002780;SE LIMP,CALIBMASICOS. DIAM 1 1/2'
3002781;SE LIMP,CALIBMASICOS. DIAM 1'
3002782;SE LIMP,CALIBMASICOS. DIAM 2'
3002783;SE LIMP,CALIBMASICOS. DIAM 3'
3002784;SE LIMP,CALIBMASICOS. DIAM 4'
3002785;SE LIMP,CALIB REGISTRADOR 3 VAR
3002786;SE LIMP,CALIB VALV AREG .MOD. 201
3002787;SE LIMPES EXTIN ANHCAR1KG
3002788;SE LIMPES EXTIN ANHCAR10KG
3002789;SE LIMPES EXTIN ANHCAR2KG
3002790;SE LIMPES EXTIN ANHCAR2.1/2KG
3002791;SE LIMPES EXTIN ANHCAR20KG
3002792;SE LIMPES EXTIN ANHCAR25KG
3002793;SE LIMPES EXTIN ANHCAR3.1/2KG
3002794;SE LIMPES EXTIN ANHCAR5KG
3002795;SE LIMPES EXTIN ANHCAR7KG
3002796;SE LIMP,PINT PTESUP PZOS GRAL
3002797;LIMP Y VAPOR EQUIPOS - SERVICIO
3002798;SE LIMLUBPRE EXTIN AFFF10KG
3002799;SE LIMLUBPRE EXTIN AFFF100KG
3002800;SE LIMLUBPRE EXTIN AFFF5KG
3002801;SE LIMLUBPRE EXTIN AFFF50KG
3002802;SE LIMLUBPRE EXTIN HCFC10KG
3002803;SE LIMLUBPRE EXTIN HCFC2.1/2KG
3002804;SE LIMLUBPRE EXTIN HCFC25KG
3002805;SE LIMLUBPRE EXTIN HCFC5KG
3002806;SE LIMLUBPRE EXTIN PQS1KG
3002807;SE LIMLUBPRE EXTIN PQS10KG
3002808;SE LIMLUBPRE EXTIN PQS100KG
3002809;SE LIMLUBPRE EXTIN PQS2.1/2KG
3002810;SE LIMLUBPRE EXTIN PQS25KG
3002811;SE LIMLUBPRE EXTIN PQS250KG
3002812;SE LIMLUBPRE EXTIN PQS5KG
3002813;SE LIMLUBPRE EXTIN PQS50KG
3002814;SE LIMLUBPRE EXTIN PQS70KG
3002815;SE LITRO INHIBIDOR CORR ACI2
3002816;SE LOC PZO PEL.RN.EM-2005D ACTUAL: 30% A
3002817;SE LRV – VIS RTIME+APP VIEWER P/IOS/ANDR
3002818;SE M2 CTEL CIRCULAR,MED NO CONT
3002819;SE M2 CTEL VIN AADHES CALAND E IMP-FLUM
3002820;SE M2 CTEL RECT, CUAD O ROMB MED NO CONT
3002821;SE M2 CTEL RECT, CUAD O ROMBMED NO CONT.
3002822;SE M3 C/EX ARM PTS FIJ,CAM P/ALOJAR VALV
3002823;SE M3HORM CL'A'C/50 KG FE/M3 E/1M3,3M3
3002824;SE M3HORM CL'A'C/50 KG FE/M3H/1M3
3002825;SE M3HORM CL'A'C/50 KG FE/M3MÁS 3M3
3002826;SE M3HORM CL'B'C/25 KG FE/M3 E/1M3,3M3
3002827;SE M3HORM CL'B'C/25 KG FE/M3MÁS 3M3
3002828;SE M3HORM CL'C'E/1M3H/3M3
3002829;SE M-8041 SECUESTRANTE SH2
3002830;SE M.OB ITEM UNICO PERF
3002831;SE M.OB ITEM UNICO WORKOVER
3002832;SE M.OB P/APLICACION PINT PRIMER SUPMET
3002833;SE M.O. P/EJEC ARENADO INSP SUP MET
3002834;SE M.OB P/LA EXT PRFV APLICADO SOBRE/SUP
3002835;SE M.OB YMAT P/INST O REP NPLE 1'PRFV
3002836;SE M.OB YMAT P/INST O REP NPLE 1/2'PRF
3002837;SE M.OB YMAT P/INST O REP NPLE 1/4'PRF
3002838;SE M.OB YMAT P/INST O REP NPLE 3/4'PRF
3002839;SE M.OB YMAT P/SOLD O REP 10'PRFV
3002840;SE M.OB YMAT P/SOLD O REP 12'PRFV
3002841;SE M.OB YMAT P/SOLD O REP 14'PRFV
3002842;SE M.OB YMAT P/SOLD O REP 16'PRFV
3002843;SE M.OB YMAT P/SOLD O REP 2'PRFV
3002844;SE M.OB YMAT P/SOLD O REP 3'PRFV
3002845;SE M.OB YMAT P/SOLD O REP 4'PRFV
3002846;SE M.OB YMAT P/SOLD O REP 6'PRFV
3002847;SE M.OB YMAT P/SOLD O REP 8'PRFV
3002848;SERVICIO MANT. PREVENTIVO MED-RN
3002849;SE MANT CTRL ACCS,CAMARAS SEG
3002850;SERV MANTEN MOTCOMP 4500H
3002851;SERV MANT MOTCOMP 9000H - ADIC 4500H
3002852;SE MANT CALENTADOR PETR BAT
3002853;SE MANT CALENTADOR PETR PTC
3002854;SE MANT EQ AIRE AC/D
3002855;SE MANT LINS AEREAS MEDIA TENS PIQUETES
3002856;SERV MANT MOTCOMP JORNADA
3002857;SE MANTMOTES AIB CALL OUT LUN-VIER
3002858;SE MANTMOTES AIB CALL OUT SAB, DOM,FER
3002859;SE MANTMOTES AIBMES 4 DRS/MES
3002860;SE MANT SUBEST DISTRIBUCION
3002861;SE MANT SUBEST TRANSFA
3002862;SE MANT VALV TEATRO: DESARME, LIMP, LUBR
3002863;SE MANT GAB EXT, REMOCION OX/PINT
3002864;SE MANT SEMESTRAL UNID LACT
3002865;SE MANT SOFTWARE
3002866;SE MANT,CAMARA ESPUMA SIN PINT
3002867;SE MANT,GABMETALICO, C/PINT,NUMEROS INCL
3002868;SE MANT YHIDRANTE C/PINT INCLUIDA
3002869;SE MANT,LANZA CHORRO NIEBLA DESARM,ARM
3002870;SE MANT YMEITOR, C/BOLILLAS, O´RING,PIN
3002871;SE MAN VALV 4S150
3002872;SE MAOYT. 25MAYO-MED PCIA R.NEGRO
3002873;SE MART ELÉCTRICO C/UN OPER, GEN YMOV
3002874;SE MART NEUM C/UN OPER, COMP YMOV
3002875;SE MAYORES COST GENERACION ENERGIA ELEC
3002876;SE MC-SS-5199 ANTIC/GELANTE PZOS OIL
3002877;SE MED CAUDAL FLOW LOG TRACERS
3002878;SE MED ESPES CAÑS SIN AISL DIAM DE8'A 1
3002879;SE MED ESPES CAÑS SIN AISL DIAMH/6'INCLU
3002880;SE MED ESPES CAÑS SIN AISL DIAMMAY-12'
3002881;MEDICION FLEXION CIGÜEÑAL COMPRESOR
3002882;SE MED PRES ENSAY RECUP PRES
3002883;SE MED PRES GRADIENTES ESTATICOS
3002884;SE MED P/M DPA RES. 886-15 P/MUESTRAS AG
3002885;SE MED P/M EFLUENT CLOACALES RES.378-92
3002886;ANALISIS VIBRAC EQ ROTANTE INVESTIGACION
3002887;ANALISIS VIBRAC EQ ROTANTE MONITOREO
3002888;SE MED NIVEL ILUMINACIONXINST
3002889;WINDROCK MOTOR CON 6 CIL
3002890;SE MEIT OB,TAR INST,PZOS DEL AAA UB. PR
3002891;SE MEIT OB,TAR INST,PZOS DEL ABP UB. PR
3002892;SE MEIT OB,TAR INST,PZOS AEL UB. PR NEU
3002893;SE MEIT OB,TAR INST,PZOS AEL UB. PR RNE
3002894;SE MEIT REMOTO PZOS E INST
3002895;SE MET CTEL INDICADOR CAÑ ERFV, C/EX,PI
3002896;SE MET C/JUNTO ESTRUCTURA RETEN ANGULAR
3002897;MONTAJE DE ENLACES RADIOS SPREAD 900MHz
3002898;SE MET LINS 33KV GLOBAL S/CPP SIN SUBES
3002899;SE MET POSTMADH/2M ALTURA
3002900;SE MET POSTMETALH/2M ALTURA
3002901;SE MET PTESUP PZO PRODR SURG: ADJ 951/1
3002902;SE MET SUBEST 33/0,4 KV COMP. CERCO,MAL
3002903;SE MET TRAM LIN ROSC LOC P/C/EX ELEC
3002904;SE MET E INST SPTE, ARO YMANGA IND DIRE
3002905;SE MET LUBRICADOR INST/RETIRO BPV O TWC
3002906;SE MET PTESUP PZO PRODR C/SIST BBEOMEC:
3002907;SE MET PTESUP PZO PRODR SIST ELSUM: ADJ
3002908;SE MET VALV AXELSON,SEP/DOR SIN PROTECC
3002909;MONTAJE Y PROGRAM DE RADIOS EN VEHICULOS
3002910;SE MET/DESMET EQ AIRE AC/D
3002911;SE MOT ELEC BOBINADO,CBIO RODAMIENTO 1/3
3002912;SE MOV CONT INC VEHC,SEGURO,COMBE
3002913;SE MOV PERS TEC C/INSTRUMENTOS
3002914;SE MOVMED-R.NEGRO INC VEHC, SEGURO, COMB
3002915;SE MOVMEDS-R.NEGRO 1-4 PERSOS
3002916;SE MOV /DEMOV P/CHADA C/PLATO P/TUB
3002917;SE MOV /DESMOV EQ TESTING
3002918;SE MOV BASE NEUQ BORDEMET 160KM
3002919;SE MOV PIL 70 DEBASE AL PZO CGO.XMOV
3002920;SE MOV PIL ENSAYO DEBASE AL PZO
3002921;SE MOV TRAIL LAB DEBASE AL PZO
3002922;SE MOV TRAIL VIVIENDA DEBASE AL PZO
3002923;SE MOV DEL SEP/DOR DEBASE AL PZO CGO.XM
3002924;SE MOV EQ DISTANCIAMAYOR-30KM
3002925;SE MOV EQS PERF TERM PULL
3002926;MOV GRUA C/MAXIMA 80 TN
3002927;SE MOVMANIFOLD, LINS ALTA,BJA, LUM, GEN,
3002928;SE MOVMEDH/BJADA PALO
3002929;SE MOVILIZACIÓN USO EXC SOLD PRFV SEAMEN
3002930;SE MOV,DESMOV-YAC
3002931;SE MOV,DESMOV EQ FRACT,TERCEROS
3002932;SE MOV,DESMOV P/METMED BOCA PZO
3002933;SE MOV,DESMOV P/TEND LIN
3002934;SE MOV/DESMOV EQS TORRE
3002935;SE MOV SUELOS BLANS
3002936;SE MOV SUELOS TERRS BLANS ARCILLAS, LIMO
3002937;SE MOV DEL EQ LOCMULTIPAD
3002938;SE MTJE ACC.AO KIT DESP/FINADOR, 3'ERFV,
3002939;DRILL - MUESTRAS .ADIC. BOTELLAS 450 CC
3002940;DRILL- MUEST.AGUA SEC ECOLOGICA MDT
3002941;SE MX-2363 DISPERSANTE ASFALT,P/FINAS
3002942;SE MX-3-1449 DISP P/FINAS
3002943;SE MX-6-2960 FLUID PACKER
3002944;SE NROM ALOJ BUJE PERNO ZAPATA P/COMP 3R
3002945;SE NOTA CREDITO-RECIBIR IVA 21
3002946;SE NOTA CREDITO PROD QUIS
3002947;SE OB EDILICIA LLAVE ENMANO
3002948;SE OFICIAL CANISTA C/EQUIP,TJAS P/ARM CA
3002949;SE OPER ADIC
3002950;SE OPER ADIC SINMOV DR 8H-17H.
3002951;SE OPERMET C/MOV YHERR P/EQS PESAD AIB
3002952;SE OPER P/CARGA DESC VIAJE LARGA DIST
3002953;SE OPER P/MET EQS PESA2LUN-VIE 8H-17H
3002954;SE OPER TAR GRAL C/MOV YHERR
3002955;DRILL - OPT. GR AZIMITHAL AT RSS 2M FROM
3002956;SE OVERSHOT SERIE 150. CGO. BASXPULG DIA
3002957;SE OVERSHOT SERIE 150. CGO.XPULG DIAM EX
3002958;SE OVERSHOT SERIE 70. CGO. BASXPULG DIAM
3002959;SE OVERSHOT SERIE 70. CGO.XPULG DIAM EXT
3002960;SE PACKERHIDRA PHRP 5 1/2'X2 7/8'STD
3002961;SE PASON GAS ANALYZER C1, C2, C3, C4, GA
3002962;SE PATENTE AUTOMOVIL
3002963;SE PERF CSG REAMER XCDR510 5'X5 3/8'
3002964;SE PERF DEL PZO, ENTUBACION, BJADA ANODO
3002965;SE PERF PZO DISPERSOR
3002966;SE PERF SECINT 8 3/4'PZO 5 AL 8 SIN SC
3002967;SE PERF SECINT 8 3/4'PZO 5-8 C/CS
3002968;SE PERF SECINT 8 3/4'//PZO 1 AL 4 SIN SC
3002969;SE PERF SECINT 8 3/4'PZO 1-4 C/CS
3002970;SE PERF SECPROD 6 1/8'HORPZO 5 AL 8 SIN
3002971;SE PERF SECPROD 6 1/8'HORPZO 1 AL 4 SIN
3002972;SE PERF SECPROD 6 1/8'HORPZO 1-4 C/CS
3002973;SE PERF SECPROD 6 1/8'HORPZO 5-8 C/CS
3002974;SE PERF SECPROD 6 1/8'HORPZO 9 AD SIN CS
3002975;SE PERF SECPROD 6 1/8'HORPZO 9 AD C/CS
3002976;SE PERF SECPROD 6 1/8' SIN HERR DIR
3002977;SE PERF SECSUP 12 1/4'PZO 5 AL 8 SIN SC
3002978;SE PERF SECSUP 12 1/4'PZO 9 AD C/CS
3002979;SE PERF SECSUP 12 1/4'PZO 1A4 C/CS
3002980;SE PERF SECSUP 12 1/4'PZO 1 AL 4 SIN CS
3002981;SE PERF SECSUP 12 1/4'-. PZO 9 AD SIN CS
3002982;SE PERF SECSUP 12 1/4'PZO 5-8 C/CS
3002983;SE PERF SECSUP 12 1/4'PZO 5-8 TARIFM BMO
3002984;SE PERF SECINT 8 3/4 PZO 9 AD SIN CS
3002985;SE PERF SECSUP 8 3/4'PZO 9 AD C/CS
3002986;SE PERF SECSUP 8 3/4'PZO 5-8 TARIFM BMO
3002987;SE APERF SECSUP 8 3/4'PZO 5-8 TARIFAMETR
3002988;SE PERF SECVERT 6 1/8'HOYO PIL C/HTAS DI
3002989;SE PERF SECVERT 6 1/8'HOYO PIL SINHTAS D
3002990;SE PERS APOYO OPER BES OVERHEAD
3002991;SE PESC ARPON. CGO. BASH/8 1/2'P/DIA
3002992;SE PESC ARPON. CGO. P/DIA ADICH/8 1/2'
3002993;SE PESC CANGRED, PESC INTNO. CGO. BASXC
3002994;SE PESC CANGRED, PESC INTNO. CGO.XC/P Ø
3002995;SE PESC CIRC INVERSA. CGO. BASXC/P Ø EXT
3002996;SE PESC CIRC INVERSA. CGO.XC/P Ø EXTXDIA
3002997;SE PESC SCRUVEL,ESPIRALADO. CGO. BASH/9
3002998;SE PESC SCRUVEL,ESPIRALADO. CGO. P/DIA A
3002999;SE PINTADO EXT TQE API 160M3 9.2X2.5M
3003000;SE PINTADO EXT TQE API 80M3 4.5X4.9M
3003001;SE PINTADO INT TQE API 160M3 9.2X2.5M
3003002;SE PINTADO INT TQE API 400M3 7.6X9.5M
3003003;SE PINTADO INT TQE API 80M3 4.5X4.9M
3003004;SE PINT INT TAPAS CILMOT L7042GSI /L7042
3003005;SE GEST AMB AGUA AMARGA 1 P/TA
3003006;SE GEST AMB BJADA DEL PALO 2 P/TAS
3003007;SE GEST AMB E/LOMAS 22 P/TAS
3003008;SE P/CHUELA 1'X1/4'X1,00M P/ALAMBRADO
3003009;SE PIALTIM 1 COP PAPEL,2ARCH ELEC L0-100
3003010;SE PIALTIM 1 COP PAPEL,2ARCH ELEC L1000A
3003011;SE PIALTIM 1 COP PAPEL,2ARCH ELEC L>D
3003012;SE PLUS ZANJEO C/ZJADORA ANCHMIN0,60CM
3003013;SE PTAMECHA. BAR PESO. CGO. BASXMXPULG D
3003014;SE POSTMAD DUR 3'X3'X2,50M INC BUL
3003015;SE POSTMAD DUR 3'X3'X3,00M INC BUL
3003016;SE POSTMAD DUR 3'X3'X3,30M INC BUL
3003017;SE POSTMAD DUR 4'X4'X2,50M INC BUL
3003018;SE POSTMAD DUR 4'X4'X3,00M INC BUL
3003019;SE POSTMAD DUR 4'X4'X3,30M INC BUL
3003020;SE PZOS INT 1700-2699 FEE DIA
3003021;SE PZOS INT 1700-2699 FEEMES
3003022;SE PZOS INT 1700-2699 INTERV PULL CBIO B
3003023;SE PZOS INT 1700-2699 INTERV PULL P/CBIO
3003024;SE PZOS PROF. DE. 2700M. INTERV CBIO BB
3003025;SE PZOS PROF.DE2700M INT CBIO BB MOVTVG
3003026;SE PZOS PROF. DE. 2700M. FEE DIA
3003027;SE PZOS PROF. DE. 2700M. FEEMES
3003028;SE PZOS SOMEROSH/1699M. FEE DIA
3003029;SE PZOS SOMEROSH/1699M. FEEMES
3003030;SE PZOS SOMEROSH/1699M. INTERVES PULL P/
3003031;SE PREP SUP,APLICACION PINT
3003032;SE PROD DUAL INH CORR E INCRUSTACION
3003033;CORR23175A
3003034;SE PROD NACIONALES CEM INT 9 5/8'1250M
3003035;SE PROFUN LIN C/DUCCIÓN TERR BLAN.
3003036;SE PROFUN LIN C/DUCCIÓN TERR DUR.
3003037;SE PROV AL
3003038;SE PROV ANT COMP 1/4 ONDA, CROMADA BB
3003039;SE PROV ANT YAGUI 14 ELEMTENTOS 896-920M
3003040;SE PROV ANT YAGUI 9 EL SPREA 824-896MHZ
3003041;SE PROV BDA 4'S-900 RFX3.1/2'EU PIN
3003042;SE PROV BDA 2 ESP 2.1/16'5MX2.1/16'5M C/
3003043;SE PROV BDA 2 ESP 2.1/16'5MX2.9/16'C/C/E
3003044;SE PROV BRONCE SAE 64
3003045;SE PROV BRONCE SAE 68
3003046;SE PROV CBL ALIM C/PTAFUSIBLE
3003047;SE PROV CBL ANT REP BB C/C/ECTORMINI
3003048;SE PROV CBL ANT REP BB C/C/ECTORMINI,ACO
3003049;SE PROV CARRETEL ELEVR 7.1/16'3/5M PSIX7
3003050;SE PROV COBRE
3003051;SE PROV COLGADOR TB CUELLO EXT 7.1/16'PE
3003052;SE PROV COMPANYMAN SEMI SENIOR PERF
3003053;SE PROV COMPANYMAN SENIOR WORKOVER
3003054;SE PROV C/ECTOR N P/CBL BELD 9913/RG213
3003055;SE PROV CAJA BORNERA P/ANO2TQES
3003056;SE PROV CANOS PVC 1'
3003057;SE PROV C/EX BOCA PZO CAPILAR
3003058;ELO - VIANDAS CATRIEL
3003059;SE PROV DISP FRIO/CALOR P/BIDON EBONITA
3003060;SE PROVGAB EXTIN PQS10KG
3003061;SE PROV GRASA P/ENTUBAR
3003062;SE PROVHELIO
3003063;SE PROV LODO PZO TPO 2,5KM
3003064;SE PROV LODO PZO TPO 3KM
3003065;SE PROV LODO PZO TPO 3350M
3003066;SE PROVMANTAS ORGANICAS OLFIL NUEVAS LLA
3003067;SE PROVMANTAS ORGANICAS OLFIL REUTILIZAB
3003068;SE PROVMAT IMPTA2FRACT
3003069;SERV PROV MAT P/MONT INSTRUMENTACION
3003070;SE PROV MAT P/CONSTR PIPING
3003071;SERV PROV MAT P/MONT ELECT
3003072;SERV PROV MAT P/MONT SOPTERIA, PASARELAS
3003073;SE PROVMATXCONT P/PULL
3003074;SE PROV PUNTA ROSC 3 1/2'P/C/EX
3003075;SE PROV RESISTORES P/BORNERAS ANO2TK
3003076;SE PROV TPON,PACKER 5 1/2'7'EQS WORKOVER
3003077;SE PROV TRAB DIBUD TEC GAB
3003078;SE PROV TRABS DIBUD TEC AEL
3003079;SE PROV TRABS ING SIST AEL
3003080;SE PROV TRABS ING SIST GAB
3003081;SE PROV TRABS ING AEL
3003082;SE PROV TRABS ING GAB
3003083;SE PROV TRABS PROYECTO GAB
3003084;SE PROV TREP P/POZ T.1
3003085;SE PROV TREP P/POZ T.3
3003086;SE PROV TREP P/POZ T.4
3003087;SE PROV TREP P/POZ T.5
3003088;SE PROV E INST JT AISL 10'RF S150-300
3003089;SE PROV E INST JT AISL 10'RF S600-900
3003090;SE PROV E INST JT AISL 12'RF S150-300
3003091;SE PROV E INST JT AISL 12'RF S600-900
3003092;SE PROV E INST JT AISL 14'RF S150-300
3003093;SE PROV E INST JT AISL 16'RF S150-300
3003094;SE PROV E INST JT AISL 18'RF S150-300
3003095;SE PROV E INST. JTA AISL 2'RF S1500TP800
3003096;SE PROV E INST. JTA AISL 2'RF S150-300
3003097;SE PROV E INST. JTA AISL 2'RF S600-900
3003098;SE PROV E INST. JTA AISL 2'RTJ S600
3003099;SE PROV E INST. JTA AISL 3'RF S1500TP800
3003100;SE PROV E INST. JTA AISL 3'RF S150-300
3003101;SE PROV E INST. JTA AISL 3'RF S600-900
3003102;SE PROV E INST. JTA AISL 3'RTJ S600
3003103;SE PROV E INST. JTA AISL 4'RF S1500TP800
3003104;SE PROV E INST. JTA AISL 4'RF S150-300
3003105;SE PROV E INST. JTA AISL 4'RF S600-900
3003106;SE PROV E INST. JTA AISL 4'RTJ S600
3003107;SE PROV E INST. JTA AISL 6'RF 600-900
3003108;SE PROV E INST. JTA AISL 6'RF S1500TP800
3003109;SE PROV E INST. JTA AISL 6'RF S150-300
3003110;SE PROV E INST. JTA AISL 6'RTJ S600
3003111;SE PROV E INST. JTA AISL 8'RF S150-300
3003112;SE PROV E INST. JTA AISL 8'RF S600-900
3003113;SE PROV E INST RESISTH/10 OHM
3003114;SE PROV E INST TUBOS GASHELIO
3003115;SE PROV E INST TUBOS GAS PAT
3003116;SE PROV EMPQ 2DO TPO F 11X5.1/2'
3003117;SE PROV EMPQ 2DO TPO F 11X7'+BUJE EMP 7'
3003118;SE PROV EMPQ 2DO TPO F 11X7'
3003119;SE PROV EMPQ GOM PAG 2.3/8', 2.7/8'O 3.1
3003120;SE PROV EMPQ GOM TW8 2.3/8', 2.7/8'O 3.1
3003121;SE PROV ESP 1'X7' C/2 TUERC
3003122;SE PROV ESP 1.1/2X11.1/2' C/2 TUERC
3003123;SE PROV ESP 1.1/4'X8.1/2' C/2 TUERC
3003124;SE PROV ESP 1.1/8'X8.1/2' C/2 TUERC
3003125;SE PROV ESP 1.1/8'9.1/2' C/2 TUERC
3003126;SE PROV ESP 1.3/8'10.3/4' C/2 TUERC
3003127;SE PROV ESP 1.7/8'14.1/4' C/2 TUERC
3003128;SE PROV ESP 3/4'5.1/2' C/2 TUERC
3003129;SE PROV ESP 7/8'6.1/2' C/2 TUERC
3003130;SE PROV GRILÓN
3003131;SE PROV IRRAD AO C/ICO 1,35MT VHF
3003132;SE PROV IRRAD AO C/ICO 1,70MT VHF-BB
3003133;SE PROV JSELL P/COLG TUB CUEEXT
3003134;SE PROV KREP P/SERV INSTCOLG
3003135;SE PROV NIPL 2.7/8' EU 400MM
3003136;SE PROV NIPL UADP P/CONV BES P/PAG/CAB
3003137;SE PROV PANEL P/CERCO SUBEST TPO'A'3M
3003138;SE PROV PANEL P/CERCO SUBEST TPO'B'4MC/P
3003139;SE PROV POL QUI SECO CL ABC 55
3003140;SE PROV POL QUI SECO CL ABC 90
3003141;SE PROV POL QUI SECO CL BC PURP K
3003142;SE PROV SECD BES P/C/V-BES SOBRE/CABEZ
3003143;SE PROV SECD BES P/C/V-BES SOBRE/CARRETE
3003144;SE PROV TAPARMSURG 2.9/16'5M,AC
3003145;SE PROV VALVESC 2.7/8'EU H PT2.9/16'3/5M
3003146;SE PROV,COLOC CTELERIA AO/ERFV LIN COND
3003147;SE PROV,MET,DESMET ANDAMIO
3003148;SE PROV, TEND,C/EXES CBLHMW 35MM
3003149;SE PROV VALESF 2'LP 3M PSI
3003150;SE PBA ANCLAJES FUERA DR NORMA
3003151;SE PBA ANCLAJES SABDOM,FER
3003152;SE PHID ARMSURG C/COLOCACION SERV008
3003153;SE PHID EXTIN ANHCAR10KG
3003154;SE PHID EXTIN ANHCAR20KG
3003155;SE PHID EXTIN ANHCAR45KG
3003156;SE PHID EXTIN ANHCAR5KG
3003157;SE PHID EXTIN ANHCAR7KG
3003158;SE PHID EXTIN CK10KG
3003159;SE PHID EXTIN CK5KG
3003160;SE PHID EXTIN ESP10KG
3003161;SE PHID EXTIN ESP50KG
3003162;SE PHID EXTIN ESP5KG
3003163;SE PHID EXTIN ESP2.1/2KG
3003164;SE PHID EXTIN PQ1K
3003165;SE PHID EXTIN PQ10KG
3003166;SE PHID EXTIN PQ100KG
3003167;SE PHID EXTIN PQ2.1/2KG
3003168;SE PHID EXTIN PQ25KG
3003169;SE PHID EXTIN PQ5KG
3003170;SE PHID EXTIN PQ50KG
3003171;SE PHID EXTIN PQ70KG
3003172;SE PTA STANDARD 2M P/CERCO OLIMPICO
3003173;SE P/MCHA,PBA FUNC PZOS DISP NUEVOS
3003174;SE P/MCHA,PBA FUNC PZOS DISP REPERF
3003175;SE P/MCHA, PBA FUNC PZOS DISP REPERF
3003176;SE PUL DI SOL CON PZA VINC LIN C/EXSCH40
3003177;SE PUL DI SOL CON PZA VINC LIN C/EXSCH80
3003178;SE PULG SOLD INST NVA INT S/REV DEØ1.1/
3003179;SE PULG SOLD INST NVA INT S/REV DEØ2'H/
3003180;SE PUNTO ESCURRIMIENTO PETR DESHID
3003181;SE PUNTO INYEC CORRIENTE PROTECCION
3003182;SE REAC BRIDTEN T.A
3003183;SE REAC BRIDTEN T.B
3003184;SE REAC BUJ EMP SEC 7'X5.1/2'CAMPO
3003185;SE REAC COLGTUB 7.1/16'X2.7/8'CAMPO
3003186;SE REAC PAG EN CAMPO N/P REF075
3003187;SE REAC TW8 7.1/16'3MX2.7/8'
3003188;SE REALIZACION RELEV POTENCIALES APROX 3
3003189;SE REP VALVESCL EXTBRID2.1/16' 5M PSI
3003190;SE REC. Y/O TRAT.,DISP FINAL NO PELIGROS
3003191;SE RECBIO ANO2SUSPENDI2EN TQES
3003192;SE RECBIO PTE AEREOS INCMORS P/VINCCION
3003193;SE RECGO. PZO DESVIADOMAYOR-40 GRAD 15 %
3003194;SE RECLAS-LOC OB Y/O SERV. NO EJ REL DEP
3003195;SE REC/OCIENTOS SALAR ELEC
3003196;SE ALQ BAND HIDR WORKOV RECMAYCOST
3003197;SE REC/MAYORES COST EQ PERF
3003198;SE REC/MAYORES COSTMOV SUELOS EQS VIAL
3003199;SE MANT EXTIN
3003200;SE REC/RETROVS SERVICO ENFERMERIA
3003201;SE REC/RETROVS CTRL SOLID
3003202;SE REC/RETROVS CARGAS LIQ
3003203;SE REC/MAYORES COSTOS - BES
3003204;SE REC/MAYORES COST VACIADO,LIMP PIL
3003205;SE REC/MAYORES COST,RETROACITVOS CTRL GE
3003206;SE REC/MAYORES COST,RETROVS INSP NO DEST
3003207;SE REC/MAYORES COST,RETROVSMTO VALVS
3003208;SE REC/MAYORES COST,RETROVS CARG. LIQ.
3003209;SE REC/SALARIAL ING C/FIG SCADA
3003210;SE REC/SALARMAYORES COST SERV. ESTRUC
3003211;SE REC/SALARMAYORES COST
3003212;SE REC/SALARMAYORES COST O&MMED
3003213;SE REC/SALAR TEC NOVATIUM
3003214;SE REC/SALAR /RETROVS WORK OVER
3003215;SE REC/SALAR C/F SIST CTRL
3003216;SE REC/SALAR CONT
3003217;SE REC/SALAR CONT ALGOLIQ
3003218;SE REC/SALAR CONT ALQES TRAILS
3003219;SE REC/SALAR CONT AUD AMB RES 785
3003220;SE REC/SALAR CONT GUARDIA CONTENCION DER
3003221;SE REC/SALAR CONT PTA TRAT EFLUENTES ECO
3003222;SE REC/SALAR CONT REG C/MEM WO
3003223;SE REC/SALAR CONT SERV ING CPP 1018-14
3003224;SE REC/SALAR CONT SERV. EFLUENTES
3003225;SE REC/SALAR CONT INSP
3003226;SE REC/SALAR CONT SLINE
3003227;SE REC/SALAR CONT TEND LINEAS
3003228;SE REC/SALAR CONT CTRL PLAG
3003229;SE REC/SALAR CONT CPP 1042-15
3003230;SE REC/SALAR CONT SAN,LIMP
3003231;SE REC/SALAR CONT SERV C/ST CPP 990/13 9
3003232;SE REC/SALAR CONT SERV COM,LIMP BMO
3003233;SE REC/SALAR CONT SERV ING 1018-14
3003234;SE REC/SALAR CONT SERVMANT UNID LACT
3003235;SE REC/SALAR CONT SERV TEND FLOWLINES
3003236;SE REC/SALAR CONT COMEDORMAESTRANZA LIMP
3003237;SE REC/SALAR CONTMEIT VAR
3003238;SE REC/SALAR CONT RENCINTO RESID CB
3003239;SE REC/SALAR CONT TRASL PERS
3003240;SE REC/SALAR CONT TESTEO ANCLAJE
3003241;SE REC/SALAR CONT TRAT RESID SOLID
3003242;SE REC/SALAR EXTRAODINARIOS SERV. CONSTR
3003243;SE REC/SALAR EXTR
3003244;SE REC/SALAR EXTR CUSTODIA DOCUMENTOS
3003245;SE REC/SALAR EXTR DRILLING
3003246;SE REC/SALAR EXTRMAYORES COST
3003247;SE REC/SALAR EXTR MAY COST /FLUBY
3003248;SE REC/SALAR EXTR PERFILAJE PZOS
3003249;SE REC/SALAR EXTR PERFORADOR F19-F24
3003250;SE REC/SALAR EXTR TESTEO ANCLAJE
3003251;SE REC/SALAR INSTRUMENTACION,CTRL
3003252;SE REC/SALARMANT INSTRUMENTOS
3003253;SE REC/SALAR SERVMANT CALI CROMA CAUDAMA
3003254;SE REC/SALAR JARDINES
3003255;SE REC/SALAR PZO
3003256;SE REC/SALAR-PROD BDP
3003257;SE REC/SALAR-PROD BM
3003258;SE REC/SALAR-PROD CAN
3003259;SE REC/SALAR YMAYORES COST
3003260;SE REC/SALAR-MOV SUELOS FTEMETS
3003261;SE RECTIFICADO DIAM EXT/ALTURA CASQUILLO
3003262;SE RECTES CGO BASXPULG DIAM EXT P/DIA
3003263;SE RECTES. CGO.XPULG DIAM EXT P/DIA ADIC
3003264;SE RECUP CAJA PACKING 2DA ET
3003265;SE RECUP CAJA PACKING 3RA ET
3003266;SE RECUP TPON RECUP C/CT 2IN PZO ADIC
3003267;SE RECUP TPON RECUP C/CT 2IN PRIMER PZO
3003268;SE RECUP DIAMETRALMUNON CIGÜENALXAPORTE
3003269;SE RECUP E INST PUNTOS PBA
3003270;SE RECUP SUP EJES,ARBOLES 30-60MM
3003271;SE RECUP TAPA CILMOT 7042G
3003272;SE RECUP VALV AXELSON,SEP/DOR AJUNTO 951
3003273;SE RECUP,NORM MED AP FRIO ALOJ BUJBIEL C
3003274;SE RECUPERATION ZAPATA P/COMP 3RDS
3003275;SE RECUPERATION SUP VAST P/COMP ARIEL JG
3003276;SE REDUCCION O SUST. ADAPT ROSCA. CGO. B
3003277;SE REDUCCION O SUST. ADAPT ROSCA. CGO.XP
3003278;REDUNDANCIA ENL MED-ELO 2MBPS
3003279;SE REEMP JTA
3003280;SE REEMP CAÑ INT ING PROD H/10'DIAM
3003281;SE REEMP CAÑ INT SOND TQE 6'DIAM
3003282;SE REEMP COLUMNA INT H/10'DIAM
3003283;"SE REEMP CONEX EXT >= 10"" Y < 20"" DIAM"
3003284;"SE REEMP CONEX EXT >= 20"" DIAM"
3003285;"SE REEMP CONEX EXT 2"" A 4"" DIAM"
3003286;"SE REEMP CONEX EXT 6"" A 8"" DIAM"
3003287;DRILL- R.ELEC SECCHOR 6 1/8' QTA GEO TLC
3003288;SE REGS ADICES SECFINAL PZO PIL VERT 6 1
3003289;DRILL -R.AD SEC.FIN PZO PILVERT 61/8OBMI
3003290;DRILL -REG.AD S.FIN PZO PIL VERT 61/8UBI
3003291;SE REGS ADICES SECFINAL - PZO PIL VERT 6
3003292;DRILL - REG.ELECTR.SEC FINAL PZO PIL VER
3003293;DRILL-R.ELEC SECCHOR 61/8'DUAL OBMI-THRU
3003294;DRILL - REGS ELEC SEC INT 8 3/8'
3003295;DRILL - REG ELEC SEC ECOL. 12 1/4'
3003296;SE RELEV C/EQ,ALG1PARES. 1 DIA
3003297;SE RELEV CAMPO P/EJEC ING TÉC JR
3003298;SE RELEV CAMPO P/EJEC ING TÉC SR
3003299;DYNAPROBE CONJUNTO MOTOR 12 CIL
3003300;DYNAPROBE CONJUNTO MOTOR 6 CIL
3003301;REMIS CIPO/NEUQ - EL
3003302;REMIS TRASB CIPO - CENTE
3003303;REMIS BARDA - NQN/CIPO
3003304;REMIS NQN - MED
3003305;REMIS NQN - MED PZOS
3003306;REMIS CENTE - CS - LIMAY
3003307;SE REM CTA PLOTTIER CINCO SALTS FERRI 17
3003308;SE REM FERRI CINCO SALTS PLOTTIER CTA 08
3003309;SE REM RIO LIMAY NEUQ CENT 17:00H
3003310;SE RENTAHERR P/SETEO,RECUPERO
3003311;SE REP.CAN.ERFV2'-4'EXEXT.TRAM,CTTR T.BL
3003312;SE REP.CAN.ERFV2'-4'EXEXT.TRAM,CTTR T.DU
3003313;SE REP.CAN.ERFV6'-8'EXEXT.TRAM,CTTR T.BL
3003314;SE REP.CAN.ERFV6'-8'EXEXT.TRAM,CTTR T.DU
3003315;SE REP BRIDADAP 7.1/16'3MX2.9/16'5M
3003316;SE REP BRIDADAP 7.1/16'5MX2.9/16'5M
3003317;SE REP BRIDINEMP 7.1/16'3M P/COLG
3003318;SE REP CANASTOS P/TRANSP VARS BBEO
3003319;SE REP CHOKEM 3.1/16'10M
3003320;SE REP CAS 11'X5.1/2'FC-22 N/PREF057
3003321;SE REP CAS 11'X7'FC-22 N/PREF056
3003322;SE REP CAS 13.5/8'X9.5/8'
3003323;SE REP COLGTUB 7.1/16'X2.7/8' REF065
3003324;SE REP COLGTUB 7.1/16'X2.7/8' REF066
3003325;SE REP ANCLA TUB 5 1/2X2 7/8 EUE
3003326;SE REP ANCLA TUB 5X2 3/8 EUE C/REDUCCION
3003327;SE REP ANCLA TUB 7X2 7/8 EUE
3003328;SE REP BALANCINERASMOT L7042G
3003329;SE REP BBA KIMRAY 21015
3003330;SE REP C/EXES AEREAS,SOTERRADAS
3003331;SE REP EQ AIRE AC/D
3003332;SE REP EQS ELEC
3003333;SE REP EXTREMOS POR ROSCA REP/DA
3003334;SE REPMEMBRANA
3003335;SE REP PACKERHIDRAULICO TPO FH 5 1/2'
3003336;SE REP PACKERMEC T.P-111 5 1/2'
3003337;SE REP PACKERMEC TPO P-3 5 1/2'
3003338;SE REP REVEST CAÑS 10'
3003339;SE REP REVEST CAÑS 14'
3003340;SE REP REVEST CAÑS 18'
3003341;SE REP REVEST CAÑS 2'1/2
3003342;SE REP REVEST CAÑS 3'
3003343;SE REP REVEST CAÑS 4'
3003344;SE REP REVEST CAÑS 6'
3003345;SE REP REVEST CAÑS 8'
3003346;SE REP SWITCH NIVEL NEUMMAGNETROL
3003347;SE REP VALV ADM MOT
3003348;SE REPSTD VALV DESC SUCC 1ET
3003349;SE REPSTD VALV DESC SUCC 2ET
3003350;SE REPSTD VALV DESC 1ET
3003351;SE REPSTD VALV DESC 2ET
3003352;SE REPSTD SUCC 1ET
3003353;SE REPSTD SUCC 2ET
3003354;SE REPSTD VALV DESC 1ET
3003355;SE REPSTD VALV DESC 3ET
3003356;SE REPSTD SUCC 3ET
3003357;SE REP INT BIELAS COMPES 3RDS
3003358;SE REP INT BIELASMOTES L7042G
3003359;SE REP INT BLOCKMOT 7042 C/CBIO DIAM
3003360;SE REP INT BLOCKMOT 7042 C/SERVANDOMISMO
3003361;SE REP INT EJE ARBOL LEVAS P/MOT L7042G
3003362;SE REP INTEGRAL REGULADOR
3003363;SE REP INT TURBINA ARRQ
3003364;SE REP INT TAPAS CIL P/MOT L7042G /F3514
3003365;SE REPMOT ELEC
3003366;SE REP O RECBIO CASQ RECIPS SOMET-PRES
3003367;SE REP PAG 11'3MX2.7/8'
3003368;SE REP PIPE RACKS ALM
3003369;SE REP RECIPS SOMET-PRES BAT SEP/VERT 24
3003370;SE REP RECIPS SOMET-PRES BAT SEP/VERT 32
3003371;SE REP RECIPS SOMET-PRES EMC PULME ASPI
3003372;SE REP SECA 9.5/8'SWELD11'3M
3003373;SE REP SECB 13.5/8'3MX11'5M
3003374;SE REP SECC 11'3MX7.1/16'3M C/VALLATBR
3003375;SE REP SECC 11'3MX7.1/16'3MLATROSC2'LP
3003376;SE REP SECC 11'3MX7.1/16'5M C/VALLAT
3003377;SE REP SECC 11'5MX7.1/16'5M C/VALLAT
3003378;SE REP SECD 2.9/16'5MX2.1/16'5M
3003379;SE REP TE.PROD 2.7/8'EUX2'
3003380;SE REP TIJERA REDRESS CHARGE
3003381;SE REP TPO-COJ PERNOMANIVELA CAJA+PERNO
3003382;SE REP TPO B COJ DEL TRAVESANO IGUALADOR
3003383;SE REP TPO C COJ DEL POSTMAEST COJ COLA
3003384;SE REP TPO VISOR REFLEX ALTA PRES
3003385;SE REP TW8 7.1/16' 3M X 2.7/8'
3003386;SE REP VALV ESCL BRID 2.9/16'5M
3003387;SE REP VALV ESCL ROSC 2' LP 3M
3003388;SE REP VALV ESCL ROSC 2.7/8'3M
3003389;SE REP VALV VSS 2.9/16' 5M
3003390;SE REPASO CAMINO TRONCAL 6MANCHO C/MOTON
3003391;SE REPASO PICADA EXISTENTE, C/MOTONIVELA
3003392;SE REPORTE SEG VIAL ESPECIFICO
3003393;SE REPORTE ESPECIAL FRANJAHRIA 1RAH ELAB
3003394;SE RESID SOLID CONT.NA2
3003395;SE RETIRO BARRO EMPETROLADO C/EQ TPO VAC
3003396;SE RETROX DIA OPER
3003397;SE RETROX DIA STAND BY
3003398;SE RETROX GRANDE C/ORUGA EVENTUAL
3003399;SE RETROXMEDIANA
3003400;SE REVEST FBE EPOXMANG P/SOLD DIAM10'
3003401;SE REVEST FBE EPOXMANG P/SOLD DIAM12'
3003402;SE REVEST FBE EPOXMANG P/ UN SOLD DIAM2'
3003403;SE REVEST FBE EPOXMANG P/SOLD DIAM3'
3003404;SE REVEST FBE EPOXMANG P/SOLD DIAM4'
3003405;SE REVEST FBE EPOXMANG P/SOLD DIAM6'
3003406;SE REVEST FBE EPOXMANG P/SOLD DIAM8'
3003407;SE REVEST INT EPOX FBE ACC,PREFAB DIAM 2
3003408;SE REVEST INT EPOX CAÑ C.TUB 2.3/8'
3003409;SE REVEST INT EPOX CAÑ C.TUB 2.7/8'
3003410;SE REVEST POLIET TUB 2 3/8'C/EPOX CUP
3003411;SE REVEST POLIET TUB 2 7/8'C/EPOX CUP
3003412;SE REVEST POLIET TUB 3 1/2'C/EPOX CUP
3003413;SE REVEST RES EPOX INT CAÑ 2 3/8'
3003414;SE REVEST RES EPOX INT CAÑ 2 7/8'C/EP
3003415;SE REVEST EXT ZFVP TUB 2 3/8
3003416;SE REVEST EXT ZFVP TUB 2 7/8
3003417;SE REVEST INT LINER POLIPROP ZPP TUB 2 7
3003418;SE REVEST INT LINER POLIPROP ZPP TUB 3 1
3003419;SE REVEST POLIG 665 CAÑO 2'A 3PROV CONT.
3003420;SE REVEST POLIG 665 CAÑO 10', PROV CONT.
3003421;SE REVEST POLIG 665 CAÑO 10', PROV PEL
3003422;SE REVEST POLIG 665 CAÑO 2'A 3'INCLUSIVE
3003423;SE REVEST POLIG 665 CAÑO 4'PROV CONT
3003424;SE REVEST POLIG 665 CAÑO 4'PROV PEL
3003425;SE REVEST POLIG 665 CAÑO 6'PROV CONT
3003426;SE REVEST POLIG 665 CAÑO 6'PROV PEL
3003427;SE REVEST POLIG 665 CAÑO 8'PROV CONT
3003428;SE REVEST POLIG 665 CAÑO 8', PROV PEL
3003429;SE RIG SERVICE VISIT VISITA ON-CALL
3003430;SE ROSC TUBERIA 2 3/8'2 7/8'E.U
3003431;SE ROSC TUBERIA 3 1/2'E.U
3003432;SE SAND PUMP. BBA ARENA P/LIMPIAR CSG TO
3003433;SE SCRAPER, RASC CAÑ. CGO. BASXPULG DIAM
3003434;SE SCRAPER, RASC CAÑ. CGO.XPULG DIAM EXT
3003435;SE SEG, AC/D BIOPILAS, CARACT, INF EX SI
3003436;SE SEMIC/HID,2OPL-V 8-20H.CATRI-ELONCALL
3003437;SE SEMIC/HID,2OPL-V 8-20H.CATR-ELOEL-NQN
3003438;SE SENSORES ADICES PRESSURE, VOLUME, FLO
3003439;SE SENSORESHGAS ADICES LEL OH2S C/U
3003440;SE SERV ALMAC /LOG ACOPIO,TRANSF AGUA
3003441;SE SERV ALMAC /LOG ACOPIO,TRANSF AGUA PE
3003442;SE SERVMANT,REPOS YAC
3003443;EQUIPO CISTERNA 9M3 C/VAC - MENSUAL 24HS
3003444;EQUIPO DE PBA HIDR - MENSUAL 12HS
3003445;SE SERV SUP WO SENIOR 7X7
3003446;SE SERV. REP, LIMP YMANT.DE BBAS DOSIF 2
3003447;SE REP/LIM/MANT BBADOSIF 2PERS/HTAS/CAM+
3003448;SE SERVICES CALLMEIT VAR EQ PERF
3003449;SE INTERNET EN MED 10MBPS
3003450;SE ALQ BUJE DESGASTE+HERR COMB
3003451;SE ALQ SPOOL 7.1/16'10MX7.1/16'5M CGO.
3003452;SE ALQ TRAIL COMEDOR C/BANO-DEMANDA
3003453;SE ALQXDIA BPV/TWC 2', 2.1/2'O 3'
3003454;SE ALQXDIA BPV/TWC 4' 4.1/2', 5'O5.1/2'
3003455;SE ASIST INST C/J CABEZAL C/VERSION PZO
3003456;SE BBA NEUM Ø75 C/MANGUEROTE,C/EXES P/T
3003457;SE CALIB VALV SEG ARE 2' S-150
3003458;SE CALIB VALV SEG ARE 4' S-150
3003459;SE CALIB VALV SEG ARE 6' S-150
3003460;SE CALIB VALV SEG ARE 8' S-150
3003461;SE CALIB VALV SEG VPV 2' S-150
3003462;SE CALIB VALV SEG VPV 3' S-150
3003463;SE CALIB VALV SEG VPV 6' S-150
3003464;SE CALIB VALV SEG VPV 8' S-150
3003465;SE CALIB VALV SEG VSE 1 1/2' S150
3003466;SE CALIB VALV SEG VSE 1 1/2' S300
3003467;SE CALIB VALV SEG VSE 1 1/2' S600
3003468;SE CALIB VALVSEG VSE1 1/2'S9001500
3003469;SE CALIB VALV SEG VSE 1' S-150
3003470;SE CALIB VALV SEG VSE 1' S-300
3003471;SE CALIB VALV SEG VSE 1' S-600
3003472;SE CALIB VALV SEG VSE 1/2' S-150
3003473;SE CALIB VALV SEG VSE 1/2' S-300
3003474;SE CALIB VALV SEG VSE 1/2' S-600
3003475;SE CALIB VALV SEG VSE 2 1/2' S150
3003476;SE CALIB VALV SEG VSE 2 1/2' S300
3003477;SE CALIB VALV SEG VSE 2 1/2' S600
3003478;SE CALIB VALV SEG VSE 2' S-150
3003479;SE CALIB VALV SEG VSE 2' S-1500
3003480;SE CALIB VALV SEG VSE 2' S-300
3003481;SE CALIB VALV SEG VSE 2' S-600
3003482;SE CALIB VALV SEG VSE 3' S-150
3003483;SE CALIB VALV SEG VSE 3' S-300
3003484;SE CALIB VALV SEG VSE 3' S-600
3003485;SE CALIB VALV SEG VSE 3/4' S-150
3003486;SE CALIB VALV SEG VSE 3/4' S-300
3003487;SE CALIB VALV SEG VSE 3/4' S-600
3003488;SE CALIB VALV SEG VSE 4' S-150
3003489;SE CALIB VALV SEG VSE 4' S-300
3003490;SE CALIB VALV SEG VSE 4' S-600
3003491;SE CALIB VALV SEG VSE 6' S-150
3003492;SE CALIB VALV SEG VSE 6' S-300
3003493;SE CALIB VALV SEG VSE 6' S-600
3003494;SE CALIB VALV SEG VSE 8' S-150
3003495;SE CALIB VALV SEG VSE 8' S-300
3003496;SE CALIB VALV SEG VSE 8' S-600
3003497;SE CALIB VALV SEG VVE 20' S-150
3003498;SE COLOC ZUNC BAJ CAPILARH/1000M
3003499;SE COLOC ZUNC BAJ CAPILARH/2100M
3003500;SE COLOC ZUNC BAJ CAPILARMADIC
3003501;SE COMERC ENERGIA
3003502;SE CTRL SOLID FLOCULANTE/COAGULANTE
3003503;SE CTRL SOLID REGULADOR PH
3003504;SE CTRL GEOLOG ANAL DERRUMBE
3003505;SE CTRL GEOLOG CALCIMETRIAXMUESTRA
3003506;CONTROL GEOLÓGICO SERVICIO ACTIVO
3003507;SE CTRL GEOLOG IMAN ZAR
3003508;SE CTRL GEOLOG RETEN E/PZO,PZO
3003509;SE ABAN PZO
3003510;SE ACIDIFICACION PRE-FRACT 100KM
3003511;SE ADM ARCH,CARGA DFW
3003512;SE AGRIMENSURA
3003513;SE AMBULANCIA APOYO
3003514;SE BEBIDAS PAQUETE 12X500 CM3
3003515;SE BOLSIN DEYAC E/LOMAS-BSAS
3003516;SE BOLSINES PAMPA
3003517;SE BBEO/ACIDO BAS 4HS
3003518;SE BOMBEROS-INC 2 BOMBEROS, CHOFER, AUT
3003519;SE CAM SUP VAC P/SUCC SOLID,LIQUI2
3003520;SE CATERING REUN DIRECTORIO
3003521;SE COMM SATELITAL 2MBPS
3003522;SE C/SULTORIA FIDS
3003523;SE C/SULTORIA VAR
3003524;SE CONTENDOR INC ALQ,TRANSP
3003525;SE CTRL DOCUMENTACION CONT
3003526;SE CTRL SOLID DIA OPER C/GEN
3003527;SE CTRL SOLID DIA OPER NABORS
3003528;SE CTRL SOLID DIA OPER PETREVEN
3003529;SE CTRL SOLID DIA STAND BY
3003530;SE CORTE FRIO CAÑS N/P SC-0108
3003531;SE INTERV,RECORRIDA SEMANAL BES T. 9
3003532;SE DESARROLLO E IMPLEM SAP
3003533;SE DESARROLLO E IMPLEM TOTVS
3003534;SE DESP/FINACIONHOT OIL /HOT WATER TARI
3003535;SE DOSIF REP CAMP 2 PERS/CAM
3003536;SE DOSIFICACION,REP CAMPO 2 PERSOS YHID
3003537;SE ENFERMERIA C/AMBULANCIA
3003538;SE ENSAYO LIQU. PENETRANTES
3003539;SE ENSAYO PART. MAGNETIZABLES
3003540;SE FLU BY CBIOXAJMED
3003541;SE FLU BY CGO. ASIST OPER EQHOT WATER
3003542;SE FLU BY INTNET INST
3003543;SE FLU BY INTNETMES C/VISITA TECN
3003544;SE FLU BY INTERV EXITOSAMAYOR-2,5KM.
3003545;SE FLU BY INTERV EXITOSAMENOR O IGUAL-2
3003546;SE FLU BY INTERV NO EXITOSA
3003547;SE FRAC STACK OPCIONAL CGO. DIA TEC 12H
3003548;SE FRAC STACK OPCIONAL MET
3003549;SE FRAC STACK OPCIONAL MOV
3003550;SE GAMMAGRAFIA
3003551;SE GAMMAGRAFIA CRAWLER P/DUCTOS C/DIAMM
3003552;Jornada de Radiografía digital
3003553;SE GAMMAGRAFIA PLACAH/23 CM
3003554;SE GAMMAGRAFIA PLACAH/35 CM
3003555;SE GESTION RECORTES,LOC SECA OPER
3003556;SE GESTION RECORTES,LOC SECA STAND BY
3003557;SE GUARDIA PASIVA YMANT EQS,BARRERAS E/
3003558;SE GUARDIA PASIVA YMANT EQS,BARRERASMED
3003559;SE HOSTING ESTMETEOROLOGICAS
3003560;SE IMPLEM APLICACIONES SAP
3003561;SE ING APLICACION TAR RUT BES T. 9
3003562;SE INSP EQ PERF
3003563;SE INSP EQ WORKOVER
3003564;SE INSP,CAL VAR BBEO BOCA PZO
3003565;SE INSP,CLASIF DE TUB BOC PZOMAS 200 UN
3003566;SE INSP,CLASIF DE TUB BOCA PZOH/200U
3003567;SE INTERVES PULL BES T. 7A
3003568;SE MANEJO SUP DE CORONA
3003569;SE MANT CTRLADORES SAM
3003570;SE MANT CRMATOGRAF PM200
3003571;SE MANT PARQUES,JARDINES
3003572;SE MANT LICENCIA BSO SPTE EXTEND VERSION
3003573;SE MANT VEHI ALIN,BALANCEO
3003574;SE MANT VEHI CHAP
3003575;SE MANT VEHI ESC,REP
3003576;SE MANT VEHI GOM
3003577;SE MANT VEHI LAV
3003578;SE MANT,REP VALVMANIOB
3003579;SE MED ESP RECIP-PRES C/AISL
3003580;SE MED ESP RECIP-PRESHORSIN AISL
3003581;SE MED ESP RECIP-PRES VERT SIN AISL
3003582;SE MED ESPES CAÑ C/AISLMEDXVENTANA
3003583;SE MISCELANEOS REP BES T. 5
3003584;SE MEIT VAR EQS PERF
3003585;SE MONITOREO VARIABLES EQ. PULLING
3003586;SE MONITOREO VARIABLES EQ. WORKOVER
3003587;SE MEIT VAR INST
3003588;SE MEIT SATELITAL T. 10
3003589;SE NAVEGMWD 4 3/4'NOMINAL PZO 6 1/8'
3003590;SE NAVEGMWD 6 3/4'NOMINAL PZO 8 3/4'
3003591;SE NAVEGMWD 8'NOMINAL PZO 12 1/4'
3003592;SE PERF DIRECCIONAL CGO. DIA OPER
3003593;SE PROCES. DAT,CUSTODIA-LIBROS
3003594;SE PROCES. DAT,CUSTODIA-MIN
3003595;SE PROCES. DAT,CUSTODIA-PAQUETES
3003596;SE PROV CBLS BES T. 11
3003597;SE PROV GASES ESPEC
3003598;SE REG FONDO C/MEM EQ WO
3003599;SE RENTAL BBAS ELSUMS
3003600;SE REP BOBINADO MOTOR
3003601;SE REPARACION CABLES BES
3003602;SE REPMAYOR BES T. 2
3003603;SE REPMENOR BES T. 2
3003604;SE RETIRO POSTS CORTE-RELL/TRASL
3003605;SE REVEST EPOX BES T. 4
3003606;SE SEMI/HIDROHS ADIC SUP 12 DIARIAS
3003607;SE TEC EXPER TAREA RUTIN BES T.9
3003608;SE TERMOGRAFIA
3003609;SE TGRAF CALCULO VOLUMET MOV SUELO
3003610;SE TGRAF REUBICACION PROVISORIA
3003611;SE TGRAF UBICACION DEFINITIVA
3003612;SE TGRAF UBICACION PROVISORIA
3003613;SE TORQ BBA ELHID P/MANT
3003614;SE TORQ C/HERR NEUM+COMP N/P SERV023
3003615;SE TORQ BDAS API STAND BY PZO H/16HS
3003616;SE TORQ BDAS API STAND BY PZO PASA16H
3003617;SE TORQ BDAS API BOCA PZO
3003618;SE TRANSM DAT GAS PLUS
3003619;SE TRANSP 25 TN VAC SEMI C/HIDRO
3003620;SE TRANSP PERS CIPOLLET-NEUQ-R.LIMAY
3003621;SE TRANSP RESID BATEA-P/TA EXT
3003622;SE TRANSP EQ VACTOR
3003623;SE TRAT AGUA FLOWBACK
3003624;SE TRAT CUTTING BASE OIL/BASE AGUA
3003625;SE TRAT LODS BASE AGUA
3003626;SE ALQ TQUIM SUSP
3003627;SE URGENCIAS OPERS BES
3003628;SE VARIADORES FREC/TRANSF BES T12
3003629;SE VIGIL C/PATRULLA
3003630;SE ZUNCHADO CAPILAR CADA 12H
3003631;EQ ALTO VACIO (VACTOR) 16M3 - DIA 12HS
3003632;SE DTM CAM VAC,TRASL TRAT EFLUENTES
3003633;SE ENERGIZADO SELLO P DEL COLG TUB
3003634;SE ENGRASADO VALV CAMPO N/P SC-0049
3003635;SE ENL BMO - NQN
3003636;SE ENL ELO - NQN
3003637;SE EQ VAPOR PULL
3003638;SE EVENTUAL SEMI C/HIDRO 8-20H.
3003639;SE EXT ZUNCHOS/AC/D P/TRANSPH/1000M
3003640;SE EXT ZUNCHOS/AC/D P/TRANSPH/2100M
3003641;SE GENERACION ENERGIA ELECTRICA EL (USD)
3003642;SE HIDGR P/LUBRICADOR NO INC TEC
3003643;SE LOCAL-200KM CAM 1-3,5 TN
3003644;SE LOCAL -200KM SEMI REMOLQ 25 TN
3003645;SE M.OB COLOCXPOST INCMAT
3003646;SE MANT P/TA TRAT EFLUENTE BMO
3003647;SE MANT ARM 2.7/8'S-3000 T.B
3003648;SE MANT ARM 2.7/8'S-6000 T.B
3003649;SE MANT CAJRED 30:1S-150 T.A
3003650;SE MANT CAJRED 30:1S-300 T.A
3003651;SE MANT CAJRED 50:1S-150 T.A
3003652;SE MANT CAJRED 50:1S-300 T.A
3003653;SE MANT MOTINC 3'S-150 T.A
3003654;SE MANT PORTPLA 2'S-150 T.A
3003655;SE MANT PORTPLA 2'S-1500 T.A
3003656;SE MANT PORTPLA 2'S-300 T.A
3003657;SE MANT PORTPLA 2'S-600 T.A
3003658;SE MANT PORTPLA 2'S-900 T.A
3003659;SE MANT PORTPLA 3'S-150 T.A
3003660;SE MANT PORTPLA 3'S-150 T.B
3003661;SE MANT PORTPLA 3'S-150 T.C
3003662;SE MANT PORTPLA 3'S-1500 T.A
3003663;SE MANT PORTPLA 3'S-300 T.A
3003664;SE MANT PORTPLA 3'S-600 T.A
3003665;SE MANT PORTPLA 3'S-900 T.A
3003666;SE MANT PORTPLA 4'S-150 T.A
3003667;SE MANT PORTPLA 4'S-1500 T.A
3003668;SE MANT PORTPLA 4'S-300 T.A
3003669;SE MANT PORTPLA 4'S-600 T.A
3003670;SE MANT PORTPLA 4'S-900 T.A
3003671;SE MANT PORTPLA 6'S-150 T.A
3003672;SE MANT PORTPLA 6'S-1500 T.A
3003673;SE MANT PORTPLA 6'S-300 T.A
3003674;SE MANT PORTPLA 6'S-600 T.A
3003675;SE MANT PORTPLA 6'S-900 T.A
3003676;SE MANTPRED MCOMP T.A AG.1
3003677;SE MANTPRED MCOMP T.A AG.2
3003678;SE MANTPRED MCOMP T.A AG.3
3003679;SE MANTPRED MCOMP T.A AG.4
3003680;SE MANTPRED MCOMP T.B AG.1
3003681;SE MANTPRED MCOMP T.B AG.2
3003682;SE MANTPRED MCOMP T.B AG.3
3003683;SE MANTPRED MCOMP T.B AG.4
3003684;SE MANT TRIM P/TA TRAT EFLUENTE AEL
3003685;SE MANT VALV DIAF 2'S150 T.A
3003686;SE MANT VALV DIAF 3'S150 T.A
3003687;SE MANT VALV DIAF 4'S150 T.A
3003688;SE MANT VALV DIAF 6'S150 T.A
3003689;SE MANT VALV DIAF 8'S150 T.A
3003690;SE MANT VALV AGUJ 1'S150 T.A
3003691;SE MANT VALV AGUJ 1'S1500 T.A
3003692;SE MANT VALV AGUJ 1'S300 T.A
3003693;SE MANT VALV AGUJ 1'S600 T.A
3003694;SE MANT VALV AGUJ 1'S900 T.A
3003695;SE MANT VALV AGUJ 1.1/2'S150 T.A
3003696;SE MANT VALV AGUJ 1.1/2'S1500 T.A
3003697;SE MANT VALV AGUJ 1.1/2'S300 T.A
3003698;SE MANT VALV AGUJ 1.1/2'S600 T.A
3003699;SE MANT VALV AGUJ 1.1/2'S900 T.A
3003700;SE MANT VALV AGUJ 2'S150 T.A
3003701;SE MANT VALV AGUJ 2'S1500 T.A
3003702;SE MANT VALV AGUJ 2'S300 T.A
3003703;SE MANT VALV AGUJ 2'S600 T.A
3003704;SE MANT VALV AGUJ 2'S900 T.A
3003705;SE MANT VALV AGUJ 3'S150 T.A
3003706;SE MANT VALV AGUJ 3'S1500 T.A
3003707;SE MANT VALV AGUJ 3'S300 T.A
3003708;SE MANT VALV AGUJ 3'S600 T.A
3003709;SE MANT VALV AGUJ 3'S900 T.A
3003710;SE MANT VALV ARMA 2.7/8'S3K T.A
3003711;SE MANT VALV ARMA 2.7/8'S5K T.A
3003712;SE MANT VALV ESCL 1'S600 T.C
3003713;SE MANT VALV ESCL 10'S150 T.A
3003714;SE MANT VALV ESCL 10'S150 T.B
3003715;SE MANT VALV ESCL 10'S1500 T.A
3003716;SE MANT VALV ESCL 10'S1500 T.B
3003717;SE MANT VALV ESCL 10'S300 T.A
3003718;SE MANT VALV ESCL 10'S300 T.B
3003719;SE MANT VALV ESCL 10'S600 T.A
3003720;SE MANT VALV ESCL 10'S600 T.B
3003721;SE MANT VALV ESCL 10'S900 T.A
3003722;SE MANT VALV ESCL 10'S900 T.B
3003723;SE MANT VALV ESCL 12'S150 T.A
3003724;SE MANT VALV ESCL 12'S150 T.B
3003725;SE MANT VALV ESCL 12'S1500 T.A
3003726;SE MANT VALV ESCL 12'S1500 T.B
3003727;SE MANT VALV ESCL 12'S300 T.A
3003728;SE MANT VALV ESCL 12'S300 T.B
3003729;SE MANT VALV ESCL 12'S600 T.A
3003730;SE MANT VALV ESCL 12'S600 T.B
3003731;SE MANT VALV ESCL 12'S900 T.A
3003732;SE MANT VALV ESCL 12'S900 T.B
3003733;SE MANT VALV ESCL 18'S150 T.A
3003734;SE MANT VALV ESCL 18'S150 T.B
3003735;SE MANT VALV ESCL 18'S1500 T.A
3003736;SE MANT VALV ESCL 18'S1500 T.B
3003737;SE MANT VALV ESCL 18'S300 T.B
3003738;SE MANT VALV ESCL 18'S600 T.A
3003739;SE MANT VALV ESCL 18'S600 T.B
3003740;SE MANT VALV ESCL 18'S900 T.A
3003741;SE MANT VALV ESCL 18'S900 T.B
3003742;SE MANT VALV ESCL 2'S150 T.A
3003743;SE MANT VALV ESCL 2'S150 T.B
3003744;SE MANT VALV ESCL 2'S1500 T.A
3003745;SE MANT VALV ESCL 2'S1500 T.B
3003746;SE MANT VALV ESCL 2'S300 T.A
3003747;SE MANT VALV ESCL 2'S300 T.B
3003748;SE MANT VALV ESCL 2'S600 T.A
3003749;SE MANT VALV ESCL 2'S600 T.B
3003750;SE MANT VALV ESCL 2'S900 T.A
3003751;SE MANT VALV ESCL 2'S900 T.B
3003752;SE MANT VALV ESCL 2.1/16'S3K T.A
3003753;SE MANT VALV ESCL 2.1/16'S3K T.B
3003754;SE MANT VALV ESCL 2.1/16'S5K T.A
3003755;SE MANT VALV ESCL 2.1/16'S6000 T.B
3003756;SE MANT VALV ESCL 2.9/16'S3K T.A
3003757;SE MANT VALV ESCL 2.9/16'S3K T.B
3003758;SE MANT VALV ESCL 2.9/16'S5K T.A
3003759;SE MANT VALV ESCL 2.9/16'S6000 T.B
3003760;SE MANT VALV ESCL 3'S150 T.A
3003761;SE MANT VALV ESCL 3'S150 T.B
3003762;SE MANT VALV ESCL 3'S1500 T.A
3003763;SE MANT VALV ESCL 3'S1500 T.B
3003764;SE MANT VALV ESCL 3'S300 T.A
3003765;SE MANT VALV ESCL 3'S300 T.B
3003766;SE MANT VALV ESCL 3'S600 T.A
3003767;SE MANT VALV ESCL 3'S600 T.B
3003768;SE MANT VALV ESCL 3'S900 T.A
3003769;SE MANT VALV ESCL 3'S900 T.B
3003770;SE MANT VALV ESCL 4'S150 T.A
3003771;SE MANT VALV ESCL 4'S150 T.B
3003772;SE MANT VALV ESCL 4'S150 T.C
3003773;SE MANT VALV ESCL 4'S1500 T.A
3003774;SE MANT VALV ESCL 4'S1500 T.B
3003775;SE MANT VALV ESCL 4'S300 T.A
3003776;SE MANT VALV ESCL 4'S300 T.B
3003777;SE MANT VALV ESCL 4'S600 T.A
3003778;SE MANT VALV ESCL 4'S600 T.B
3003779;SE MANT VALV ESCL 4'S900 T.A
3003780;SE MANT VALV ESCL 4'S900 T.B
3003781;SE MANT VALV ESCL 6'S150 T.A
3003782;SE MANT VALV ESCL 6'S150 T.B
3003783;SE MANT VALV ESCL 6'S150 T.C
3003784;SE MANT VALV ESCL 6'S1500 T.A
3003785;SE MANT VALV ESCL 6'S1500 T.B
3003786;SE MANT VALV ESCL 6'S300 T.A
3003787;SE MANT VALV ESCL 6'S300 T.B
3003788;SE MANT VALV ESCL 6'S600 T.A
3003789;SE MANT VALV ESCL 6'S600 T.B
3003790;SE MANT VALV ESCL 6'S900 T.A
3003791;SE MANT VALV ESCL 6'S900 T.B
3003792;SE MANT VALV ESCL 8'S150 T.A
3003793;SE MANT VALV ESCL 8'S150 T.B
3003794;SE MANT VALV ESCL 8'S150 T.C
3003795;SE MANT VALV ESCL 8'S1500 T.A
3003796;SE MANT VALV ESCL 8'S1500 T.B
3003797;SE MANT VALV ESCL 8'S300 T.A
3003798;SE MANT VALV ESCL 8'S300 T.B
3003799;SE MANT VALV ESCL 8'S600 T.A
3003800;SE MANT VALV ESCL 8'S600 T.B
3003801;SE MANT VALV ESCL 8'S900 T.A
3003802;SE MANT VALV ESCL 8'S900 T.B
3003803;SE MANT VALV ESF 1'S150 T.A
3003804;SE MANT VALV ESF 1'S150 T.B
3003805;SE MANT VALV ESF 1'S300 T.A
3003806;SE MANT VALV ESF 1'S300 T.B
3003807;SE MANT VALV ESF 1'S600 T.A
3003808;SE MANT VALV ESF 1'S600 T.B
3003809;SE MANT VALV ESF 1'S900 T.A
3003810;SE MANT VALV ESF 1'S900 T.B
3003811;SE MANT VALV ESF 10'S150 T.A
3003812;SE MANT VALV ESF 10'S150 T.B
3003813;SE MANT VALV ESF 10'S150 T.C
3003814;SE MANT VALV ESF 10'S300 T.A
3003815;SE MANT VALV ESF 10'S300 T.B
3003816;SE MANT VALV ESF 10'S600 T.A
3003817;SE MANT VALV ESF 10'S600 T.B
3003818;SE MANT VALV ESF 10'S900 T.A
3003819;SE MANT VALV ESF 10'S900 T.B
3003820;SE MANT VALV ESF 12'S150 T.A
3003821;SE MANT VALV ESF 12'S150 T.B
3003822;SE MANT VALV ESF 12'S300 T.A
3003823;SE MANT VALV ESF 12'S300 T.B
3003824;SE MANT VALV ESF 12'S600 T.A
3003825;SE MANT VALV ESF 12'S600 T.B
3003826;SE MANT VALV ESF 12'S900 T.A
3003827;SE MANT VALV ESF 12'S900 T.B
3003828;SE MANT VALV ESF 2'S150 T.A
3003829;SE MANT VALV ESF 2'S150 T.B
3003830;SE MANT VALV ESF 2'S300 T.A
3003831;SE MANT VALV ESF 2'S300 T.B
3003832;SE MANT VALV ESF 2'S600 T.A
3003833;SE MANT VALV ESF 2'S600 T.B
3003834;SE MANT VALV ESF 2'S900 T.A
3003835;SE MANT VALV ESF 2'S900 T.B
3003836;SE MANT VALV ESF 3'S150 T.A
3003837;SE MANT VALV ESF 3'S150 T.B
3003838;SE MANT VALV ESF 3'S300 T.A
3003839;SE MANT VALV ESF 3'S300 T.B
3003840;SE MANT VALV ESF 3'S600 T.A
3003841;SE MANT VALV ESF 3'S600 T.B
3003842;SE MANT VALV ESF 3'S900 T.A
3003843;SE MANT VALV ESF 3'S900 T.B
3003844;SE MANT VALV ESF 4'S150 T.A
3003845;SE MANT VALV ESF 4'S150 T.B
3003846;SE MANT VALV ESF 4'S300 T.A
3003847;SE MANT VALV ESF 4'S300 T.B
3003848;SE MANT VALV ESF 4'S600 T.A
3003849;SE MANT VALV ESF 4'S600 T.B
3003850;SE MANT VALV ESF 4'S900 T.A
3003851;SE MANT VALV ESF 4'S900 T.B
3003852;SE MANT VALV ESF 6'S150 T.A
3003853;SE MANT VALV ESF 6'S150 T.B
3003854;SE MANT VALV ESF 6'S300 T.A
3003855;SE MANT VALV ESF 6'S300 T.B
3003856;SE MANT VALV ESF 6'S600 T.A
3003857;SE MANT VALV ESF 6'S600 T.B
3003858;SE MANT VALV ESF 6'S900 T.A
3003859;SE MANT VALV ESF 6'S900 T.B
3003860;SE MANT VALV ESF 8'S150 T.A
3003861;SE MANT VALV ESF 8'S150 T.B
3003862;SE MANT VALV ESF 8'S300 T.A
3003863;SE MANT VALV ESF 8'S300 T.B
3003864;SE MANT VALV ESF 8'S600 T.A
3003865;SE MANT VALV ESF 8'S600 T.B
3003866;SE MANT VALV ESF 8'S900 T.A
3003867;SE MANT VALV ESF 8'S900 T.B
3003868;SE MANT VALV GLOB 10'S150 T.A
3003869;SE MANT VALV GLOB 10'S150 T.B
3003870;SE MANT VALV GLOB 10'S1500 T.A
3003871;SE MANT VALV GLOB 10'S1500 T.B
3003872;SE MANT VALV GLOB 10'S300 T.A
3003873;SE MANT VALV GLOB 10'S300 T.B
3003874;SE MANT VALV GLOB 10'S600 T.A
3003875;SE MANT VALV GLOB 10'S600 T.B
3003876;SE MANT VALV GLOB 10'S900 T.A
3003877;SE MANT VALV GLOB 10'S900 T.B
3003878;SE MANT VALV GLOB 2'S150 T.A
3003879;SE MANT VALV GLOB 2'S150 T.B
3003880;SE MANT VALV GLOB 2'S1500 T.A
3003881;SE MANT VALV GLOB 2'S1500 T.B
3003882;SE MANT VALV GLOB 2'S300 T.A
3003883;SE MANT VALV GLOB 2'S300 T.B
3003884;SE MANT VALV GLOB 2'S600 T.A
3003885;SE MANT VALV GLOB 2'S600 T.B
3003886;SE MANT VALV GLOB 2'S900 T.A
3003887;SE MANT VALV GLOB 2'S900 T.B
3003888;SE MANT VALV GLOB 3'S150 T.A
3003889;SE MANT VALV GLOB 3'S150 T.B
3003890;SE MANT VALV GLOB 3'S1500 T.A
3003891;SE MANT VALV GLOB 3'S1500 T.B
3003892;SE MANT VALV GLOB 3'S300 T.A
3003893;SE MANT VALV GLOB 3'S300 T.B
3003894;SE MANT VALV GLOB 3'S600 T.A
3003895;SE MANT VALV GLOB 3'S600 T.B
3003896;SE MANT VALV GLOB 3'S900 T.A
3003897;SE MANT VALV GLOB 3'S900 T.B
3003898;SE MANT VALV GLOB 4'S150 T.A
3003899;SE MANT VALV GLOB 4'S150 T.B
3003900;SE MANT VALV GLOB 4'S1500 T.A
3003901;SE MANT VALV GLOB 4'S1500 T.B
3003902;SE MANT VALV GLOB 4'S300 T.A
3003903;SE MANT VALV GLOB 4'S300 T.B
3003904;SE MANT VALV GLOB 4'S600 T.A
3003905;SE MANT VALV GLOB 4'S600 T.B
3003906;SE MANT VALV GLOB 4'S900 T.A
3003907;SE MANT VALV GLOB 4'S900 T.B
3003908;SE MANT VALV GLOB 6'S150 T.A
3003909;SE MANT VALV GLOB 6'S150 T.B
3003910;SE MANT VALV GLOB 6'S1500 T.A
3003911;SE MANT VALV GLOB 6'S1500 T.B
3003912;SE MANT VALV GLOB 6'S300 T.A
3003913;SE MANT VALV GLOB 6'S300 T.B
3003914;SE MANT VALV GLOB 6'S600 T.A
3003915;SE MANT VALV GLOB 6'S600 T.B
3003916;SE MANT VALV GLOB 6'S900 T.A
3003917;SE MANT VALV GLOB 6'S900 T.B
3003918;SE MANT VALV GLOB 8'S150 T.A
3003919;SE MANT VALV GLOB 8'S150 T.B
3003920;SE MANT VALV GLOB 8'S1500 T.A
3003921;SE MANT VALV GLOB 8'S1500 T.B
3003922;SE MANT VALV GLOB 8'S300 T.A
3003923;SE MANT VALV GLOB 8'S300 T.B
3003924;SE MANT VALV GLOB 8'S600 T.A
3003925;SE MANT VALV GLOB 8'S600 T.B
3003926;SE MANT VALV GLOB 8'S900 T.A
3003927;SE MANT VALV GLOB 8'S900 T.B
3003928;SE MANT VALV MARIP 10'S150 T.A
3003929;SE MANT VALV MARIP 10'S150 T.B
3003930;SE MANT VALV MARIP 10'S300 T.A
3003931;SE MANT VALV MARIP 10'S300 T.B
3003932;SE MANT VALV MARIP 12'S150 T.A
3003933;SE MANT VALV MARIP 12'S150 T.B
3003934;SE MANT VALV MARIP 12'S300 T.A
3003935;SE MANT VALV MARIP 12'S300 T.B
3003936;SE MANT VALV MARIP 2'S150 T.A
3003937;SE MANT VALV MARIP 2'S150 T.B
3003938;SE MANT VALV MARIP 2'S300 T.A
3003939;SE MANT VALV MARIP 2'S300 T.B
3003940;SE MANT VALV MARIP 3'S150 T.A
3003941;SE MANT VALV MARIP 3'S150 T.B
3003942;SE MANT VALV MARIP 3'S300 T.A
3003943;SE MANT VALV MARIP 3'S300 T.B
3003944;SE MANT VALV MARIP 4'S150 T.A
3003945;SE MANT VALV MARIP 4'S150 T.B
3003946;SE MANT VALV MARIP 4'S300 T.A
3003947;SE MANT VALV MARIP 4'S300 T.B
3003948;SE MANT VALV MARIP 6'S150 T.A
3003949;SE MANT VALV MARIP 6'S150 T.B
3003950;SE MANT VALV MARIP 6'S300 T.A
3003951;SE MANT VALV MARIP 6'S300 T.B
3003952;SE MANT VALV MARIP 8'S150 T.A
3003953;SE MANT VALV MARIP 8'S150 T.B
3003954;SE MANT VALV MARIP 8'S300 T.A
3003955;SE MANT VALV MARIP 8'S300 T.B
3003956;SE MANT VALV CONT VBAL2.1/16'S3K T.A
3003957;SE MANT VALV CONT VBAL2.1/16'S3K T.B
3003958;SE MANT VALV CONT VBAL2.1/16'S5K T.A
3003959;SE MANT VALV CONT VBAL2.1/16'S5K T.B
3003960;SE MANT VALV CONT VBAL2.9/16'S3K T.A
3003961;SE MANT VALV CONT VBAL2.9/16'S5K T.A
3003962;SE MANT VALV CONT VBAL2.9/16'S5K T.B
3003963;SE MANT VALV CONT VBAL2.916'S3K T.B
3003964;SE MANT VALV CONT VBAL3.1/8'S3K T.A
3003965;SE MANT VALV CONT VBAL3.1/8'S5K T.A
3003966;SE MANT VALV CONT VBAL3.1/8'S5K T.B
3003967;SE MANT VALV CONT VBAL3.1/8'S3K T.B
3003968;SE MANT VALV REG 2'S1500 T.C
3003969;SE MANT VALV REG 6'S900 T.C
3003970;SE MANT VALV REG 8'S150 T.C
3003971;SE MANT VALV RET 10'S150 T.B
3003972;SE MANT VALV RET 10'S1500 T.B
3003973;SE MANT VALV RET 10'S300 T.B
3003974;SE MANT VALV RET 10'S600 T.B
3003975;SE MANT VALV RET 10'S900 T.B
3003976;SE MANT VALV RET 12'S150 T.B
3003977;SE MANT VALV RET 12'S1500 T.B
3003978;SE MANT VALV RET 12'S300 T.B
3003979;SE MANT VALV RET 12'S600 T.B
3003980;SE MANT VALV RET 12'S900 T.B
3003981;SE MANT VALV RET 2'S150 T.B
3003982;SE MANT VALV RET 2'S1500 T.B
3003983;SE MANT VALV RET 2'S300 T.B
3003984;SE MANT VALV RET 2'S600 T.B
3003985;SE MANT VALV RET 2'S900 T.B
3003986;SE MANT VALV RET 3'S150 T.B
3003987;SE MANT VALV RET 3'S150 T.C
3003988;SE MANT VALV RET 3'S1500 T.B
3003989;SE MANT VALV RET 3'S300 T.B
3003990;SE MANT VALV RET 3'S600 T.B
3003991;SE MANT VALV RET 3'S900 T.B
3003992;SE MANT VALV RET 4'S150 T.B
3003993;SE MANT VALV RET 4'S1500 T.B
3003994;SE MANT VALV RET 4'S300 T.B
3003995;SE MANT VALV RET 4'S300 T.C
3003996;SE MANT VALV RET 4'S600 T.B
3003997;SE MANT VALV RET 4'S900 T.B
3003998;SE MANT VALV RET 6'S150 T.B
3003999;SE MANT VALV RET 6'S1500 T.B
3004000;SE MANT VALV RET 6'S300 T.B
3004001;SE MANT VALV RET 6'S600 T.B
3004002;SE MANT VALV RET 6'S900 T.B
3004003;SE MANT VALV RET 8'S150 T.B
3004004;SE MANT VALV RET 8'S150 T.C
3004005;SE MANT VALV RET 8'S1500 T.B
3004006;SE MANT VALV RET 8'S300 T.B
3004007;SE MANT VALV RET 8'S600 T.B
3004008;SE MANT VALV RET 8'S900 T.B
3004009;SE MANT VALV TAP 3VIAS2.1/2'S150 T.A
3004010;SE MANT VALV TAP 3VIAS2.1/2'S150 T.C
3004011;SE MANT VALV VTL 1.1/2'S150 T.A
3004012;SE MANT VALV VTL 1.1/2'S150 T.B
3004013;SE MANT VALV VTL 1.1/2'S1500 T.A
3004014;SE MANT VALV VTL 1.1/2'S1500 T.B
3004015;SE MANT VALV VTL 1.1/2'S300 T.A
3004016;SE MANT VALV VTL 1.1/2'S300 T.B
3004017;SE MANT VALV VTL 1.1/2'S600 T.A
3004018;SE MANT VALV VTL 1.1/2'S600 T.B
3004019;SE MANT VALV VTL 1.1/2'S900 T.A
3004020;SE MANT VALV VTL 1.1/2'S900 T.B
3004021;SE MANT VALV VTL 10'S150 T.A
3004022;SE MANT VALV VTL 10'S150 T.B
3004023;SE MANT VALV VTL 10'S1500 T.A
3004024;SE MANT VALV VTL 10'S1500 T.B
3004025;SE MANT VALV VTL 10'S300 T.A
3004026;SE MANT VALV VTL 10'S300 T.B
3004027;SE MANT VALV VTL 10'S600 T.A
3004028;SE MANT VALV VTL 10'S600 T.B
3004029;SE MANT VALV VTL 10'S900 T.A
3004030;SE MANT VALV VTL 10'S900 T.B
3004031;SE MANT VALV VTL 12'S150 T.A
3004032;SE MANT VALV VTL 12'S150 T.B
3004033;SE MANT VALV VTL 12'S1500 T.A
3004034;SE MANT VALV VTL 12'S1500 T.B
3004035;SE MANT VALV VTL 12'S300 T.A
3004036;SE MANT VALV VTL 12'S300 T.B
3004037;SE MANT VALV VTL 12'S600 T.A
3004038;SE MANT VALV VTL 12'S600 T.B
3004039;SE MANT VALV VTL 12'S900 T.A
3004040;SE MANT VALV VTL 12'S900 T.B
3004041;SE MANT VALV VTL 2'S150 T.A
3004042;SE MANT VALV VTL 2'S150 T.B
3004043;SE MANT VALV VTL 2'S1500 T.A
3004044;SE MANT VALV VTL 2'S1500 T.B
3004045;SE MANT VALV VTL 2'S300 T.A
3004046;SE MANT VALV VTL 2'S300 T.B
3004047;SE MANT VALV VTL 2'S600 T.A
3004048;SE MANT VALV VTL 2'S600 T.B
3004049;SE MANT VALV VTL 2'S900 T.A
3004050;SE MANT VALV VTL 2'S900 T.B
3004051;SE MANT VALV VTL 3'S150 T.A
3004052;SE MANT VALV VTL 3'S150 T.B
3004053;SE MANT VALV VTL 3'S1500 T.A
3004054;SE MANT VALV VTL 3'S1500 T.B
3004055;SE MANT VALV VTL 3'S300 T.A
3004056;SE MANT VALV VTL 3'S300 T.B
3004057;SE MANT VALV VTL 3'S600 T.A
3004058;SE MANT VALV VTL 3'S600 T.B
3004059;SE MANT VALV VTL 3'S900 T.A
3004060;SE MANT VALV VTL 3'S900 T.B
3004061;SE MANT VALV VTL 4'S150 T.A
3004062;SE MANT VALV VTL 4'S150 T.B
3004063;SE MANT VALV VTL 4'S1500 T.A
3004064;SE MANT VALV VTL 4'S1500 T.B
3004065;SE MANT VALV VTL 4'S300 T.A
3004066;SE MANT VALV VTL 4'S300 T.B
3004067;SE MANT VALV VTL 4'S600 T.A
3004068;SE MANT VALV VTL 4'S600 T.B
3004069;SE MANT VALV VTL 4'S900 T.A
3004070;SE MANT VALV VTL 4'S900 T.B
3004071;SE MANT VALV VTL 6'S150 T.A
3004072;SE MANT VALV VTL 6'S150 T.B
3004073;SE MANT VALV VTL 6'S1500 T.A
3004074;SE MANT VALV VTL 6'S1500 T.B
3004075;SE MANT VALV VTL 6'S300 T.A
3004076;SE MANT VALV VTL 6'S300 T.B
3004077;SE MANT VALV VTL 6'S600 T.A
3004078;SE MANT VALV VTL 6'S600 T.B
3004079;SE MANT VALV VTL 6'S900 T.A
3004080;SE MANT VALV VTL 6'S900 T.B
3004081;SE MANT VALV VTL 8'S150 T.A
3004082;SE MANT VALV VTL 8'S150 T.B
3004083;SE MANT VALV VTL 8'S1500 T.A
3004084;SE MANT VALV VTL 8'S1500 T.B
3004085;SE MANT VALV VTL 8'S300 T.A
3004086;SE MANT VALV VTL 8'S300 T.B
3004087;SE MANT VALV VTL 8'S600 T.A
3004088;SE MANT VALV VTL 8'S600 T.B
3004089;SE MANT VALV VTL 8'S900 T.A
3004090;SE MANT VALV VTL 8'S900 T.B
3004091;SE MDF LISO PERF. VERT. 4 3/4'PZO6 1/8,6
3004092;SE MDF LISO PERF. VERT. 6 3/4'PZO 8 1/2,
3004093;SE ENL MED - NQN
3004094;EQUIPO DE VACIO 35M3 - MENSUAL 24HS
3004095;SE MESHWAT-OIL LUN-LUN 08:00H-20:00H
3004096;SE MESHWAT-OIL LUN-VIER 08:00H-20:00H
3004097;SE MESMOVIL LIVIANO L-V 8-20H.
3004098;SE MES SEMI C/HIDRO L-V 8-20H.
3004099;SE MES SEMI C/HIDRO L-L 8-20H
3004100;SE MTO CASAS CATRIELH VIAJE ADIC
3004101;SE MTO CASAS CATRIEL VIANDA ADICIOANL
3004102;SE ON CALLMOVIL LIVIANO L-V 8-20H.
3004103;SE PRESTADO DEL EXT C/ACRECENTAMIENTO
3004104;SE PROV PIL ALM PETRMOVILES “A DEMANDA'
3004105;SE PROVMES PIL ALM PETR FIJAS. ITEM 1
3004106;SE PROVMES PIL ALM PETR FIJAS. ITEM 2.
3004107;SE RELEV PZOS, DRNADBORAL 12H
3004108;SE REMIS CATRIEL /25MAYO /VICEVERSA
3004109;SE REMIS CATR/NQLEDANVALL R.NEGRO,NQN
3004110;REMIS CARGO HORA DE ESPERA
3004111;SE REMIS YAC. E/LOMAS /CATRIEL /VICEVER
3004112;SE REMIS YAC.MED /CATRIEL /VICEVERSA
3004113;SE REP EQ BES
3004114;SE RIG READY TUBH/13 3/8'
3004115;SE RIG READY TUBH/2 7/8'
3004116;SE RIG READY TUBH/3 1/2'
3004117;SE RIG READY TUBH/4 1/2'
3004118;SE RIG READY TUBH/5 1/2'
3004119;SE RIG READY TUBH/9 5/8'
3004120;SE STAND-BY NAVEGMWD 4 3/4'NOMINAL
3004121;SE STAND-BY NAVEGMWD 6 3/4'NOMINA
3004122;SE STAND-BY NAVEGMWD 8'NOMINAL
3004123;SE TEC AUX NORMAL N/P SC-0074
3004124;SE TEC AUX SAB/DOM/FERN DIA TEC 12H
3004125;SE TEC AUX SAB/DOM/FERN/P SC-0076
3004126;SE TEC SAB/DOM/FERN/P SC-0056
3004127;SE ARM COMP SERVTEC
3004128;SE TEC REPRESENTANTE SEG
3004129;SE TEC SAB/DOM/FER DIA TEC 12H
3004130;REMIS ON CALL EVENTUALES
3004131;SE TRASL REMIS SUPERVISION PZOS,OTROS D
3004132;SE UNID LACT ASIST TECN ADIC
3004133;SE MANTPRED U.LACT 1ER/3ER TRIM
3004134;SE MANTPRED U.LACT 2DO TRIM
3004135;SE MANTPRED U.LACT 4TO TRIM
3004136;SE UNID LACT TRASL-YAC
3004137;SE VERIF,CALIB INSTRUMENTOS PM-93
3004138;SE ZAR SECADORAMOV LINL 3-4M3
3004139;SE S BROCKERING PETR
3004140;SE S COMM OFS BSAS
3004141;SE S COMM OFS NEUQ
3004142;CONTROL SOX
3004143;SE S C/SULTORIAMESA AYUDA PRAGMATICA
3004144;DATABASE ADMINISTRATOR
3004145;SE S PROFES SPTE ANTIVIRUS
3004146;SE S PROFES TEC NOVATIUM
3004147;SE S TEC ACTUALIZACION CONTENI2WEB
3004148;SE S TECMESA AYUDA PRAGMATICA
3004149;SE S VRIO SIST CAPILAR PZOS GAS
3004150;SERVICIO SERVIDUMBRES
3004151;SE SES C/LIDER RELEV SEG,FEEDBACK
3004152;SE SET FRACT CGO. BBEOH/80 BPM
3004153;SE SET FRACT CGO. BBEOH/90 BPM
3004154;SE SET FRACT DIAMEIT ADIC
3004155;SE SEVICIO REMIS YAC. E/LOMAS /YAC.MED /
3004156;SE ANEXOM.OB DOTACION ADIC
3004157;SE ANEXOM.OB DOTACION FIJA
3004158;SE AUTOELEVR TELESCOPICO MANITOU
3004159;SE CAM C/CARRETON 45 TN EHIDGR 45 TN
3004160;SE CAM C/HIDRO 5TN
3004161;SE CAM RECUP 8M3
3004162;SE CAM-SEMI EHIDGR CHOFER C/4 AYUDANTES
3004163;SE CONSTR CAMINO NVO P/ACC LOC DEL PZO
3004164;SE CONSTR LOC TPO 965-12-1RN
3004165;SE CONSTR LOC TPO 965-12-2RN
3004166;SE SAN
3004167;SE TEND LINS ELECS
3004168;SE HS EXTRAS C/CAM C/HIDGR,BARQUILLA
3004169;SE HS EXTRAS C/CAM C/MOTOSOLDRA
3004170;SE HS EXTRAS C/CAM 2 CABINA C/HIDGR 2,5
3004171;SE H ESPERA REM SUP-3H DIA FER
3004172;SE H ESPERA REM SUP-3H DIA NORMAL
3004173;SE MOV SUELOS TERRS DURS CEM INDIO
3004174;SE OTROS ANEXOS
3004175;SE REM VALLE YAC VALLE FER
3004176;SE ELEC ANEXOM.OB
3004177;SE SAN ANEXOM.OB
3004178;SE SAN ANEXO OTROS COST
3004179;SE DOTACION FIJA
3004180;SE SUPERVES OB ANEXOM.OB
3004181;SE SUPERVES EQS
3004182;SE SKID AUXES P/SEP BIFSICA LIQUI2
3004183;SE SOLD AO DEØ1/2'H/Ø1.1/2'2K/ 4500 NPT
3004184;SE SOLD AO DEØ10'H/Ø18'SCH20 P/REVESTIR
3004185;SE SOLD AO DEØ2'H/Ø6'SCH40
3004186;SE SOLD AO DEØ2'H/Ø6'SCH40 P/REVEST
3004187;SE SOLD AO DEØ2'HASTA Ø6'SCH80
3004188;SE SOLD AO DEØ8'H/Ø12'SCH40
3004189;SE SOLD AO REVEST Ø8'H/Ø12'SCH40
3004190;SE SPTE-OPER COIL TUB FPDO
3004191;SE SPTE-OPER COIL TUB PFMS
3004192;SE STAND BY PERS POR CADA TEC P/DIA
3004193;SE STAND BYHERR/OPERMOT FONDO
3004194;SE STAND BY SETHERR CSG RUNNING O CSG WH
3004195;SE SUCC RESID SOLID TK-120 PTC,TRANSP
3004196;SE SUCC RESID SOL PIL EQS PERF WO,TRANSP
3004197;SE SUMINIS ENERG ELEC-BOCA PZO P/MED
3004198;SE SUP P/ TAPA CIL P/MOT L7042G /F3514 G
3004199;SE SUPERV MET 1 DÍA
3004200;SE SUPERV MET 2-5 DÍAS
3004201;SE SUPERV MET 6-20 DÍAS
3004202;SE ALQ BARR 4'HT-38/XT-39 R2 DIAXSW/HW
3004203;SE ALQ BARR 4'HT-38/XT-39 R2 MENXSW/HW
3004204;SE TQE 400 CENT PLUSPETROL
3004205;SE TPON RECUP P/CW2 P/CSG 4,5'/5 LUMPSUM
3004206;SE TAR GRAL BDP CAN
3004207;SE TARIFA REPOS 1 DC E/8'8 1/4'
3004208;SE TARIFA REPOS CUALQUIER TUBMENOR DEL B
3004209;SE T/H OPER C/CSG DRILLING STACK BOP 10
3004210;SE T/H OPER ESPERA C/PERS STACK BOP 10 K
3004211;SE T/H OPER ESPERA S/PERS STACK BOP 10 K
3004212;SE T/H OPER FMAY STACK BOP 10 KPS
3004213;SE T/H OPER REP/MANT STACK BOP 10 KPS
3004214;SE T/H OPER SIN BAR SOND STACK BOP 10 KP
3004215;SE T/H-C/USO BAR SOND DE2501-2900M
3004216;SE T/H-C/USO BAR SOND DE2901-3350M
3004217;SE T/H-C/USO BAR SOND H/2400M
3004218;SE T/H-C/USO BAR SOND H/2,5KM
3004219;SE T/H B S/USO BAR SOND DE2501-2900M
3004220;SE T/H B S/USO BAR SOND DE2901-3350M
3004221;SE T/H B S/USO BAR SOND H/2400M
3004222;SE T/H B S/USO BAR SOND H/2,5KM
3004223;SE T/H C ESPERA C/PERS DE2501-2900M
3004224;SE T/H C ESPERA C/PERS DE2901-3350M
3004225;SE T/H C ESPERA C/PERS H/2400M
3004226;SE T/H C ESPERA C/PERS H/2,5KM
3004227;SE T/H F C/FLICTOS GREMIALES, IND DE290
3004228;SE TARIFA INTERV PULL NO EXITOSAH/48H.
3004229;SE TARIFA LUMP CSG WHILE DRILLING 9 5/8'
3004230;SE TARIFAMOV/DESMOV STACK BOP 10KPSI
3004231;SE TARIFA OPER C/ENERGIA ELEC PROVISTAXP
3004232;SE MANT/TORQ SERV019-12HS
3004233;SE MANT/TORQ SERV020-12HS
3004234;SE TEC SEG EHIGIENE C/MOV
3004235;SE TEC SEG EHIGIENE SINMOV
3004236;SE TEC GASISTAMATRIC C/HERR YMOV
3004237;SE MANT/LOC SERV001-SERV002-12HS
3004238;Montaje o Montaje repet o Desmontaje
3004239;SE TEND LIN BJA TENS GEN
3004240;SE TEND LINMEDIA TENS GEN
3004241;SE TEND DUC ERFV 3'500S/PRARE CANT VO&G
3004242;SE TEND DUC ERFV 3'500S/PRARE ZNJ S.ARE
3004243;SE TERM CABEZA PZO DISPERSOR
3004244;SE TERM: CONSTR E INST CABEZA PZO,HORMIG
3004245;SE TJA BDOG. CGO. BASXC/P Ø EXT P/DIA
3004246;SE TJA BDOG. CGO.XC/P Ø EXT P/DIA ADIC
3004247;SE TJAH. CGO. BASXC/P Ø EXT P/DIA
3004248;SE TJAH. CGO.XC/P Ø EXT P/DIA ADIC
3004249;SE TJAM. CGO.XC/P Ø EXT P/DIA ADIC
3004250;SE TJAM.CGO. BASXC/P Ø EXT P/DIA
3004251;SE TIJ 2BLEEF 6 1/2' DIA OP
3004252;SE TIJERA 2 EFECTO 6 1/2'DIA STAND BY
3004253;SE TIJERAHIDR. GOLP . CGO. BASXC PULG DI
3004254;SE TIJERAHIDR. GOLP . CGO.XC PULG DIAM E
3004255;SE TIJERAMECANICA. DESTMEC. CGO. BASXC/P
3004256;SE TIJERAMECANICA. DESTMEC. CGO.XC PULG
3004257;SE TOPADORA GRANDE
3004258;SE TORQ BDA ADIC POR BDA N/P SC-0069
3004259;SE TORQ BDAS CAMPO 1H/5 BDAS
3004260;SE TRAIL PERS OPER DIA ADIC
3004261;SE TRAIL PERS OPER PRIMER DIA
3004262;SE TRANQUERA STD 4M P/CERCO OLIMPICO
3004263;SE TRANQUERA STD 6M P/CERCO OLIMPICO
3004264;SE ENL ELO - MED 10MBPS
3004265;ENLACE JARILLA QUEMADA - ELO
3004266;ENLACE CAN - ELO 3MBPS
3004267;SE TRANSP BBA
3004268;SE TRANSP CAÑ TO2LOS DIAMS EL-NQN-EL
3004269;EQUIPO CISTERNA 35M3 - DIA 12HS
3004270;SE TRANSPHERRXUN.
3004271;SE TRANSP PETR CAM
3004272;SE TRANSP PROD QUIS
3004273;SE TRANSP UNID BBEO ACIDIFICACION
3004274;SE TRANSP DEBASE OPER AL PZO
3004275;SE TRANSP CAM VAC 9M3
3004276;SE TRANSP CAM VACTOR
3004277;SE TRANSP EXCESO 15KM C/PIL,BBA
3004278;SE TRANSP PTA CONT C/CARRETON DR
3004279;SE TRANSP PTA-CONT
3004280;SE TRANSP SEMI O BATEA
3004281;SE TRANSP FLU DE.MED LAMORA-BORDEMET
3004282;SE TRANSP FLU DEMED LAMORAH/BORDEMET
3004283;SE TRANSP FURGON DEBASE OP-LOC
3004284;SE TRANSP GAS NATURAL FLEXIBIL TGN
3004285;SE TRANSPMATH/10000KGXKMTRO
3004286;SE TRANSPMATH/2K KGXKMTRO
3004287;SE TRANSPMATH/2K0KGXKMTRO
3004288;SE TRANSPMATH/4000 KGXKMTRO
3004289;TTE PERS VAN NQN - BMO/CAN
3004290;SE TRANSP U.BBEO CATRIEL IDA -BJADA PALO
3004291;SE TRANSP U.BBEO CATRIEL IDA E/LOMAS
3004292;SE TRANSP UNID BBEO CATRIEL-LOC DEL PZO
3004293;REMIS TRASB NQN - ZANON
3004294;REMIS NQN - LIMAY
3004295;SE TRASB ZANON NEUQ ESTE 18:30H
3004296;SE TRASB ZANON NEUQ OESTE 18:30H
3004297;SE TRASL CAM PLAYOH/3 TNMIN 100KM
3004298;SE TRASL TQE API 160M3 9.2X2.5M
3004299;SE TRASL TQE API 80M3 4.5X4.9M
3004300;SE TRASL UNID LIVMIN 35KM
3004301;SE TRASL VIANDAS,PERS LIMP
3004302;SE TRASLADO VACTOR 16M3 - KM
3004303;SE PUNZDESPAG
3004304;SE PUNZVOL GASO
3004305;SE TRAT FONDOS TANQUES - BARROS CON HC
3004306;SE TRAT LIQUI2C/HC
3004307;SE TRAT LODS /CUTTING C/HIDCRB LIQUI2
3004308;SE TRAT LODS /CUTTING C/HIDCRB SEMI SOLI
3004309;SE FRACPRET PI-20
3004310;SE FRACTRAT PI-30
3004311;SE FRACDESPLAG
3004312;SE TRAT INT CAM ESP AREN 2MAN PINT
3004313;SE PUNZPRET PI-20
3004314;SE TRAT,DISP FINAL AGUA C/HC Y8
3004315;SE TRAT,DISP FINAL RESID ESPEC /C/DICIO
3004316;SE TRAT,DISP FINAL RESID ESPEC DOMICILIA
3004317;SE TRAT,DISP FINAL RESID ESPEC ESPEC
3004318;SE TRAT,DISP FINAL RESID ESPEC INCINERAB
3004319;SE TRAT,DISP FIN RESID PLAST NO CONT.NA2
3004320;SE TRAT,DISP FINAL FONDO TQE Y19
3004321;SE TRAT,DISP FINAL LODO BASE AGUA Y13
3004322;SE TRAT,DISP FINAL RESID SOLID CONTAM
3004323;SE TUB ADIC INSPADO
3004324;SE UN SEG. CGO. BASXC/P Ø EXT P/DIA
3004325;SE UN SEG. CGO.XC/P Ø EXT P/DIA ADIC
3004326;SE USOMEOBOYA
3004327;SE VACIADO LIMP TORRE SULFATREAT
3004328;SE VALH PATRULLAX12H
3004329;SE VALH PATRULLAX24H
3004330;SE VALH SUPERVISION ADMINISTRATIVA CTA
3004331;SE VEHC CABINA 2 4X2
3004332;SE VERIF DIM TRAMMED FISCAL 10'-12'
3004333;SE VERIF DIM TRAMMED FISCAL 2'-4' C/PLAC
3004334;SE VERIF DIM TRAMMED FISCAL 6'-8' C/PLAC
3004335;SE VIAJE URG CAM SEMI- AFORO 25 TN EXPRE
3004336;SE VIAJE URG CAM SEMI- AFORO 25 TN C/HID
3004337;SE VIAJES,ESTADÍAS PSJE,GTOS.DE VIAJE
3004338;SE VIAJES,ESTS PSJE,GTOS.DE VIAJE EXENT
3004339;SE VIAJES,ESTS PSJE,GTOS.DE VIAJE IVA 10
3004340;SE VIAT CONT COM TIE VIA RAD 1XPERS
3004341;SE VIAT MED-R.NEGRO COM TIE VIA RAD/CEL
3004342;SE VIAT YMOVMED INC VEHC, SEGURO, TIEMPO
3004343;SE VIAT YMOV YAC E.L./B.P./A.A.
3004344;SE VIAT YMOV YACMED/JAGUEL
3004345;SE VINCCION SUBEST-NIVEL 10.4/0.4 – 10.4
3004346;SE VISITAS ADICES REQUERIDASXCLIENTE
3004347;SE WIRE ASENT TPON O PACKER ADIC
3004348;SE WIRE CARRERA DETERM PROF
3004349;SE WIRE CLUSTER ADIC PORE ENCIMA 6
3004350;SE ZAPA COMUN,ZAPA RECT. CGO. BASXPULG D
3004351;SE ZAPA COMUN,ZAPA RECT. CGO.XPULG DIAM
3004352;SE ZAPA INT P ROTMAT DUR. CGO. BASXM YXD
3004353;SE ZAPA INT P ROTMAT DUR. CGO.XM YXDIAM
3004354;REC. RETR. SE LIMP. AEROENFRIADORES
3004355;MOV./S 8 CAM C/HIIRDRO + PERS
3004356;TARIFA OPERATIVA (VAL.+S.+CH MANIFOLD)
3004357;REC.S SALARIALES MANT. CAM/MOV SUEL
3004358;LIC. SOFT N9U-00002 VISIOONLNP2 SHRDSVR
3004359;LIC. SOFT 3Q2-00002 PROJONLNESSNTLS
3004360;LIC. SOFT 7LS-00002 PROJONLNPROF
3004361;LIC. SOFT AAA-10732 ENTMOBANDSECE3FULL
3004362;LIC. SOFT 6VC-01251 WINRMTDSKTPSRVCSCAL
3004363;LIC. SOFT NK4-00002 PWRBIPRO SHRDSVR
3004364;CORTE 300MM EX BOX NC-50 CUEL PESCA
3004365;SE INST. TROL ACCESO EE  RIO LIMAY
3004366;LIC. SOFT AAA-10842 O365E3 SHRDSVR ALNG
3004367;LIC. SOFT T6A-00024 O365E1 SHRDSVR ALNG
3004368;TREPANO TRIC. ST 12 1/4' DIENTES P/GUIA
3004369;ALQ. CAPILAR MAT.DSS2205 OD ¼'X 0,035'
3004370;SE WELL TESTING
3004371;SE SOPORTE SIST. TROL ACCESO (LENEL)
3004372;CUAD. SOLD. MONT C/CAMION HIDRO-MSOLD
3004373;TRAT. CUTTING B/OIL Y14 INC.DISP.FINAL
3004374;PROV.INST.TABLERO TRANSF. AUTOMATICA DC
3004375;2443-5000 PACKER RECUP. SEMI-PERM.
3004376;TROL INSECTOS -CROMAT. RN MASICO GRAL
3004377;REC. SALARIALES SE COMEDOR LIMPIEZA BMO
3004378;REC.SALARIALES - PERFORACION Q12
3004379;CAMION TRACTOR  HIDRO-SEMI
3004380;DESARME-LIMP.-ARMADO PINTURA BBA STORK
3004381;REVEST.INT EPOXI FBE ACC.PREF. 2' A 20'
3004382;REC. SALARIALES - SERV  INGENIERIA
3004383;AD.GRUPOS 3-4 - TRAB.. ALIN.Y MED. FLEX
3004384;TREPANO PDC 7 7/8'-8 3/4' AISL. MED-TAP
3004385;AD. STANDBY EQ. BAS POZO ENTUBADO
3004386;IND ULTRASONIDOS EJE  SALIDA
3004387;CONTROL  INSECTOS- SEP.CO1-SAT.4 BAT.19
3004388;CUAD.SOLD.MONT. CAMION HID-MSOLD
3004389;SE  LIMPIEZA-VAP CONCONTENEDOR 4.5 M3
3004390;TREPANO TRIO ST 12 1/4'  DIENTES GUIAS
3004391;CONTROL  ROEDORES - CASAS EN CATRIEL
3004392;INST. TERMINALES REM. SUB OW EN SHELTER
3004393;CARRIER DUAL 4 MEMORY S/PACKER AN-DIR
3004394;REC. SALARIALES - HERRAM. COMPLETACION
3004395;PERNOS BIELA SIAM 320/456/640
3004396;GASTOS COMPRAVENTA GAS - ARANCEL OPERAT
3004397;SE APERTURA VENTANA UNA CARRERA- CSG 7'
3004398;DESARME LIMP. ARM-PINTURA CAJA AIB
3004399;ALQUILER  ACC. INST. SUPERFICIE MENSUAL
3004400;PRUEBA  ANCLAJES X 4 MISMO DIA S/ESPERA
3004401;INST. EQ.  CONTROL FIJO  BARR.-BASE
3004402;CANON  USO CUERPO RECEPTOR MED
3004403;REC. SALARIALES-SE COMEDOR Y LIMPIEZA
3004404;REC. SALARIALES -REVESTIMIENTO TUBERIAS
3004405;USO AGUA DOMINIO PUBLICO - MED
3004406;REC.S SALARIALES - PTA TRAT EFLUENTES
3004407;REC. SALARIALES PULLING
3004408;TREPANO PDC 7 7/8'A8 3/4' P/AISLACIONES
3004409;CAMION CARRETON 45 TN E HIDRO 45TN S/MO
3004410;TREPANO PDC 6 1/8' P/AISLACION SECC.LAT
3004411;SE TECNICO MTO COMPRESORES
3004412;CARGO.VTA. TBG CAP.DSS2205 1/4 X 0,035'
3004413;REC.SALARIALES - SES  INSPECCION
3004414;REPARACIÓN VALVULA DESCARGA  1RA ETAPA
3004415;REPARACIÓN VALVULA DESCARGA  2DA ETAPA
3004416;TRAT. CUTTING BASE OIL Y14 C/DISP.FINAL
3004417;REPARACIÓN VALVULA SUCCION  1RA ETAPA
3004418;REPARACIÓN VALVULA SUCCION  2DA ETAPA
3004419;DIA OPERATIVO VALV/DESAR/CH MANIFOLD
3004420;REC. SALARIALES -SANEAMIENTO Y LIMPIEZA
3004421;CAMION REG. 8/10 M3 EN CB/PB/EL SUPERF.
3004422;ADICIONAL COMIDA-ALOJAMIENTO
3004423;HORA ADIC. WIRE LINE- LU-VI DESP 17 HS.
3004424;REC. SALARIALES - CONTROL  PLAGAS MED
3004425;DIA STAND BY VALV/DESAR/CH MANIFOLD
3004426;MOV. MANIFOLD DESAR.PILETAS OP. BACK UP
3004427;GASTOS REEMBOLSABLES VIAJE/ALOJ/MOV/COM
3004428;TERMINAL REM.SUB OSHELTER,TRAILER POSTE
3004429;REC. SALARIALES - SAND PUMP
3004430;CARGOS ADICIONALES COMIDA Y ALOJAMIENTO
3004431;5130-278E-238E RED.INOX.2 7/8'PIN2 3/8'
3004432;TPN COMPOSITE MOLO PRODRILL 5'18-23 CIE
3004433;REC.SALARIALES - ESTUDIOS AMBIENTALES
3004434;PERNOS BIELA AIB C/TUERCA-ARAND.-CAMISA
3004435;SE OPERACION INSTALACION  TEMPRANA TPF1
3004436;CANON USO CUERPO RECEPTOR TA CTA 1052
3004437;REC.  SALARIALES - MANT. COMPRESORES
3004438;ALOJAMIENTO  VALVULAS BOMBA STORK
3004439;HORMIGÓN CLASE A 85 KG FE/M3 E/1 M3-3M3
3004440;SE  INST. SIST. PLUNGER CANERIA 2 3/8'
3004441;SE  INST. SIST. PLUNGER CANERIA2 7/8'
3004442;SE  INST. SIST. PLUNGER CANERIA 5 1/2'
3004443;TREPANO PDC 12 1/4' PARA GUIAS
3004444;0495-5000 ONOFF PIN.2 3/8' 5 1/2'AC4140
3004445;REP. VALVULA WHITE  SUCCION  1RA ETAPA
3004446;REP. VALVULA WHITE  SUCCION  2RA ETAPA
3004447;DESINSECTACION INT Y EXT - COM-COC-DORM
3004448;M2 MAMPOSTERÍA LADRILLO 15 CM  REVOCADO
3004449;USO AGUA DOMINIO PUBLICO EL CUENTA 1054
3004450;INSTALACION SIST. EXTINCION BASE  FM200
3004451;2 MEMORY EN CARRIER BAJO PACKER O TAPON
3004452;ALQ. TANQUE 22 M3 ALMACENAR GAS OIL
3004453;TREPANO PDC 6 1/8' AISLACIONES YAC. EL
3004454;AUTOELEV. TELESCOPICO MANITOU S/MO
3004455;CANON USO CUERPO RECEPTOR AA CTA 1122
3004456;0710-2380 CUPLA DOS. 2 3/8' ACERO 4140
3004457;SE MANT. VALV. ECLUSA Ø 6' S150 TAREA C
3004458;SE MANT. VALV. ECLUSA Ø 8' S150 TAREA C
3004459;REDETERMINACION TARIFAS FORMULA  OCT18
3004460;REDETERMINACION TARIFAS NOV 2018
3004461;REDETERMINACION TARIFAS DIC 2018
3004462;REDETERMINACION TARIFAS  ENE 2019
3004463;REDETERMINACION TARIFAS  FEB 2019
3004464;REC. SALARIALES CONTROL  PLAGAS
3004465;PERNOS  BIELA 456 C/TUERCA Y ARANDELA
3004466;DESINSECTACION PLANTA  AGUA-INY-TRANSF.
3004467;CONTROL  INSECTOS EST. MULTIFASICA RN
3004468;CARGO DIA PILETAS SEPARDORAS GOLP.BOMBA
3004469;ALQUILER CONTENEDOR TAPA 5 MT3 O EQUIV
3004470;CANON  USO CUERPO RECEPTOR EL 1054
3004471;REVISION SISTEMA EXTINCION A BASE FM200
3004472;OPERACION CANCELADA SE APERTURA VENTANA
3004473;DESINSECTACION PLANTA TRAT. CRUDO+OFIC.
3004474;CONTROL  ROEDORES RECINTO PROD.QUIM.MED
3004475;CONTROL  INSECTOS RECINTO PROD.QUIM.MED
3004476;CONTROL INSECTOS SUBESTACION TRANSF.MED
3004477;HORMIGÓN CLASE A 85 KG  FE/M3 MÁS  3 M3
3004478;CONSTRUCCION-MONTAJE PARRILLA PROT.BOGA
3004479;SE  CONTROL DOCUMENT. CONTRATISTAS EL
3004480;SE  CONTROL  DOCUMENT. CONRATISTAS CAN
3004481;REC.S SALARIALES TENDIDO FLOWLINE - MED
3004482;TRASLADO TECNICO MTO.COMPRESORES xVIAJE
3004483;DESARME-LIMP-ARMADO PINTURA CAJA AIB
3004484;PERNOS BIELA SIAM 228 C/TUERCA Y ARAND.
3004485;HORMIGÓN CLASE B 25 KG FE/M3 H/ 1 M3
3004486;HORMIGÓN CLASE A 85 KG  FE/M3 H/ 1 M3
3004487;MANTENIMIENTO EN PLATAFORMA CONTROLITE
3004488;SE ENL PUESTO DE CAC BDP
3004489;TTE. UNIDAD PESADA POR CAMION MIN.100KM
3004490;TREPANO PDC 12 1/4' GUIAS ENTRE LOMAS
3004491;RMT RESERVOIR MONIT. TOOL CARGO X PROF.
3004492;CONTROL INSECTOS POZO POR UN. FUNC. MED
3004493;EMBR14036A
3004494;SE  INSPECCION FABRICACION CONEXIONES
3004495;TREPANO 4 1/8' TRIO  DIENTES CONTING.
3004496;REC.  SALARIALES - SERVICIO TORNERIA
3004497;ALQUILER CONTENEDOR  TAPA 5 MT3 O SIMIL
3004498;TORQUE TURN MONITORING OPC.CSG DRILLING
3004499;RET. ACTUALIZACIÓN TARIFAS PULLING
3004500;CAMION TRACTOR SEMI 35M3 FLUID.TAM-LODO
3004501;CONTROL INSECTOS SATELITE 5-6 BAT.19MED
3004502;CARGO BAS.VTA.PACK OFF 5K 2 7/8' SIMPLE
3004503;REC. SALARIALES  TRATAMIENTOS  RESIDUOS
3004504;TBG TONG W/BACK UP OPC. CSG DRILLING
3004505;TTE. TONG TRUCK OPC. CSG DRILLING
3004506;POWER TONG TECHNICIAN OPC. CSG DRILLING
3004507;POWER TONG SUPERVISOR OPC. CSG DRILLING
3004508;THREAD WASHING CASING OPC. CSG DRILLING
3004509;TARIFA ABANDONO POZO EXITOSO E/42-54HS.
3004510;RMT RESERV. MONITORING TOOL x REGISTRO
3004511;CARGO ADICIONAL INGENIERO ESPECIALISTA
3004512;CONSTRUCCION-MONTAJE  ANCLAJE ADICIONAL
3004513;EQUIPAM. PUESTO CONTROL FIJO  BARRERA
3004514;GASTOS ADMINIST. CONTRATO COMP-VTA GAS
3004515;POWER TONG W/BACK UP OPCIONAL CSG DRILL
3004516;SPECTRAL GAMMA RAY CSNG POR PROFUNDIDAD
3004517;HORA EXTRA 50 % CUADR. MANT. ELECTRICO
3004518;HORA EXTRA 100% CUADR. MANT. ELECTRICO
3004519;INST. TERMINALES REM. SUB RAS TRAILER
3004520;MANUAL BACK UP TONG OPCIONAL CSG DRILL
3004521;OPERACION CANCELADA OPCIONAL CSG DRILL
3004522;CARGOS ADICIONALES STANDBY  PERSONAL
3004523;DESTRUCCION  2DO EJE  AIB URALTRANSMASH
3004524;EQ. ING. CONTROL + INSTRUMENTISTA C/MOV
3004525;HORA EXTRA 100% CUADR. MANT. MECANICO
3004526;TTE.  HERRAMIENTAS OPCIONAL CSG DRILL
3004527;SE  PROVISION MATERIALES POR REPARACION
3004528;REPARACIÓN CINTA FRENO AIB SIAM 640-920
3004529;DESINSECTACION OFICINAS-GALPONES MANT.
3004530;HORA EXTRA 50% CUADR. MANT. MECANICO
3004531;REMIS HORA ESPERA MAYOR 3 FERIADO
3004532;TRANSPORTE EN CAMION  ACOPLADO CATR-NQN
3004533;MONITOREO  VULNERABILIDAD EXT/INT
3004534;SPECTRAL GAMMA RAY CSNG POR REGISTRO
3004535;REC. SALARIALES - SERV. SUPERVISION
3004536;CONSTRUCCION NIPLE CASING 5 1/2 X 300MM
3004537;PROVISION EJE  BAJA CAJA REDUCTORA SIAM
3004538;KM RECORRIDO - CONTROL  PLAGAS MED
3004539;EMBR12506A
3004540;REMIS PICKUP HORA ESPERA MAYOR 3 FERIAD
3004541;CAMION BATEA 25 M3 SIN MANO  OBRA
3004542;CAMION  HIDRO 5TN Y BARQUILLA SIN MO
3004543;RETROEXCAVADORA GRAN  ORUGA SIN MO
3004544;TROL  INSECTOS - RECINTO  RESIDUOS MED
3004545;ALQ MENS TRAILER DEPOSITO 12 M
3004546;CAMION REGADOR MES 25/30 M3 EN CB/PB
3004547;REMIS SPRINTER HORA ESPERA MAYOR 3 L-V
3004548;SIST.ALIMENTACION ININTERRUMPIDA ONLINE
3004549;0130-5500 PACKER RECUP. PKW1 5 1/2' PA
3004550;CANASTO INTERIOR FILTRO ACERO INOX
3004551;CUBRE CORREAS SIAM/SBS/MTD/WUELFEL
3004552;ALQ MENS TRAILER OFICINA 12 M
3004553;REMIS PICK UP HORA ESPERA MAYOR 3 L A V
3004554;FACTIBILIDAD  UBICACIÓN-ABANDONO  POZO
3004555;CANON USO CUERPO RECEPTOR CUENTA 1224
3004556;INST. TERMINALES REMOTOS SUB O EN RTU
3004557;STRUCCION  NIPLE  CASING 7' X 300 MM
3004558;REP. CINTA  FRENO  AIB LUFKIN 456
3004559;DESINSECTACION SUBESTACIONES TRANSFORM.
3004560;TROL  INSECTOS - RECINTO ELECTRICO MED
3004561;CAMION REGADOR MES 25/30 M3 EN MDM
3004562;EQUIPO C/LIQUIDAS 35 JORN.ON CALL 12 HS
3004563;REC. RETROACTIVOS  GENERACION EE
3004564;ING.  TROL (DIA) EN CAMPO S/MOVILIDAD
3004565;REC. SALARIALES INSTRUMENTACION
3004566;CAMION PORTA BATEA X JORNADA 12 HS
3004567;CAÑERO ELÉC.C/2 CAÑ PVC Ø110MM S/TÍPICO
3004568;CAÑERO ELÉC.C/4 CAÑ PVC Ø110MM S/TÍPICO
3004569;CAÑERO ELÉC.C/6 CAÑ PVC Ø110MM S/TÍPICO
3004570;CAMION TRACTOR  SEMI 35M3 FLUIDOS/AGUA
3004571;REPARACIÓN CINTA FRENO AIB SIAM 228
3004572;DESINSECTACION BASURAL PQUE. CAMPAMENTO
3004573;CONTROL  INSECTOS - RECINTOS  AIB MED
3004574;CONTROL  INSECTOS - QUINCHO CATRIEL MED
3004575;EQUIPO PH JORNADA ON CALL SAB-DOM 12 HS
3004576;DISPOSICION FINAL EN RELLENO  SEGURIDAD
3004577;MES TERMINALES REMOTOS SUB RAS TRAILER
3004578;ANCLA  TUBING AT-4  5 ½'X 2 7/8'EUE
3004579;REP ANCLA  TUBING AT-4  7”X2 7/8'EUE
3004580;0327-5500 ANCLATENHIDREC1/4ATH51/2'PAST
3004581;0475-5500 ECTBGONOFFMECCTO151/2'PN316
3004582;2244-2380-1875NIPLEASIENTF1.87'23/8'316
3004583;2242-2780-2312NIPLEASIENTF2.31'27/8'STD
3004584;2250-2380-1812NIPLEASIENTR1.81'23/8'316
3004585;2243-2780-2250NIPLEASIENTR2.25'27/8'STD
3004586;1505-5500 RETCEMCRH51/2'FH/WLRNNOFERROS
3004587;1540-5500 TAPONLNTH51/2'FH/WLRNNOFERROS
3004588;0710-2780CUPLADOSIF.27/8'BOX27/8'PINSTD
3004589;ASISTENCIA TECNICA JORNADA 12 HS -FRAC.
3004590;2244-2380-1875ANIPLEASIENF1.87'23/8'316
3004591;0508-2380A TAPONTEMPPUMPOUTCIEG23/8'STD
3004592;2005-2780 ENCASTRE TAPON SPL. 2.7/8 EU
3004593;2244-2780-2312 NIPLE ASIENTO F2.7/8 316
3004594;1521-5500 RECONTENEDORCEMECRF51/2'FUND.
3004595;0508-2780A TAPONTEMPPUMPOUTCIEG27/8'STD
3004596;REC. SALARIALES CROMATOGRAFIA
3004597;DESINSECTACION EST. MOTOCOMPRESORAS
3004598;CARGO BASICO INST/SINT SISTEMA CAPILAR
3004599;PORTA CONTENEDORES ON CALL 12 HS
3004600;PORTA CONTENEDORES  ON CALL 24 HS
3004601;FACTIBILIDAD  UBICACION - POZOS NUEVOS
3004602;SE  ASSESSMENT  CIBERSEGURIDAD
3004603;TARIFA HORARIA STAND BY SPECIAL PULLING
3004604;CARRERA TREPANO 7 7/8 CARRERA ADICIONAL
3004605;CAMION PORTACONTENEDOR 4X2 12HS DIURNAS
3004606;ANCLA  TUBING AT-4  7'X 2 7/8' EUE
3004607;REP ANCLA TUBING AT-4  5 ½”X2 7/8'EUE
3004608;0490-5500 ECTBGONOFFPINADO51/2'PN316
3004609;1543-5500 TAPONREHIDMECHMBPA51/2FH/M AL
3004610;1543-7000 TAPONREHIDROMECHMBPA7'FH/M AL
3004611;CONEXIONISTA DIA EN CAMPO S/MOVILIDAD
3004612;GUARDIA PASIVA EQ.INSTRUMENTACION DIA
3004613;CAMION 4X4  HIDRO Y BARQUILLA SIN MO
3004614;CAMION  CARRETON 45 TN SIN MO
3004615;SE MONITOREO SATELITAL MICROTRACK
3004616;FLUIDO DENSIFICADO CLORURO  SODIO PR
3004617;0162-5500 PKRHIDREC1/4PHA6PA51/2'PASTD
3004618;2411-5500 PKRHIDRECPHA251/2'23/8'PN316
3004619;0420-5500 TBGONOFFMECCTO151/2'PASTD
3004620;1711-2380-0001 TAPONCIEGOTBG23/8'316
3004621;1710-2780-0001 TAPONCIEGOTBG27/8'STD
3004622;1520-5500 TAPONREPERFCNF51/2'FUNDICION
3004623;2419-5500 PKRHISPPHFT51/2'27/8'PNSTD
3004624;LITRO  KLA-TROL INHIBIDOR  ARCILLA
3004625;LITRO  SOLVENTE MUTUAL (SURFACTANTE)
3004626;SE  INSPECCION AGUILA MORA-CAN
3004627;EQUIPO  TRABAJO EN BASE (2 PERSONAS)
3004628;PROVISION ESTROBOS CABLE  ACERO 7/8'
3004629;PROYECTISTA DIA EN CAMPO S/MOVILIDAD
3004630;SE  CALIBRACION  INSTRUMENTO
3004631;REMIS SPRINTER SAB-DOM-FER NQN-CAT-NQN
3004632;CAMION  MOTOSOLDADORA SIN MO
3004633;GRUA SOBRE CAMION 100 TN SIN MO
3004634;LICENCIA SOFTWARE - VOOLKS
3004635;LIMPIEZA Y VAPORIZADO  BATEAS 14 M3
3004636;0327-7000 ANCLATENHID1/4RECATH7'PNSTD
3004637;0307-5500 ANCLATORQUERECAT151/2'PASTD
3004638;0496-5500 TBGONOFFPINADO51/2'PNSTD
3004639;0475-7000 ECTBGONOFFMECCTO17'PN316
3004640;1505-7000 RETCEMCRH7'FH/WLRNNOFERROSO
3004641;0706-004P-0001 PUPJOINT4FT23/8'P/P316
3004642;2065-2780 NIPLE C/TAPON ROTABLE 2.7/8
3004643;1521-7000 RECONTENEDORCEMECRF7'FUNDIC.
3004644;CUPL-2780-0N80 - CUPLA 2 7/8' EUE N80
3004645;NIPLE 'R' 1 .81 - MATERIAL ACERO 4140
3004646;NIPLE 'F' 1 .87 - MATERIAL ACERO 4140
3004647;REC. SALARIALES  CONTRATISTA
3004648;PROVISION CRUCETA PARA VASTAGO 1 1/2'
3004649;CONTROL  INSECTOS - UNIDAD LACT MED
3004650;REMIS SPRINTER SAB-DOM-FER CAT-EL-CAT
3004651;REMIS SPRINTER SAB-DOM-FER NQN-EL-NQN
3004652;GRUA SOBRE CAMION 60 TN SIN MO
3004653;VHF DIA TECNICO  CAMPO ESPECIALISTA
3004654;SE INSTALACION  AUDIO Y VIO
3004655;CARGOS POR LIH - HERRAMIENTAS VARIAS
3004656;0184-5500 PKRHIDREC1/4PHA651/2'PNSTD
3004657;2422-5500 PKRDOSIFPHD51/2'PA27/8'STD
3004658;2416-5500 PKRHIDREC1/4PHA651/2'PN316
3004659;0185-7000 PKRHIDREC1/4PHA651/2'PNSTD
3004660;0185-5500 PKRHIDREC1/4PHA651/2'PNSTD
3004661;0499-7000 ECTORONOFFPINADO7'PNSTD
3004662;0490-7000 ECTBGONOFFPINADO7'PN316
3004663;5224-238E-278E RED23/8BOXA27/8PIN316
3004664;5224-278E-238E RED23/8BOXA27/8PIN316
3004665;3224-238E-278E RED23/8BOXA27/8PINSTD
3004666;3224-278E-238E RED23/8BOXA27/8PINSTD
3004667;1540-7000 TAPONNTH7'FH/WLRNNOFERROSO
3004668;1709-2780-0001 GUIAENTRADA27/8'STD
3004669;0318-5500 ANCLA ATH-5.1/2 2.7/8 316L
3004670;2031-2780 TAPON SPLAZAMIENTO 2.7/8
3004671;TECNICO ADMINISTRATIVO EN YACIMIENTO
3004672;ADICIONAL TRASLADO OTROS YACIMIENTOS
3004673;MOTONIVELADORA MENSUALIZADA EN CB/PB
3004674;ALQUILER MENSUAL BATEA ESTANCA 14 M3
3004675;REMIS PICKUP SAB/DOM/FER NQN-CAT-NQN
3004676;CAMION REGADOR 30 M3 SIN M.O.
3004677;PALA CARGADORA MEDIANA SIN MO
3004678;EVALUACION  RIESGO PLUVIOALUVIONAL
3004679;MES TERMINALES REMOTOS SUB OW EN RTU
3004680;TARIFA HORARIA STAND BY SPECIAL W.O
3004681;CARGO POR ADAPTER KIT PARA WIRELINE
3004682;PROVISION  GAS OIL  TRANSPORTE
3004683;0420-7000 TBGONOFFMECCTO17'PNSTD
3004684;1520-7000 TAPONREPERFCNF7”FUNDICION
3004685;ANALISIS CROMATOGRAFIA  GAS - GLP
3004686;MEDICION  ODORIZACION EN GN O GLP
3004687;REC.  SALARIALES QUIMICOS
3004688;EXCAVADORA TIPO CAT-320 CPP 1118-18
3004689;H°A° P/CÁMARA H21 75KG/CM3  ACERO
3004690;REMIS PICKUP SAB/DOM/FER CAT-EL-CAT
3004691;REMIS PICKUP SAB/DOM/FER NQN-EL-NQN
3004692;PICKUP EXNTE 370 KM NQN-CAT-NQN
3004693;REC. SALARIALES RESIDUOS
3004694;0307-7000 ANCLATORQUERECAT17'PASTD
3004695;ANALISIS CROMATOGRAFIA  GASOLINA
3004696;INGENIERIA EN BASE DEL CONTRATISTA
3004697;CADISTA DIA EN CAMPO S/MOVILIDAD
3004698;PICKUP EXNTE 150 KM CAT-EL-CAT
3004699;PICKUP EXNTE 200 KM NQN-EL-NQN
3004700;CAMION VOLCADOR 6 M3 SIN MO
3004701;2423-7000 PKRDOSIFPHD7'PN27/8'STD
3004702;2416-7000 PKRHIDREC1/4PHA67'PN316
3004703;0139-5500 PKRMECRECPKM4PA51/2'STD
3004704;0156-5500 PKRMECRECPKM4PN51/2'STD
3004705;0165-4500A PKRHIDPKW241/2'PAWLSTD
3004706;0497-5500 PHDONOFFDISIF51/2'PASTD
3004707;2013-2780 VALVULA FLOTADORA 2.7/8
3004708;KM RECORRIDO A PUNTO TOMA MUESTRA
3004709;INGENIERO  CONTROL  EN BASE
3004710;CONTROL  INSECTOS - BATERIA MED
3004711;CONTROL  INSECTOS - REZAGOS MED
3004712;CAMION BATEA 25/30 M3 CPP 1118-18
3004713;H°A° P/BASE H21 25KG/CM3  ACERO
3004714;H°A° P/BASE H21 75KG/CM3  ACERO
3004715;SIMA - CAMION REGADOR 8 M3 SIN MO
3004716;IMPLEMENTACION PROJECT MANAGEMENT
3004717;INTERNET INALAMBRICO DOMICILIARIO
3004718;0165-5500 PKRHIDPKW251/2'PAWLSTD
3004719;ALQUILER  GUINDOLA CERTIFICADA
3004720;CAMION REGADOR 30 M3 CPP 1118-18
3004721;REMIS SPRINTER L A V CAT-EL -CAT
3004722;REMIS SPRINTER L A V NQN-CAT-NQN
3004723;ALQUILER MENSUAL OFICINAS BS.AS.
3004724;SE ASISTENCIA TECNICA ABP
3004725;SE ASISTENCIA TECNICA AEL
3004726;SE ASISTENCIA TECNICA MED
3004727;CAMION PORTACONTENEDOR 4X2 24HS
3004728;ADAPTADOR TAPONERA WL OPERACION
3004729;CURVA STILACION ASTM GASOLINA
3004730;VALOR TRAILER ADICIONAL POR MES
3004731;REMIS SPRINTER L A V NQN-EL-NQN
3004732;CONSULTA O VISITA MEDICA COPAGO
3004733;MANTENIMIENTO LICENCIA SOFTWARE
3004734;CARGO POR SERVICIO  OPERADOR
3004735;2411-7000 PKRHIDRECPHA27'PN316
3004736;0497-7000 PHDONOFFDISIF7'PNSTD
3004737;CONTROL  INSECTOS - PIAS MED
3004738;CARGO ADICIONAL AL FIJO MEDANITO
3004739;REMIS PICK UP L A V CAT-EL-CAT
3004740;REMIS PICK UP L A V NQN-EL-NQN
3004741;REMIS PICKUP L A V NQN-CAT-NQN
3004742;TOPADORA MEDIANA SIN MO
3004743;RESIDUOS ASIMILABLES A URBANOS
3004744;KLA-TROL INHIBIDOR  ARCILLA
3004745;ANALISIS  GLICOLES COMPLETO
3004746;CONTROL  INSECTOS - PTC MED
3004747;CONTROL  INSECTOS - PTL MED
3004748;CARGO DIARIO - TANQUE  AGUA
3004749;SUPERVISOR  MOVILIDAD SIMA
3004750;CAMION RECUPERADOR 8M3 SIN MO
3004751;MOVILIDAD POR KILOMETRO - ILA
3004752;5313-238E-238E CUPLA23/8'316
3004753;5314-278E-278E CUPLA27/8'316
3004754;TECNICO ADMINISTRATIVO LIMAY
3004755;PROVISION POLIAMIDA - GRILON
3004756;OPERARIO  TAREAS GENERALES
3004757;MOTONIVELADORA SIN MO
3004758;TOPADORA CHICA SIN MO
3004759;GASTOS VARIOS  AUTOMOVILES
3004760;PERSONAL ADICIONAL
3004761;ADICIONALES PERFIL ENTUBADO
3004762;REP. BASICA  UNIDAD
3004763;TVR PRESION VAPOR A 37,8 °C
3004764;DENSIDAD RELATIVA A 15,5 °C
3004765;ALQUILER MODULO COMPRESORES
3004766;SE  I+C C/MOVILIDAD
3004767;HS EXTRA 100% INTRUMENTISTA
3004768;RESIDUOS SOLIDOS ESPECIALES
3004769;CARTELES EXTERNOS RIO LIMAY
3004770;TARIFA ESPERA  PERSONAL
3004771;DIBUJANTE CAD EN BASE
3004772;HS EXTRA 50% INTRUMENTISTA
3004773;HS EXTRA 100% CONEXIONISTA
3004774;MOTONIVELADORA CPP 1118-18
3004775;INTERCOMUNICADOR ADICIONAL
3004776;TRANSPORTE EN SEMI O BATEA
3004777;ALQUILER CAMIONETA 4x4 - MENSUAL
3004778;TRANSPORTE UNIDAD LIVIANA
3004779;TRAILER VIVIENDA OPERADOR
3004780;ALQ MENS TRAILER HAB 12 M
3004781;CONEXIONISTA EN BASE
3004782;HS EXTRA 50% EXIONISTA
3004783;EMBR18293A
3004784;EDICTOS INFORMATIVOS CSMS
3004785;CONSULTA NORMAL EVENTUAL
3004786;RESIDUOS NO EVAPORABLES.
3004787;CORROSION S/LAMINA COBRE
3004788;INGENIERIA EN YACIMIENTO
3004789;PROYECTISTA (HS) EN BASE
3004790;RUPTOR  BS - EB-1825 A
3004791;CARGO ACCES INST CAPILAR
3004792;RESIDUOS SOLIDOS INERTES
3004793;GASTOS  REPRESENTACION
3004794;CANON MENSUAL NODO PAD 4
3004795;CANON MENSUAL NODO PAD 7
3004796;CAMION CHUPA 4X2 8/12M3
3004797;ANALISIS ACEITE TERMICO
3004798;DENSIDAD ACEITE TERMICO
3004799;EQUIPO PH MENSUAL 12 HS
3004800;GRUA HASTA 30 TN SIN MO
3004801;RESIDUOS PAPEL Y CARTON
3004802;VHF JORNADA INSTALACION
3004803;TRANSPORTE  PERSONAL
3004804;SKID DOSIFICADOR NUEVO
3004805;SARENADOR BBS 10KPSI
3004806;DESARENADOR  BACK UP
3004807;CORPORATIVO 2018 VISTA
3004808;CORPORATIVO 2019 VISTA
3004809;CARGO ESPERA STAND BY
3004810;SULFURO  HIDROGENO.
3004811;COMPONENTES AZUFRADOS
3004812;ACIZ ACEITE TERMICO
3004813;OPERADOR WELL TESTING
3004814;AYUDANTE WELL TESTING
3004815;CURSO  CAPACITACION
3004816;CORPORATIVO 2018 APCO
3004817;CORPORATIVO 2019 APCO
3004818;ANALISIS ASTM (AGUA)
3004819;PROVISION PERFILERIA
3004820;CARGO TRAILER TALLER
3004821;PICK UP WELL TESTING
3004822;INSTALACION SOFTWARE
3004823;TARIFA FUERZA MAYOR
3004824;SUR 750 SURFACTANTE
3004825;ENSAYO MANCHA OLEO.
3004826;VIANDAS ADICIONALES
3004827;GESTION GRUPO SALUD
3004828;RESIDUOS PLASTICOS
3004829;TARIFA REPARACIÓN
3004830;HR EXTRAS MED O&M
3004831;DRILL - TARIFA  ESPERA x CAUSA VISTA
3004832;TRAILER VIVIENDA
3004833;PERMISO  CRUCE
3004834;MEDICINA PREPAGA
3004835;HORAS  ESPERA
3004836;ENSAYO OLEFINAS
3004837;DIA  VEHICULO
3004838;LIH - TREPANOS
3004839;HUMEDAD EN GLP
3004840;TRANSPORTE x km adicional
3004841;HUMEDAD EN GN
3004842;AZUFRE TOTAL.
3004843;MERCHANDISING
3004844;HORA ESPERA
3004845;SURFACTANTE
3004846;SURFACTANTE
3004847;HORA ESPERA (STAND-BY LOCACION)
3004850;OBRA CIVIL
3004851;FLETE A
3004852;CARGA ACOPIO DESCARGA SILOBOLSA
3004853;INGENIERO OP. DE COMPLEJO GAS
3004854;CARGA-TRANSP-DESCARGA DE EQUIPO
3004855;SERV DE MANTENIMIENTO CIVIL - ON CALL
3004856;TTE PERS BUS2 NQN A EL
3004857;TTE PERS BUS CATRIEL - EL
3004858;TTE PERS BUS CATRIEL - MED
3004859;EXTRACCION DE PRFV MANUAL
3004860;BLOQ/APER/DESG/LIMP/CIE TANQUES - H 16M3
3004861;BLOQ/APER/DESG/LIMP/CIE TANQUES - 40M3
3004862;BLOQ/APER/DESG/LIMP/CIE TANQUES - 80M3
3004863;BLOQ/APER/DESG/LIMP/CIE TANQUES - 160M3
3004864;BLOQ/APER/DESG/LIMP/CIE TANQUES - 320M3
3004865;BLOQ/APER/DESG/LIMP/CIE TANQUES - 500M3
3004866;BLOQ/APER/DESG/LIMP/CIE TANQUES - 700M3
3004867;BLOQ/APER/DESG/LIMP/CIE TANQUES - 1000M3
3004868;"SE REEMP CAÑ INT ING PROD H/4"" DIAM"
3004869;"SE REEMP CAÑ INT ING PROD H/8"" DIAM"
3004870;REEMP CHAPA COBERT DE AISL EXT
3004871;REEMPLAZO CHAPA PLATO INTERIOR
3004872;REPARACION AISLACION EXTERIOR
3004873;REEMPLAZO DE PERFIL DENTADO
3004874;Servicio Basico Control de Torque
3004875;Servicio Control Torque por hora
3004876;Tecnico de Registro de Torque
3004877;PEGAMENTO CSG DRILLING
3004878;SERVICIO CONSULTORÍA PERFORACIÓN
3004879;CONSTRUCCION DE LOCACION TIPO 1 (NCBP)
3004880;CONSTRUCCION DE BODEGA TIPO 1 (NCBP)
3004881;CONST CAM NUEV P ACCES A LOC DEL POZO
3004882;CONSTRUCCION DE FOSA DE QUEMA
3004883;CONSTR Y MONT DE PARRILLA PROT DE BODEGA
3004884;"LINEA DE 3"" Fig 1502"
3004885;SUPERVISOR WELL TESTING
3004886;RENOVACION CITRIX ADC VPX 10 STD EDITION
3004887;OPERADOR WELL TESTING
3004888;AYUDANTE WELL TESTING
3004889;PICK UPWELL TESTING
3004890;RENOVACION CITRIX VIRTUAL APPS&DESK AE
3004891;9 HEALTH CHECKS
3004892;INST Y PUESTA EN MARCHA CONTR ACC Y CCTV
3004893;ABONO MENS MANT PREV Y GUARDIA UPS EATON
3004894;BARROS CONT C/HC - FONDOS TANQUES
3004895;SOLIDOS CONDICIONADOS
3004896;RES SOLID URB C/DISP FINAL RELL SAN MUNI
3004897;DISPOSICION FINAL EN CANTERA
3004898;SERV MANT TRABAJO C/TENSION
3004899;LIMPIEZA QUIMICA CIRC. REFRIG. MOTORES
3004900;MANTENIMIENTO DE TRAILER
3004901;CADETERIA CENTENARIO
3004902;Bono Eficiencia arriba de 5.5 Etapas/día
3004903;Tapones Solubles / Slim
3004904;COMEDOR VALOR UNITARIO
3004905;INSUMOS VARIOS - EXTRAS
3004906;ALQ MENS TRAILER COMED 6 M
3004907;ALQ MENS TRAILER REUNION 6 M
3004908;ALQ MENS TK AGUA 18 M3
3004909;ALQ MENS TABLERO ELECT 8 BOCAS
3004910;ALQ MENS PTA TRATAM EFLUENTES
3004911;INSTALACION TRAILERS
3004912;MANT LIN AEREAS MED TENSION RET TER SIMP
3004913;MANT LIN AEREAS MED TENSION RET TER DOB
3004914;MANT LIN AER MED TENSION RET PAS S O DOB
3004915;MANT SECCIONADOR TRIPOLAR
3004916;MANT SECCIONADOR XS (CONJUNTO DE 3)
3004917;RECAMBIO DE POSTES DE SUSPENSION C/IZAJE
3004918;RECAMBIO DE POSTE DE RETENCION PASANTE
3004919;SE ENSAYO GENERA - (CC+CA) en EST + ROT
3004920;SE ENSAYO TRANSFOR MED CORR MT UNIT
3004921;SE ENSAYO TRANSFOR MED TENSION MT UNIT
3004922;SE ENSAYO TRANSFOR POT MT y AT
3004923;SE ENSAYO PROTECCIONES PROP TRANSFOR
3004924;SE ENSAYO AISL PASATAPA P/132KV
3004925;BLINDOBARRAS (3 FASES) ALTA TENSION
3004926;SE ENSAYO TRANSF CORRIENTE ALTA TENSION
3004927;SE ENSAYO TRANSF TENSION ALTA TENSION
3004928;SE MED DESCARGADORES MT
3004929;SE MED DESCARGADORES AT
3004930;SECCIONADORES MANIOBRAS MT, PAT y AT
3004931;INTERRUPTORES MT y AT
3004932;SIST BANCO BATERIAS 24, 125, 240 VCC
3004933;MEDICION SISTEMA PUESTA A TIERRA (PAT)
3004934;SE ENSAYO PROTECCIONES GENERADOR
3004935;SE ENSAYO PROTECCIONES TRANSFORMADOR
3004936;SE ENSAYO PROTECCION DIFERENCIAL LINEA
3004937;SE ENSAYO SIST DE CONTROL
3004938;SE ENSAYO INTERRUPTORES BT
3004939;SE ENSAYO MOTORES ELECT MT
3004940;SERVICIO DE ALQUILER MODULO BAÑO
3004941;SE PROV AGUA INDUSTRIAL
3004942;TRANSP TRAILER - PERIFERICOS
3004943;SERVICIOS MENORES
3004944;SERVICIO DE DESAYUNO-INFUSIONES
3004945;REMIS CIPO - ZANON
3004946;REMIS NQN - ZANON
3004947;REMIS PLOT - ZANON
3004948;REMIS CENTE - LIMAY
3004949;REMIS CIPO/NQN - CATRIEL
3004950;REMIS CIPO/NQN - MDM
3004951;REMIS CIPO/NQN - ROCA
3004952;REMIS EL - MED
3004953;REMIS CARGO KM RECORRIDO
3004954;EC6009A - DISPERSANTE PARAFINA
3004955;BALDE VELAS x 40 U
3004956;REDETERMINACION TARIFAS FORMULA SEP 19
3004957;REDETERMINACION TARIFAS FORMULA OCT 19
3004958;SE TRAT,DISP FINAL CANT - LODO BASE AGUA
3004959;SERVICIO POLICIA ADICIONAL - HORA NORMAL
3004960;SERVICIO POLICIA ADICIONAL - VIANDA
3004961;SERVICIO POLICIA ADICIONAL - CUSTODIA
3004962;SERVICIO PROVISION TUBO CAPILAR
3004963;Análisis de Sólidos caract. Flowback
3004964;Análisis de Sólidos - Tte. muestras
3004965;Análisis Sólidos Opcional XRD XRF DRIFTS
3004966;Análisis Sólidos Combinado
3004967;RECONOCIMIENTOS SALARIALES CONSULTORIA
3004968;Servicio de PaaS (Platform as a Service)
3004969;IMPLEMENTACION DE SOFTWARE
3004970;PAGO RETROACTIVO MANTENIMIENTO
3004971;TENDIDO DE LINEA Ø 6'
3004972;"PROV PULG SOLD MONTADA DN 6"" BM 80"
3004973;Montaje de estructura de acero al carbon
3004974;Lineas soterradas: ERFV de 6” #2000
3004975;PULG DE SOLDADURA Sch80: 2” a 3” REV INT
3004976;PULG DE SOLD Sch120: 4” a 6” REV INT
3004977;Provisión de materiales A°C° y ERFV
3004978;LIMP EXT/INT CAUDALIMETRO MASICO
3004979;"CALIBRACION MASICOS DE 1"" A 3"""
3004980;"CALIBRACION MASICOS DE 4 "" A 6 """
3004981;SERVICIO TRAT. EFLUENTES DIARIO
3004982;SERVICIO TRAT. EFLUENTES FIJA MENSUAL
3004983;MOV INICIAL / DESMOV. FINAL PT EFL
3004984;SERVICIO ARMADO / DESARMADO PTEC
3004985;SERVICIO CAMION DE VACIO PT EFL
3004986;TOMA DE MUESTRAS Y ANALISIS PT EFL
3004987;CONEXION (TRAILER/BOMBA/EVENTO) PT EFL
3004988;PROVISION DE AGUA POTABLE CAMP
3004989;SERV. ABAST AGUA POT INCL ALQ Y MANT PL
3004990;EXTRACCION Y TRANSP RESIDUOS OPC VACTOR
3004991;EXTRACCION Y TRANSP RESIDUOS OPC RETRO
3004992;HS DE ESPERA  - Recinto Suelos y Barros
3004993;TRANSPORTE DE RESIDUOS CON ROLL OFF
3004994;HS DE ESPERA  - Piletas PTC
3004995;TRANSPORTE ROLL OFF - 12 HR
3004996;KM ADICIONAL ROLL-OFF
3004997;MANT BOMBA WILDEN PX100 REPARACION 1
3004998;MANT BOMBA WILDEN PX100 REPARACION 2
3004999;MANT BOMBA WILDEN PX100 REPARACION 3
3005000;MANT BOMBA WILDEN PX200 REPARACION 1
3005001;MANT BOMBA WILDEN PX200 REPARACION 2
3005002;MANT BOMBA WILDEN PX200 REPARACION 3
3005003;MOVILIDAD MEDANITOS - RN (1 A 4 PERS)
3005004;MANT BOMBA WILDEN PX400 REPARACION 1
3005005;MANT BOMBA WILDEN PX400 REPARACION 2
3005006;MANT BOMBA WILDEN PX400 REPARACION 3
3005007;MANT BOMBA WILDEN PX800 REPARACION 1
3005008;MANT BOMBA WILDEN PX800 REPARACION 2
3005009;MANT BOMBA WILDEN PX800 REPARACION 3
3005010;"PKR HID PCS-5 5 1/2"" x 2 3/8"" EUE 8Rd"
3005011;"PKR HID PCS-5 5 1/2"" x 2 7/8"" EUE 8Rd"
3005012;"PKR HID PCS-6 5 1/2"" x 2 7/8"" EUE 8Rd"
3005013;"PKR HID PCS-6 7"" x 2 7/8"" EUE 8Rd"
3005014;"PKR HID QR 5 1/2"" x 2 3/8"" EUE 8Rd"
3005015;"PKR HID QR 5 1/2"" x 2 3/8"" EUE 8Rd"
3005016;"PKR HID QR 7"" x 2 7/8"" EUE 8Rd"
3005017;"TANDEM HID TQR 7"" x 2 7/8"" EUE 8Rd"
3005018;"TANDEM HID TQR 5 1/2"" x 2 3/8"" EUE 8Rd"
3005019;"PKR WIRELINE PW-1 5 1/2"" x 2 7/8""EUE 8Rd"
3005020;"PKR MEC TX-1 5 1/2"" x 2 7/8"" EUE 8Rd"
3005021;"PKR MEC TX-1 7"" x 2 7/8"" EUE 8Rd"
3005022;"ANCLA HID CTH-5 5 1/2"" x 2 7/8"" EUE 8Rd"
3005023;"ANCLA HID CTH-5 7"" x 2 7/8"" EUE 8Rd"
3005024;"ANCLA MEC CT-2 5 1/2"" x 2 7/8"" EUE 8Rd"
3005025;"ANCLA MEC CT-2 7"" x 2 7/8"" EUE 8Rd"
3005026;"CONECT ON-OFF NF-1 5 1/2"" x 2 7/8"" S/PER"
3005027;"CONECT ON-OFF NF-1 7"" x 2 7/8"" S/PERFIL"
3005028;"CONECT PIN F-1 5 1/2"" x 2 3/8"" S/PERFIL"
3005029;"CONECT PIN F-1 7"" x 2 7/8"" S/PERFIL EUE"
3005030;"CONECT ON-OFF NF-1 5 1/2"" x 2 3/8"" S/PER"
3005031;"CONECT ON-OFF NF-1 7"" x 2 7/8"" S/PERFIL"
3005032;"CONECT PIN F-1 5 1/2"" x 2 3/8"" S/PERFIL"
3005033;"CONECT PIN F-1 7"" x 2 7/8"" S/PERFIL EUE"
3005034;"CONECT ON-OFF NF-1 5 1/2"" x 2 7/8"" PERF"
3005035;"CONECT ON-OFF NF-1 7"" x 2 7/8"" PERFIL F2"
3005036;"NIPLE F-1,87"" 2 3/8"" EUE 8Rd."
3005037;"NIPLE F-2,31"" 2 7/8"" EUE 8Rd"
3005038;"NIPLE R-1,81"" 2 3/8"" EUE 8Rd."
3005039;"NIPLE R-2,25"" 2 7/8"" EUE 8Rd"
3005040;"NIPLE X-1,87"" 2 3/8"" EUE 8Rd"
3005041;"NIPLE XN-1,87"" 2 3/8"" EUE 8Rd"
3005042;"NIPLE X-2,31"" 2 7/8"" EUE 8Rd"
3005043;"NIPLE XN-2.31"" 2 7/8"" EUE 8Rd."
3005044;"RED 2 3/8"" Box x 2 7/8"" Pin Material AI"
3005045;"RED 2 3/8"" Pin x 2 7/8"" Box Material AIS"
3005046;"RED  2 3/8"" Box x 2 7/8"" Pin Mat SAE4140"
3005047;"RED 2 3/8"" Pin x 2 7/8"" Box Mat SAE 4140"
3005048;"TAPON CIEGO 2 3/8"" EUE 8Rd. (Box-Pin)"
3005049;"TAPON CIEGO 2 7/8"" EUE 8Rd. (Box-Pin)"
3005050;"SHARE OUT 2 3/8"" EUE 8Rd. (Box-Pin)"
3005051;"SHARE OUT 2 7/8"" EUE 8Rd. (Box-Pin) Mat"
3005052;"TAPON REPER FHT-1 5 1/2"""
3005053;"TAPON REPER FHT-1 7"" material ALUMINIO"
3005054;"RET CEM RTC-1 5 1/2"" material ALUMINIO"
3005055;"RET CEM RTC-1 7"" material ALUMINIO"
3005056;"TAPON REPER TFW-1 5 1/2"""
3005057;"TAPON REPER TFW-1 7"" material ALUMINIO"
3005058;"TAPON REPER TFW-1 5 1/2"" material FUNDIC"
3005059;"TAPON REPER TFW-1 7"" material FUNDICION"
3005060;"CUPLA 2 3/8"" EUE 8Rd. (Box-Pin) Material"
3005061;"CUPLA 2 7/8"" EUE 8Rd. (Box-Pin) Material"
3005062;"CUPLA DOSIF 2 7/8"" EUE 8Rd. (Box-Pin)"
3005063;"CUPLA DOSIF  2 3/8"" EUE 8Rd. (Box-Pin)"
3005064;"GUIA DE ENTR 2 3/8"" EUE 8Rd. (Box-Pin)"
3005065;"GUIA DE ENTR 2 7/8"" EUE 8Rd"
3005066;"PUP JOINT 2 3/8"" de 4´ EUE 8Rd (Box-Pin)"
3005067;"PKR WIRELINE PW-1 5"" x 2 3/8"" EUE 8Rd."
3005068;"CAMISA CIRC ""S"" 2 3/8"" perfil F-1,87""EUA"
3005069;"CAMISA CIRC ""S"" 2 7/8"" perfil F-2,31"" EU"
3005070;SERVICIO DE TRANSPORTE ASIST TECNICA TEX
3005071;MANTENIMIENTO PREVENTIVO/CORRECTIVO
3005072;SERVICIO DE REPARACION HTAS COMPLETACION
3005073;ALQ TAPÓN TIPO FWG 1,81 A 2,31 BASICO
3005074;ALQ TAPÓN TIPO FWG 1,81 A 2,31 X DIA
3005075;ALQ TAPÓN TIPO RZG 1,81 A 2,31 BASICO
3005076;ALQ TAPÓN TIPO RZG 1,81 A 2,31 X DIA
3005077;ALQ TAPÓN TIPO FSG 1,81 A 2,31 BASICO
3005078;ALQ TAPÓN TIPO FSG 1,81 A 2,31 X DIA
3005079;ALQ CHECK VALVE 1,81 A 2,31 BASICO
3005080;ALQ CHECK VALVE 1,81 A 2,31 X DIA
3005081;"ALQ RUNING TOOL 2 3/8"" A  27/8"" OP"
3005082;"ALQ PULLING TOOL 2 3/8"" A  27/8"" OP"
3005083;"ALQ CAMPANA ON-OFF 5 1/2"" A 7"" OP"
3005084;ALQ ADAPTADOR TAPONERA WL OP
3005085;FLETE A YACIMIENTO
3005086;MANT CONTROLODADORES PO - LUN A VIE
3005087;CTRL Y REP INT BOMB ENGR INT COMPR
3005088;CTRL Y REP INT CAJA LUBR COMPR
3005089;MAQ ALOJA CASQU TAP CIL MOTOR WKSHA
3005090;REP BOMB AGUA MOTOR WKSHA L7042G
3005091;RECUP ALOJ ROD BOMB AGUA MOT WKSHA
3005092;REP INT BOMB ACEITE MOTOR WKSHA L7042G
3005093;RECUP SUP BOMB ACEITE MTR WKSHA L7042G
3005094;RECUP SUP BOMB ACEITE MTR WAUKESHA L7042
3005095;RECUP ZAPA COMPR ARIEL JGR/4
3005096;NORM ALOJ BUJ PER ZAP COMPR ARIEL JGR/4
3005097;NORM ALOJ BUJ PER ZAP COMPR ARIEL JGR/4
3005098;RECUP SUP VAST COMPR 3RDS
3005099;CEP Y LIMP PARTES MOTOR Y COMPRESOR
3005100;DESVAS, RECUP DIAM X APORTE EN FRIO Y RE
3005101;REPA INTE CIG MTR WKSHA L7042G
3005102;RECUP TNL BAN APORT BLOCK MTR WKSHA
3005103;INSUMOS DIARIOS
3005104;FLETE SERVICIO URGENTE
3005105;CAFETERIA FIJO MANO DE OBRA
3005106;TRAT Y DISP FINAL REC BASE OIL RELL SEG
3005107;TRAT Y DISP FINAL LODOS BASE OIL RELLSEG
3005108;TRAT Y DISP FINAL SOLIDOS CONDIC RELLSEG
3005110;PROVISION GASOIL IMP INTERNOS
3005111;SERV INGENIERIA BASICA P/DISEÑO PTC+PIAS
3005112;RELEVAMIENTO IN SITU ING BAS PTC+PIAS
3005113;EJECUCION ING BAS PTC+PIAS-DOCS COMPLEM
3005114;HORA HOMBRE DE INGENIERIA
3005115;SERVICIO DE RELEVAMIENTO ZONA IMPL PTC
3005116;VIATICOS + MOVILIDAD INGENIERIA PTC+PIAS
3005117;CONDUCCION DE ESTUDIO HAZOP PTC+PIAS
3005118;PALA CARGADORA C/CHOFER, MENSUAL
3005119;BATEAS CON CHOFER, MENSUAL
3005120;Traslados Vehículo Pesado c/Trailler
3005121;Traslado vehículo pesado
3005122;Especialista Senior de Trabajos con H2S
3005123;Especialista de Trabajos con H2S
3005124;PROFESIONAL SENIOR
3005125;PROFESIONAL JUNIOR
3005126;BONO PERFORM 5,5 ETP/DIA - 5%
3005127;BONO PERFORM 6 ETP/DIA - 10%
3005128;BONO PERFORM 6,5 ETP/DIA - 15%
3005129;BONO PERFORM 7 ETP/DIA - 20%
3005130;MANOMETRO 0.8
3005131;REPARACION CANASTO MANGA DE VIENTO
3005132;CANASTO MANGA DE VIENTO NUEVO
3005133;Compra de Crudo
3005134;SERVICIOS DE MUDANZA
3005135;Cargo SAND BOX
3005136;FRE A - oxidante básico
3005137;FRE B - oxidante ácido
3005138;FLUIDO DENSIFICADO C.POTASIO DENS 1,150g
3005139;CARGO MINIMO
3005140;CARGO MAXIMO
3005141;Inyector de Grasa Hasta 5 Kpsi
3005142;Inyector de Grasa hasta 10 Kpsi
3005143;"Equipo de Presion 5 1/2"" 5 Kpsi"
3005144;"Equipo de Presion 7"" 5 Kpsi"
3005145;"Equipo de Presion 5 1/8"" 10 Kpsi"
3005146;Reconocimiento por desempeño
3005147;REPUESTOS PARA COMPRESORES
3005148;PROFESIONAL SENIOR O ESP (GABINETE)
3005149;TRANSPORTE UNIDAD PESADA
3005150;MONTAJE Y DESMONTAJE LUBR C/TECNICO
3005151;SERVICIO MPLS/INTERNET BMo
3005152;SERVICIO MPLS/INTERNET ELO
3005153;SERVICIO MPLS/INTERNET MED
3005154;ADICIONALES (SAB/DOM/FER/FUERA HORA)
3005155;EIA - ACTIVIDAD SISMICA
3005156;EIA - ACTIVIDAD PERFORACION DE POZOS 1P
3005157;EIA - ACTIVIDAD PERFORACION DE POZOS 2-5
3005158;EIA - ACTIVIDAD PERFORACION DE POZO 5-10
3005159;EIA - ACTIVIDAD PERFORACION DE POZOS 6
3005160;EIA - ACTIVIDAD PERFORACION DE POZOS +6
3005161;EIA - INSTALACIONES ALTA COMPLEJIDAD
3005162;EIA - INSTALACIONES BAJA COMPLEJIDAD
3005163;EIA - ACTIVIDAD CONSTRUCCION DUCTOS 5KM
3005164;EIA - ACTIVIDAD CONSTRUCCION DUCTOS 6-20
3005165;ADICIONAL POR CADA 5 KM
3005166;ADENDAS/ENMIENDAS SIN RELEV DE CAMPO
3005167;ADENDAS/ENMIENDAS CON RELEV DE CAMPO
3005168;AUDITORIA AMBIENTAL ACTIVIDAD SISMICA
3005169;ANALISIS RIESGO AMBIENTAL ACT SISMICA
3005170;ESTUDIO IMPACTO AMBIENTAL ACT SISMICA
3005171;ANALISIS RIESGO AMBIENTAL ACT PERF
3005172;ANALISIS RIESGO AMBIENTAL ACT PERF 2-5
3005173;ANALISIS RIESGO AMBIENTAL ACT PERF 5-10
3005174;AUDITORIA AMBIENTAL ACT PERF POZOS
3005175;AUDITORIA AMBIENTAL ACT PERF POZOS 2-5
3005176;AUDITORIA AMBIENTAL ACT PERF POZOS 5-10
3005177;FLETE (GENERADORES)
3005178;ASISTENCIA EN CAMPO (GENERADORES)
3005179;ANALISIS RIESGO AMBIENTAL ACT PERF POZOS
3005180;SERVICIO PUESTA EN MARCHA (GENERADORES)
3005181;AUDITORIA AMB ACT PERF POZOS LOC MULTIP
3005182;AUDITORIA AMB INSTALAC BAJA COMPLEJIDAD
3005183;AUDITORIA AMB INSTALAC ALTA COMPLEJIDAD
3005184;ANALISIS RIESGO AMBIENTAL BAJA COMPLEJ
3005185;ANALISIS RIESGO AMBIENTAL ALTA COMPLEJ
3005186;AUDITORIA AMBIENTAL CONSTR DUCTOS HAST 5
3005187;AUDITORIA AMBIENTAL CONSTR DUCTOS 5-20
3005188;AUDITORIA AMBIENTAL CONSTR DUCTOS +20
3005189;ANALISIS RIESGO AMB ACT CONSTR DUCTOS 5
3005190;ANALISIS RIES AMB ACT CONSTR DUCTOS 5-20
3005191;ANALISIS RIES AMB ACT CONSTR DUCTOS +20
3005192;ESTUDIO IMPACTO AMBIENTAL ACT CONSTRUCC
3005193;MONITOREO AMBIENTAL ACTIVIDAD SISMICA
3005194;MONITOREO AMBIENTAL ACT PERF DE POZO
3005195;MONITOREO AMBIENTAL ACT PERF DE POZO 2-5
3005196;MONITOREO AMB ACT PERF DE POZO 5-10
3005197;MONITOREO AMB ACT PERF DE POZO +1
3005198;MONITOREO AMB ACT PERF DE POZO LOC MULTI
3005199;MONITOREO AMB INSTALACIONES ALTA COMPLEJ
3005200;MONITOREO AMB INSTALACIONES BAJA COMPLEJ
3005201;MONITOREO AMB ACT CONSTR DUCTO HASTA 5KM
3005202;MONITOREO AMB ACT CONSTR DUCTOS 6-20 KM
3005203;MONITOREO AMB ACT CONSTR DUCTOS AD 5KM
3005204;INFORME MONITOREO AMBIENTAL ANUAL
3005205;EVALUACION AREAS IMPACTADAS
3005206;LINEA BASE BIODIVERSIDAD
3005207;PROFESIONAL ESPECIALISTA - CAMPO
3005208;PROFESIONAL ESPECIALISTA - GABINETE
3005209;IMPRESION DE INFORMES ADICIONALES 1IM+CD
3005210;ESTUDIO SENSIBILIDAD AMBIENTAL HASTA 250
3005211;ESTUDIO SENSIBILIDAD AMB DESDE 251 A 500
3005212;ESTUDIO SENSIBILIDAD AMB DDE 501 A 1000
3005213;PLAN DE GESTION AMBIENTAL
3005214;SE MED ESP RECIP. CASQ.INF. RSAP S/A E/V
3005215;Servicio de Phased Array
3005216;"SERV. GAMMAGRAFIA PLACA H/4"""
3005217;"SERV. GAMMAGRAFIA PLACA 6"" - 8"""
3005218;"SERV. GAMMAGRAFIA PLACA 10"""
3005219;"SERV. GAMMAGRAFIA PLACA 12"""
3005220;"SERV. GAMMAGRAFIA PLACA 18"""
3005221;REC. SALARIALES - GENERACION ENERGIA
3005222;MANIPULADOR TELESC 12TN - MENSUAL
3005223;MANIPULADOR TELESC 12TN - HR ADIC
3005224;Cargo presión por carrera 1001-2000 psi
3005225;Cargo presión por carrera 2001-3000 psi
3005226;Cargo presión por carrera 3001-4000 psi
3005227;Cargo presión por carrera 4001-5000 psi
3005228;Cargo presión por carrera 5001-10000 psi
3005229;Transporte Unidad Pozo entubado
3005230;Espera Eq. de Pozo Entubado máximo 24 hs
3005231;Espera operador - personal máximo 24 hs.
3005232;Detonador de seguridad Sistema RED
3005233;Carga de Poder Lenta Taponeras #20#10#5
3005234;Punzado Selectivo Multiple
3005235;Hta. Diam. Reducido. Recargo 20 %
3005236;Cuchara Cementadora - Cargo profundidad
3005237;Cargo por Provisión de Tapón o Retenedor
3005238;Cargo por profundidad 2º carrera
3005239;Cuerda Explosiva
3005240;Cargo por tiro
3005241;Cortador para Tubing
3005242;Cortador para Casing
3005243;Siguientes (0-1800) más de 100 T
3005244;Siguientes (1801-3200) más de 100
3005245;Siguientes (3201-4500) más de 100
3005246;Kilometro
3005247;CALIBRACION ALTAIR PRO 2X
3005248;CALIBRACION 4X, 5X Y FIJOS
3005249;IMPLEMENTACION INTERFACES S4
3005250;COSTO OPEN BOOK CELSUR
3005251;INCENT TN ADIC ARENA - 9001 A 12000
3005252;INCENT TN ADIC ARENA - 12001 A 15000
3005253;INCENT TN ADIC ARENA - 15001 A 20000
3005254;INCENT TN ADIC ARENA - 20001 A 25000
3005255;REPARACION INTEGRAL DE INTERCAMBIADOR
3005256;Modo GSH - minimo 200 m
3005257;Procesamiento 1
3005258;TBDS - Profundidad
3005259;PNX - Profundidad
3005260;Sonico array compresional/Shear min400
3005261;Procesamiento 2
3005262;SCMT - Profundidad
3005263;CBL/VDL Slim - minimo 400
3005264;IMMA - ANUAL AREA JAGUEL DE LOS MACHOS
3005265;IMAA - ANUAL AREA 25 DE MAYO MEDANITO SE
3005266;IMAA - ANUAL AREA BAJADA DEL PALO OESTE
3005267;IMAA - ANUAL AREA BAJADA DEL PALO ESTE
3005268;IMAA - ANUAL AREA COIRON AMARGO NORTE
3005269;IMAA - ANUAL AREA AGUILA MORA
3005270;REPARACION ROTADOR A NUEVO COD 2006-00
3005271;SUBCONJUNTO BRAZO-CABLE
3005272;FLETE
3005273;ROTADOR DE VARILLA 44.000 LBS
3005274;ROTADOR DE VARILLA 33.000 LBS
3005275;SUBCONJUNTO CABLE
3005276;SUBCONJUNTO BRAZO
3005277;RESORTE DE TRACCION PARA ROTADOR
3005278;RETROEXCAVADORA CHICA CON MO
3005279;ALQUILER MES TRAILER 6 MTS DEPOSITO
3005280;ALQUILER MES TRAILER 6 MTS OFICINA
3005281;ALQUILER MES TRAILER 6 MTS VESTIDOR
3005282;ALQUILER MES TRAILER 12 MTS VESTIDOR
3005283;REC/SALAR CUAD.SOLD.MONT. CAMION HID-MSO
3005284;MOVILIZACION - MICROSISMICA
3005285;TARIFA DIARIA 12 GEOFON - MICROSISMICA
3005286;STAND BY - MICROSISMICA
3005287;ANTICIPO RESERVA EQUIPO - MICROSISMICA
3005288;MANO DE OBRA COLOCACION SIN CEMENTACION
3005289;MOVILIDAD MEDANITOS-RIO NEGRO(1a4 PER)
3005290;RECONOCIMIENTOS SALARIALES
3005291;INSUMOS VARIOS - MANT. COMPRESORES
3005292;CSG Runn - While Drill 4 1/2 - 5 - 5 1/2
3005293;ALQUILER DE EQUIPO DE GENERACION 504
3005294;ALQUILER DE EQUIPO DE GENERACION 415
3005295;ALQUILER DE EQUIPO DE GENERACION 432
3005296;ALQUILER DE EQUIPO DE GENERACION 427
3005297;ALQUILER DE EQUIPO DE GENERACION  463
3005298;MANTENIMIENTO DE EQUIPOS ELECTRICOS 504
3005299;MANTENIMIENTO DE EQUIPOS ELECTRICOS 415
3005300;MANTENIMIENTO DE EQUIPOS ELECTRICOS 432
3005301;MANTENIMIENTO DE EQUIPOS ELECTRICOS 427
3005302;MANTENIMIENTO DE EQUIPOS ELECTRICOS 463
3005303;FLETE EQUIPO ELECTRICO 504
3005304;FLETE EQUIPO ELECTRICO 415
3005305;FLETE EQUIPO ELECTRICO 432
3005306;FLETE EQUIPO ELECTRICO 427
3005307;FLETE EQUIPO ELECTRICO 463
3005308;IMAA - ANUAL AREA ENTRE LOMAS (NQN)
3005309;SE INSPECCIÓN BARRAS SONDEO
3005310;IMAA - ANUAL AREA ENTRE LOMAS (R.N.)
3005311;IMAA - ANUAL AREA CHARCO DEL PALENQUE
3005312;IMAA - ANUAL AREA JARILLA QUEMADA
3005313;ASISTENCIA A LA PUESTA EN MARCHA
3005314;MONTAJE DE LINEA DE 33KV COMPLETA
3005315;MONTAJE CONJ ESTRUCTURA SOSTEN SIMPLE
3005316;MONTAJE CONJ ESTRUCTURA SOSTEN ANGULAR
3005317;GGT / GGTP / GAMMA GT
3005318;HEMOGRAMA
3005319;TRANSF DEFICIENTE EN CARB (CDT)
3005320;GLUCEMIA
3005321;alquiler planta tratamiento
3005322;fee mensual Tu recibo.com
3005323;Abono Mensual onboarding
3005324;Abono mensual licencias
3005325;ALQ MENS TRAILER BAÑO MIXTO 6M
3005326;TASA MUNICIPAL
3005327;ANALISIS DE MUESTRAS
3005328;ANALISIS DE DATOS - MICROSISMICA
3005329;EVAL DESCRIP COMPLETACION - MICROSISMICA
3005330;EVAL GEOMEC COMPLETACION - MICROSISMICA
3005331;ALQ. TANQUE 3000 lt ALMACENAR GAS OIL
3005332;PRETIL DE PVC CAÑO 110X1M,CEMENTO+REFLEC
3005333;PRETIL DELINEADOR FLEXIBLE 0.80M
3005334;SERVICIO DE ARMADO Y LOGISTICA XMAS TREE
3005335;Lodo Bs Ac. Interm. ME/VE men 11,5 ppg
3005336;Lodo Bse Ac. Interm. ME/VE men11,5 ppg
3005337;Lodo Bse Aceite ME/VE men11,5 ppg
3005338;Sist.Lodo Bs Ac. ME/VE may 11,5 ppg
3005339;Productos adicionales Lodos BMo
3005340;SE LAVO, INSP COMP, CAL,AC/D TROZOS VAR
3005341;Consultoría gas lift para Vaca Muerta
3005342;SE CONSTRUCCION EPC - EMC 11
3005343;SE COMPRESIÓN EMC-11
3005344;SE COMPRESIÓN EN RESERVA EMC-11
3005345;SE COMPRESIÓN STAND-BY EMC-11
3005346;SE O&M - EMC 11
3005347;PROV TRAZADOR AGUA LIQ - ETAPA
3005348;TRAT. RECORTES PERFORACION BASE OIL
3005349;DISPOSICION FINAL RECORTES PERF BASE OIL
3005350;TRAT LODOS PERFORACION BASE OIL
3005351;DISP FINAL LODOS PERF BASE OIL RELL SEG
3005352;DISP FINAL LODOS PERF BASE AGUA RELL SEG
3005353;TRAT LODOS PERFORACION BASE AGUA
3005354;DISP FINAL FONDOS DE TANQUES EN RELL SEG
3005355;TRATAMIENTO AGUA DE FRACTURA
3005356;SE TRAT FONDOS TANQUES - BARROS CON HC
3005357;TRATAMIENTO AGUA CONTAMINADA CON HC
3005358;TRAT Y DISP FINAL CARTUCHOS DE IMP/TONER
3005359;ALQ PORTACONTENEDOR + SEMI (12HS)
3005360;TRAT Y DISP FINAL RES ASIMILABLES A URBA
3005361;RETENCION MUTUAL SPJ EMPLEADOS
3005362;CUOTA SINDICAL SPJ
3005363;CONTRIBUCION SOCIO CULTURAL SPJ
3005364;CONTRIBUCION SOCIO CULTURAL EXT SPJ
3005365;.
3005366;LIMPIEZA MAMELUCO COMUN MENOS DE 1000 UD
3005367;LIMPIEZA MAMELUCO COMUN MAS DE 1000 UDS
3005368;LIMPIEZA CAMPERA TERMICA
3005369;Normalizado de alojamientos 30 a 100 mm
3005370;Normalizado de alojamientos 101 a 200 mm
3005371;Normalizado de alojamientos 201 a 300 mm
3005372;Recuperacion sup de ejes y arboles
3005373;Cepill y limp de partes de motor y compr
3005374;Desarme y limpieza c/ productos químicos
3005375;Inspección general completa
3005376;Prueba hidráulica de Tapa desarmada
3005377;Control de Fisuras
3005378;Cambio de Casquillos de válvulas
3005379;Cambio de Guías de válvulas
3005380;Cambio de reten
3005381;Control de Planimetría
3005382;Ctrl Tap,Fus,Ros,Esparr y Espigas
3005383;Rectificado de Asientos de válvulas
3005384;Control de estanqueidad asientos de válv
3005385;Control tensión de resortes
3005386;Control de demás partes constitutivas
3005387;Insp final, armado y embalaje p/entrega
3005388;Confección Informe final de reparación
3005389;REDETERMINACION TARIFAS FORMULA MAY 19
3005390;REDETERMINACION TARIFAS FORMULA JUN 19
3005391;CARRO SUJETATUBOS 6TN - MENSUAL
3005392;TOTEM DOBLE FAZ EN V ENTRE LOMAS
3005393;ILUMINACION
3005394;RELLENO PARA TOTEM
3005395;TOTEM HORIZONTAL ENTRE LOMAS
3005396;TOTEM DOBLE FAZ V BDP
3005397;TOTEM HORIZONTAL MEDANITO
3005398;Redecoracion totem doble faz MED
3005399;PLACA ACRILICO ENTRE LOMAS
3005400;PLACA ACRILICO MEDANITO
3005401;RECONOCIMIENTO DE AJUSTES
3005402;SOLVENTE DE PARAFINAS ACPC00310A
3005403;PARA10231A
3005404;CLAR18158A
3005405;ESPUMANTE FOAM20138AR
3005406;INHIBIDOR DE HIDRATOS DV4K007
3005407;POZO (POR UNIDAD FUNCIONAL)
3005408;Recup y Norm c/frio de alojam de buje
3005409;Recup zapata p/compresor 3RDS
3005410;Norm aloj buje perno comp 3RDS
3005411;Recup zapata p/compr Ariel JGR/4
3005412;Norm aloj buje perno comp Ariel JGR/4
3005413;Recup sup vastagos para compresor 3RDS
3005414;Recup sup vast p/comp Ariel JGR/4/W66
3005415;Crudo fuera especificación - rango a
3005416;Crudo fuera especificación - rango b
3005417;Crudo fuera especificación - rango c
3005418;Planta de lodo Movil 525m3
3005419;Planta de lodo Movil
3005420;FLUI - BARITINA, densificante
3005421;FLUI - VERSACOAT DM, 55 GA
3005422;FLUI - MEGAMUL  DM 55 GA
3005423;FLUI - SWA DM 55G
3005424;FLUI - HIDROXIDO DE CALCIO BG 25 KG
3005425;FLUI - GRAFITO
3005426;FLUI - TTE. LODO FUERA YACIMIENTO
3005427;FLUI - TANQUE 75 M3 CON AGITACIÓN
3005428;FLUI - MANIFOLD PARA TANQUES DE 75 M3
3005429;FLUI- TRAT. RHE-USE x M3 C/MIN.100M3
3005430;FLUI - TRANSPORTE DE QUÍMICOS
3005431;FLUI - ESPECIALISTA DE LODOS
3005432;SCREEN PLUS
3005433;COMPRESOR PARA SIST. SCREEN PLUS
3005434;INSTALACIÓN DE SISTEMA
3005435;DTM ENTRE POZOS P/INSTALAR SCREEN PLUS
3005436;BANDEJA ADICIONAL SCREEN PLUS
3005437;EQ. GENERACION PTG
3005438;ACCESORIOS EQUIPOS DE GENERACION 375 KVA
3005439;DESINSTALACION EQUIP GENERACION 375 KVA
3005440;SERVICIO EXCAVADORA
3005441;ALQUILER DEPTO 4 PAX - DIA
3005442;UNCo 1 - ANALISIS TPH
3005443;UNCo 2 - HC TOTALES DE PETROLEO (TPH)
3005444;UNCo 3 - ANALISIS DE 16 PAH PRIORITARIOS
3005445;UNCo 4 - BTEX
3005446;UNCo 5 - METALES PESADOS PRINCIPALES
3005447;UNCo 6 - MERCURIO TOTAL
3005448;UNCo 7 - RELACION ABSORCION SODIO (RAS)
3005449;UNCo 8 - % SODIO INTERCAMBIABLE (PSI)
3005450;UNCo 9 - MESOFILAS AEROBICAS TOTALES
3005451;UNCo 10 - HUMEDAD
3005452;UNCo 11 - PH
3005453;UNCo 12 - CONDUCTIVIDAD (A 25°)
3005454;UNCo 13 - CARBONATOS - BICARBONATOS
3005455;UNCo 14 - CLORUROS
3005456;UNCo 15 - NITRATOS
3005457;UNCo 16 - SULFATOS
3005458;UNCo 17 - MATERIAL PARA MUESTREO
3005459;UNCo 18 - DIA DE CAMPO MUESTREO
3005460;UNCo 19 - MOVILIDAD A LA INSTALACION
3005461;UNCo 20 - ANALISIS RESULTADOS E INFORMES
3005462;UNCo 21 - PRESENTACION REUNIONES
3005463;UNCo 22 - CURSOS EN YACIMIENTO
3005464;UNCo 23 - PROP TECNICA PROY EJECUTIVO
3005465;FLUI - VERSATROL BG 22.64 KG
3005466;RECON RETROACT/MAYORES COSTOS
3005467;RECON RETROACT/MAYOR COST TALLER
3005468;ANALISIS MUESTREO ANUAL DIAS CAMPO
3005469;TASA HIDROCARBURIFERA
3005470;UNCo 24 - HIERRO MANGANESO AL + C C N V
3005471;UNCo 25 - GRASAS Y ACEITES
3005472;UNCo 26 - FENOLES
3005473;UNCo 27 - CIANUROS
3005474;UNCo 28 - FLUORUROS
3005475;UNCo 29 - DETERGENTES
3005476;material de entrenamiento
3005477;TRAT LODOS BASE OIL HS NOCT+SAB+DOM+FER
3005478;RECORT PERF BASE OIL HS NOCT+SAB+DOM+FER
3005479;FLOWBACK HS NOCT+SAB+DOM+FER
3005480;REDET TARIFAS SERV MONTAJE DE COMPRESOR
3005481;REDET TARIFAS SERV MONTAJE CARG/DESCARG
3005482;REDET TARIFAS SERV ADECUACIONES PIAS-BMo
3005483;TRASL P/CALIB EN SITIO-COMB Y ASOCIADOS
3005484;SERV CALIB ALCOHOLIM-ETILOMETROS
3005485;SERV CALIBRACION A EQUIPO
3005486;FEE MENS SINCROPOOL COMBIS
3005487;Servicio MPD métrico
3005488;MPD - Bearing
3005489;MPD - Sellos
3005490;MPD - Coriolis
3005491;MPD - Cubo API + Válvula manual
3005492;"MPD - Válvula manual 3-1/16"""
3005493;MPD - Electro-compresor
3005494;MPD - SkyTr- ManLift- Demov final
3005495;MPD - Set Stand by
3005496;Alquiler RCD Rotating Control Device
3005497;Reposición DBR Bearing
3005498;Reposición DBR Bowl
3005499;PROFESIONAL SENIOR O ESP (YACIMIENTO)
3005500;INSPECTOR END (Nivel I) - e/Yac c/Equip
3005501;INSPECTOR END (Nivel II) - e/Yac c/Equip
3005502;ENSAYO DETERMINACION DE MATERIALES
3005503;ENSAYO DE COMP QUIMICA DE MAT E/YAC
3005504;ENSAYO DE ONDAS GUIADAS
3005505;INSPECTOR CON EQUIPO DE PHASED ARRAY
3005506;ESTUDIO METALOGRÁFICO Metalografía E/YAC
3005507;ENSAYOS MECÁNICOS Microdureza c/prob Lab
3005508;ENSAYOS MECÁNICOS Traccion c/prob e/Lab
3005509;ENSAYOS MECÁNICOS Aplastam c/prob e/Lab
3005510;ENSAYOS MECÁNICOS - Charpy 1T c/prob Lab
3005511;ENSAYOS MECÁNICOS - Prep Prob Esp e/Lab
3005512;Provisión de Proc de Sold (WPS) sin ensy
3005513;ELAB CARTO GEORREF EN GIS Y PLANOS
3005514;SERVICIO DE RELEVAMIENTO EN YAC
3005515;HSCV10192A
3005516;CONSTRUCCION DE LOCACION TIPO 2 (NCBP)
3005517;CONSTRUCCION CAMINO S/PICADA EXISTENTE
3005518;MOVIMIENTO SUELO ADIC TERRENO BLANDO
3005519;"INSP PULMON EMC D.12""-24"""
3005520;"INSP SEPAR EMC D.16""-24"""
3005521;"REEMP CASQ PULMON EMC D.12""-24"""
3005522;"REEMP CASQ SEPAR EMC D.16""-24"""
3005523;"REEMP DEMIST SEPAR EMC D.16""-24"""
3005524;"REEMP PESCAN PULMON EMC D.12""-24"""
3005525;"REEMP PESCAN SEPAR EMC D.16""-24"""
3005526;"RET/COL CASQ PULMON EMC D.12""-24"""
3005527;"RET/COL CASQ SEPAR EMC D.16""-24"""
3005528;"INSP SEPAR-H BAT D.24""-38"""
3005529;"INSP SEPAR-H BAT D.40""-50"""
3005530;"INSP SEPAR-H BAT D.52""-64"""
3005531;"INSP SEPAR-V BAT D.12""-20"""
3005532;"INSP SEPAR-V BAT D.32""-38"""
3005533;"INSP SEPAR-V BAT D.24""-30"""
3005534;"INSP SEPAR-V BAT D.40""-44"""
3005535;"INSP SEPAR-V BAT D.46""-50"""
3005536;"INSP SEPAR-V BAT D.51""-70"""
3005537;"PINT INT CASQ SEPAR-H BAT D.24""-38"""
3005538;"PINT INT CASQ SEPAR-H BAT D.40""-50"""
3005539;"PINT INT CASQ SEPAR-H BAT D.52""-64"""
3005540;"PINT INT CASQ SEPAR-V BAT D.12""-20"""
3005541;"PINT INT CASQ SEPAR-V BAT D.32""-38"""
3005542;"PINT INT CASQ SEPAR-V BAT D.24""-30"""
3005543;"PINT INT CASQ SEPAR-V BAT D.40""-44"""
3005544;"PINT INT CASQ SEPAR-V BAT D.46""-50"""
3005545;"PINT INT CASQ SEPAR-V BAT D.51""-70"""
3005546;"REEMP CASQ SEPAR-H BAT D.24""-38"""
3005547;"REEMP CASQ SEPAR-H BAT D.40""-50"""
3005548;"REEMP CASQ SEPAR-H BAT D.52""-64"""
3005549;"REEMP CASQ SEPAR-V BAT D.12""-20"""
3005550;"REEMP CASQ SEPAR-V BAT D.32""-38"""
3005551;"REEMP CASQ SEPAR-V BAT D.24""-30"""
3005552;"REEMP CASQ SEPAR-V BAT D.40""-44"""
3005553;"REEMP CASQ SEPAR-V BAT D.46""-50"""
3005554;"REEMP CASQ SEPAR-V BAT D.51""-70"""
3005555;"RET/COL CASQ SEPAR-H BAT D.24""-38"""
3005556;"RET/COL CASQ SEPAR-H BAT D.40""-50"""
3005557;"RET/COL CASQ SEPAR-H BAT D.52""-64"""
3005558;"RET/COL CASQ SEPAR-V BAT D.12""-20"""
3005559;"RET/COL CASQ SEPAR-V BAT D.32""-38"""
3005560;"RET/COL CASQ SEPAR-V BAT D.24""-30"""
3005561;JORNADA SOLDADURA
3005562;"RET/COL CASQ SEPAR-V BAT D.40""-44"""
3005563;"RET/COL CASQ SEPAR-V BAT D.46""-50"""
3005564;"RET/COL CASQ SEPAR-V BAT D.51""-70"""
3005565;INSP FILTRO
3005566;REEMP CANASTO FILTRO
3005567;REEMP TAPA FILTRO
3005568;CHAPA CARACTERISTICA
3005569;INSP CALENTADOR
3005570;PLANO CONF OBRA CALENT
3005571;REEMP AISLAC TERM CALENT
3005572;REEMP CASQ CALENT
3005573;REEMP TAPA TF CALENT
3005574;"REEMP TUB FUEG CALENT D.10"""
3005575;"REEMP TUB FUEG CALENT D.12"""
3005576;"REEMP TUB FUEG CALENT D.6"""
3005577;"REEMP TUB FUEG CALENT D.8"""
3005578;RET/COL TAPA CALENT
3005579;RET/COL TUBO HUMOS CALENT
3005580;INST CONEX BRIDADA
3005581;INST CUPLA
3005582;REEMP DRENAJE
3005583;COSTO DE REACTIVACION DE SISTEMA
3005584;LICENCIA LAN AMS MACHINERI SOFTWARE
3005585;SOPORTE Y REPARACION ONLINE
3005586;REPOSICION DE ENVASES
3005587;HERRAMIENTAS SLICK LINE EN POZO
3005588;ELO - SERV GERENCIAMIENTO DE QUIMICOS
3005589;GAMMA RAY OPERATIVO
3005590;GAMMA RAY STAND BY
3005591;INGENIERO ESPECIALISTA
3005592;TRAT BARROS PILETA HS NOCT+SAB+DOM+FER
3005593;TRANSP/DESCARGA RIPIO/ETC DESDE CANTERA
3005594;SEL/EXT/CARGA RIPIO/ARENA/ARCILLA/SUELO
3005595;EQUIPO CISTERNA 35M3 - MES 24HS
3005596;SCAL16574A
3005597;SCAL16475A
3005598;DIFERENCIA EQUIPO 5K PSI A 10K PSI
3005599;DIFERENCIAL GRUA
3005600;SERVICIOS DE INGENIERIA DE PROYECTO
3005601;ALQUILER MES TRAILER 6 MTS sanitario
3005602;movilización campamento
3005603;servicio super jerar + movilidad
3005604;INGENIERIA
3005605;INDIRECTOS
3005606;PIPING + MECANICA
3005607;ELECTRICIDAD E INSTRUMENTACION
3005608;BLOQ/APER/DESG/LIMP/CIE TK PULM - 3000M3
3005609;alquiler trailer 12 mt cocina comedor
3005610;CORR11385A
3005611;HSCV23232B
3005612;OPERACION CANCELADA WORK OVER
3005613;SERVICIOS ADICIONALES
3005614;AJUSTE X UNIDAD DE MEDIDA
3005615;Desmovilización equipo WO
3005616;OPERACIONES INFRAESTRUCTURA
3005617;OPERACIONES SEGURIDAD
3005618;HORAS EXTRAS
3005619;ADICIONALES VARIOS
3005620;Servicios de alquiler - general
3005621;SERVICIO ALQUILER BAÑO + TRAILER + AGUA
3005622;TRANSPORTE LOMA CAMPANA - LAGO PELLEGRIN
3005623;Tarjetas de Bloqueo 20x8,5cm
3005624;ADICIONALES VARIOS
3005625;REPARACION DE MOTORES ELECTRICOS
3005626;OPERACION CANCELADA TRANSF AGUA FRACT
3005627;COMPRESOR DE AIRE
3005628;SLICK LINE - Cargo básico L-V 8-17
3005629;SLICK LINE - Equipamiento  5”ID 10Kpsi
3005630;SLICK LINE - Equipamiento  3”ID 10Kpsi
3005631;SLICK LINE - Torqueo bridas Hytorc
3005632;SLICK LINE - Engrase de válvulas
3005633;SLICK LINE - Ensayo Memory piezoresistiv
3005634;SLICK LINE - Memory Cuarzo
3005635;TRANSPORTE UNIDAD PESADA
3005636;SLICK LINE - Cargo básico Sab-Dom-Fer
3005637;SLICK LINE 24 hs. - Dos primeras hs.
3005638;SLICK LINE 24 hs. Hora diurna L-V
3005639;IMPLEMENTACION SOFTWARE
3005640;ALQUILER DE TRAILER LABORATORIO
3005641;SERVICIO PERSONAL QHSE
3005642;TRACING HEAT
3005643;ALQUILER BOMBAS BOOSTER
3005644;SERVICIO SISTEMA FIRE AND GAS
3005645;Repuestos y Lubricantes Motocompresores
3005646;OTROS COSTOS - DIRECTOS E INDIRECTOS
3005647;Servicio mensual Enlace 5 Mb bakp up
3005648;Instalación enlace 50 mb back up
3005649;SERVICIO SOBRE RECONECTADORES
3005650;MANTENIMIENTO DE CELDAS SM5 + PRODIAG
3005651;SERVICIO SOBRE VARIADORES
3005652;SERVICIOS PARA EVENTOS CORPORATIVOS
3005653;SERV CAMIÓN PORTA CONTENEDOR + ACOPLADO
3005654;CANON USO AGUA PUBLICA
3005655;CANON USO CUERPO RECEPTOR
3005656;"SERV CALIB VALV SEG VSE Ø 8"" S-1500"
3005657;"SERV CALIB VALV SEG VSE Ø 10"" S-1500"
3005658;"SERV MANT VALV DIAF Ø 1"" S-150 Tarea A"
3005659;"SERV MANT VALV DIAF Ø 2 1/2"" S150 TareaA"
3005660;"SERV MANT VALV DIAF Ø 6"" S-900 Tarea A"
3005661;"SERV MANT VALV DIAF Ø 6"" S-1500 Tarea A"
3005662;"SERV MANT VAL AGJ Ø 1 1/2"" S-900 Tarea A"
3005663;Servicio de Implantación SAP EHSM
3005670;ALQ EQUIP Y SERV GASES ESPECIALES
3005671;ANALISIS ACEITE LUBR MOTR COMBUSTION
3005672;ANALISIS PREMIUM LUBRIC EN REDUCTORA
3005673;ANALISIS REFRIG MOTR A COMBUSTION
3005674;ANALISIS ACEITE LUBR EN REDUCTORES
3005675;ANALISIS ACEITE DIELECTRICO EN TRAFOS
3005676;INSTALACIÓN ALARMAS DOMICILIARIAS
3005677;SENSOR O2 10106729
3005678;SENSOR DUO-TOX 10106725
3005679;SENSOR LEL 10106722
3005680;SENSOR H2S ALTAIR 2X 10152603
3005681;SENSOR H2S ALTAIR PRO 711307
3005682;FILTRO HYDRPHBC 710917
3005683;FILTRO DIGITAL PUMP 808935
3005684;PILAS ALTAIR 2X 10155203
3005685;PILA ALTAIR PRO CR2 EL1CR2BP
3005686;CLIP SUSPENDER 10069894
3005687;CARCASA FRONTAL NEGRA 10110030
3005688;CARCASA FRONTAL FOSFOR. 10110029
3005689;EQ ALTO VACIO (VACTOR) 26M3 - DIA 12HS
3005690;SE TRASLADO VACTOR 26M3 - KM
3005691;SERV PORTACONT + ACOP - 12HS
3005692;CONTENEDOR 4M3 S/TAPA - DIA
3005693;ABONO MENS POR EQUIPO - PACK GLOBAL
3005694;ABONO MENS POR ENTIDAD - PACK GLOBAL
3005695;ASISTENCIA PROGRAMADA NQN
3005696;SERVICIO DE AUDITORIA SEGURIDAD
3005697;ACTUAL MTK4 A MTK5 C/DISPLAY
3005698;CAMBIO LECTOR ID
3005699;CAMBIO PLACA SDCOOM
3005700;EQUIPO MTK5 C/DISPLAY
3005701;Outsourcing Monthly Fee
3005702;SERVICIO ASESORAMIENTO TECNICO
3005703;CUADRILLA ESPACIO CONFINADO - DIA 12HS
3005704;TREPANO PDC PARA TUBING DRILLING
3005705;Desmovilización campamento
3005706;SE TGRAF UBICACION PROVISORIA POZOS MULT
3005707;SE TGRAF UBICACION DEFINITIVA POZOS MULT
3005708;SE TGRAF REUBICACION PROV POZOS MULT
3005709;SE TGRAF CALC VOL MOV SUELO POZOS MULT
3005710;PLAN DE GESTION AMBIENTAL ANUAL
3005711;VEHICULO PROPIO POR KM
3005712;VIANDAS ADICIONALES
3005713;RUTINA DE LAB
3005714;RX CLS FYP
3005715;RX TORAX FRENTE
3005716;SERVICIO DE BORDADO DE PARCHE
3005717;TRASLADO VEHICULO PESADO CON TRAILER
3005718;Especialista Sr. trabajos c/ H2S (12 hs)
3005719;Especialista  trabajos c/ H2S (12 hs)
3005720;Alquiler sistemas de aire respirable
3005721;Especialista Sr. Soldador
3005722;"HT Ø 9/16"" CSG 4.5-20 c/Niple 2"" soldado"
3005723;CUADRILLA SANEAMIENTO ADICIONAL
3005724;PROV TRAZADOR PETROL SOL - ETAPA
3005725;EQ BOMBEO INYEC TRAZADOR - DIA
3005726;BOTELLAS P/MUESTRA AGUA/PETRO - PACK
3005727;MOV Y DESMOV PERSONAL INYEC TRAZADOR
3005728;MOV Y DESMOV EQ Y PROD INYEC TRAZADOR
3005729;PERSONAL PARA INYEC TRAZADOR
3005730;ANALISIS MUESTRA TRAZADOR - UNIDAD
3005731;REPORTE FINAL TRAZADORES - UNIDAD
3005732;"REPARACIÓN TREPANO UP TO 6.75"""
3005733;"REPARACIÓN TREPANO 8.5""-12.250"""
3005734;"REPARACIÓN TREPANO 13.5"" +"
3005735;REEMPLAZO DE CORTADORES 13 U 11 MM
3005736;REEMPLAZO DE CORTADORES 16 MM
3005737;REEMPLAZO DE CORTADORES 19 MM
3005738;MOVILIZACIÓN REPARACIÓN TREPANO
3005739;MOVILIZ. REPARACIÓN TREPANO LEVEL 2
3005740;Precalentador H.HED 9 5/8”
3005741;Precalentador H.HED 7”
3005742;Reparación de conexión NC38 / 3 ½” IF
3005743;SERVICIO DETECCIÓN DE FUGAS
3005744;LOCACIÓN 1 POZO - PROV
3005745;LOCACIÓN 1 POZO - REP
3005746;LOCACIÓN 1 POZO - DEF
3005747;2DA LOCACIÓN 1 POZO - DEF
3005748;2DA LOCACIÓN 1 POZO - REP
3005749;2DA LOCACIÓN 1 POZO - PROV
3005750;PAD 2 a 4 POZOS - PROV
3005751;PAD 2 a 4 POZOS - REP
3005752;PAD 2 a 4 POZOS - DEF
3005753;PAD 5 a 6 POZOS - PROV
3005754;PAD 5 a 6 POZOS - REP
3005755;PAD 5 a 6 POZOS - DEF
3005756;2DO PAD 2 a 4 POZOS - PROV
3005757;2DO PAD 2 a 4 POZOS - REP
3005758;2DO PAD 2 a 4 POZOS - DEF
3005759;2DO PAD 5 a 6 POZOS - PROV
3005760;2DO PAD 5 a 6 POZOS - REP
3005761;2DO PAD 5 a 6 POZOS - DEF
3005762;ALQUILER VALVULA
3005763;Alquiler cisterna Mensual de Gas oil 5m3
3005764;Transporte de Cisterna en Camilla x KM
3005765;MEDIO DIA TECNICO ESP INST O MANT
3005766;DESEMULSIONANTE EC2438A
3005767;SERV GUARDIA PASIVA Y MANT EQ Y BARRERAS
3005768;SUPERVISIOR ADQUISICION - MICROSISMICA
3005769;ADICIONAL OPERACION TPF
3005770;SERVICIO OPERACION TEG Y FILTRADO
3005771;SEPARADOR DE CONTROL TPF
3005780;SERVICIO WIFI ROUTERS PORTATIL
3005781;Honorarios Dest. Aduana Emb.Frac. Origen
3005782;Adicional por día de Carga en Origen
3005783;Honorarios Dest. Aduana Emb.Frac. Destin
3005784;Adicional por día de Carga en Destino
3005785;ESPUMIGENO ESB900
3005786;SERVICIO DE MUESTREO
3005787;SUPERVISOR (jornada 12 hs)
3005788;COSTO DE ENVIO
3005789;STICKER O TARJETA EDENRED
3005790;AUDIOMETRIA
3005791;EXAMEN MEDICO
3005792;ECG - ELECTROCARDIOGRAMA
3005800;SE MANT VALV ESCL 18'S300 T.A
3005801;SE MANT VALV MARIP 8'S300 T.B
3005802;SE MANT VALV ESCL 18'S300 T.A
3005803;SE MANT VALV RET 2'S150 T.A
3005804;SE MANT VALV RET 3'S150 T.A
3005805;SE MANT VALV RET 4'S150 T.A
3005806;SE MANT VALV RET 6'S150 T.A
3005807;SE MANT VALV RET 8'S150 T.A
3005808;SE MANT VALV RET 10'S150 T.A
3005809;SE MANT VALV RET 12'S150 T.A
3005810;SE MANT VALV RET 2'S300 T.A
3005811;SE MANT VALV RET 3'S300 T.A
3005812;SE MANT VALV RET 4'S300 T.A
3005813;SE MANT VALV RET 6'S300 T.A
3005814;SE MANT VALV RET 8'S300 T.A
3005815;SE MANT VALV RET 10'S300 T.A
3005816;SE MANT VALV RET 12'S300 T.A
3005817;SE MANT VALV RET 2'S600 T.A
3005818;SE MANT VALV RET 3'S600 T.A
3005819;SE MANT VALV RET 4'S600 T.A
3005820;SE MANT VALV RET 6'S600 T.A
3005830;INSUMOS VARIOS (LAB, FITTINGS, ETC)
3005831;M. BUS DIU&NOC NQN-EL+M.BUS DIU CIPO-EL
3005832;TRASB C/AUTO NQN ESTE EN ZANON
3005833;TRASB C/AUTO NQN OESTE EN ZANON
3005834;TRASB C/AUTO PLOTTIER - ZANON
3005835;TRASB C/AUTO NQN - ZANON
3005836;TRASB C/AUTO CIPO (F. ORO)
3005837;TRASB C/AUTO CIPO - CENTENARIO
3005838;REMIS CIPOLLETTI - LIMAY
3005839;REMIS CINCO SALTOS - LIMAY
3005840;M. BUS DIU CIPO-CINCO SALTOS - ELO
3005841;M. BUS DIU NQN-ENTRE LOMAS
3005842;M. BUS DIU CATRIEL- ENTRE LOMAS
3005843;COMBI TURNOS CATRIEL- EL
3005844;COMBI TURNOS CIPOLETTI-PIN TRASB
3005845;M. BUS DIU CATRIEL- MED
3005846;COMBI TURNOS CATRIEL- MED
3005847;COMBI DIURNO NQN-BMO
3005848;PICK UP TURNO AÑELO-BMO
3005849;COMBI TURNOS NQN-BMO
3005850;COMBI TURNOS CIPOLETTI-PIN TRASB
3005851;ESPUMIGENO SOLIDO VELAS ESB600 X BALDE
3005852;FEE MENSUAL CONCUR TRAVEL & EXPENSE
3005853;POLICY AUDIT FEE CONCUR TRAVEL & EXPENSE
3005854;EQ ALTO VACIO (VACTOR) 16M3 - DIA 8HS
3005855;EQ ALTO VACIO (VACTOR) 26M3 - DIA 8HS
3005856;EQUIPO DE VACIO 9M3 - DIA 12HS
3005857;EQUIPO SUPER VACIO 35M3 - DIA 12HS
3005858;STAND BY EQUIPOS
3005859;EXTRACCION Y TRANSPORTE BARROS PILETA
3005860;CUADRILLA DE LAVADO - DIA 12HS
3005861;AYUDANTE LAVADO/ESP CONFINA - DIA 12HS
3005862;NIPLE R-2,250 x 2 7/8  316 L
3005863;"SERV CALIB VALV SEG VSE Ø 10"" S-1500"
3005864;SERV MANT EMERGENCIA L a V 8 a 17hs
3005865;SERV MANT EMERGENCIAS A/C SAB, DOM Y FER
3005866;SE MANT VALV DIAF 8'S150 T.B
3005867;PILA  LITHIUM CR2 3V
3005868;SERVICIO DE CALIB/REP ALTAIR 5 O 5X
3005869;EX COND INTERNA 16 A 300 m3. FORM. A2
3005870;EX COND INTERNA 300 A 1000m3. FORM. A2
3005871;EX COND INTERNA 1000 A 3000m3. FORM. A2
3005872;EX COND INTERNA Mayores 3000m3. FORM. A2
3005873;EX COND EXTERNA 16 A 300 m3. FORM. A2
3005874;EX COND EXTERNA 300 A 1000m3. FORM. A2
3005875;EX COND EXTERNA 1000 A 3000m3. FORM. A2
3005876;EX COND EXTERNA Mayores 3000m3. FORM. A2
3005877;EX COND INTERNA 16 A 300 m3. FORM. A5
3005878;EX COND INTERNA 300 A 1000m3. FORM. A5
3005879;EX COND INTERNA 1000 A 3000m3. FORM. A5
3005880;EX COND INTERNA Mayores 3000m3. FORM. A5
3005881;EX COND INTERNA 16 A 300 m3. FORM. A7
3005882;EX COND INTERNA 300 A 1000m3. FORM. A7
3005883;EX COND INTERNA 1000 A 3000m3. FORM. A7
3005884;GASTOS MOVILIDAD INSPE MEDANITO
3005885;GASTOS MOVILIDAD INSPE ENTRE LOMAS
3005886;VIATICOS INSPE MEDANITO
3005887;VIATICOS INSPE ENTRE LOMAS
3005888;ACOPLE GUMMI A105
3005889;GUARDA ACOPLE TX J 165
3005890;AMORTIGUADOR DE SUCCION T1504RF
3005891;ANILLO OVAL R24
3005892;"TORNILLO CABEZA HEXAGONAL 7/8"""
3005893;"TORNILLO CABEZA HEXAGONAL 5/8"""""
3005894;CREACION MARCO NORMATIVO IT S/ SOX
3005895;Consut. Sr. desarrollo controles IT SOX
3005896;Consut. SSr. desarrollo Controles IT SOX
3005897;Consut. jr. desarrollo controles IT SOX
3005898;Abono mensual repetidora BMO
3005899;Abono mensual Trbonet Enterprise
3005900;Día de campo de téc. especiali en RADIO
3005901;Mov y desm base proveedor a yacimiento
3005902;Día de campo de téc. especiali en RADIO
3005903;SERV PROF  REC SECUND Y MEJORA PROD ACT
3005904;licencia SAHARA
3005905;licencia PETREL
3005906;licencia TECHLOG
3005907;Cuadrilla de Mantenimiento Mecánico
3005908;Cuadrilla de Mantenimiento eléctrico
3005909;Hora Extra 100% Cuadrilla Mant. mecánico
3005910;Hora Extra 100% Cuadrilla Mant. eléctric
3005911;INHIBIDOR DE HIDRATOS SB14
3005912;SE SAN,LIMP 4 OP S-D-F C/EQS DSPS 17HS
3005913;SE SAN,LIMP 3 OP S-D-F C/EQS DSPS 17HS
3005914;SLICK LINE - Tripulación adicional
3005915;SLICK LINE - Memorias Piezo Resistivas
3005916;SLICK LINE - Caliper MIT40 palp.h/1500 m
3005917;SLICK LINE - Caliper MIT adic.1500-2500m
3005918;SLICK LINE - Caliper MIT adic. más 2500m
3005919;SE WO - PZOS PROF d2700M. FEEMES
3005920;SE WO - PZOS PROF d2700M. DÍA
3005921;SE WO - PZOS PROF d1700-2699 MES
3005922;SE WO - PZOS PROF d1700-2699 DIA
3005923;SE WO - PZOS PROF d 0-1699 MES
3005924;SE WO - PZOS PROF d 0-1699 DIA
3005925;CARGADORA
3005926;ALQ TRAILER BAÑO 6M - MES
3005927;INFORME PREVENTIVO
3005928;SE operador operaciones especiales 12 hs
3005929;SE transporte unidad liviana
3005930;SE transporte unidad pesada
3005931;"SE pescador 1,81"" a 2,81"" por carrera"
3005932;"SE bajante 1,81"""" a 2,81"""" por carrera"
3005933;SE Wire Line adapter Kit Packer 5x3 carr
3005934;"SE Check Valve 1,81"" a 1,87"" x carr+1erd"
3005935;SE WO - Tarifa operativa WO
3005936;SE WO - Tarifa Stand By con personal WO
3005937;SE WO - Tarifa Stand By sin personal WO
3005938;SE WO - Tarifa Fuerza Mayor WO
3005939;SE WO - Tarifa Reparación WO 20hs.mes
3005940;SE WO - Tarifa Espera luz diurna
3005941;SE WO - DTM hasta 15 km
3005942;SE WO - Kilómetro excedente
3005943;SE WO - Moviliz.Herramientas adicionales
3005944;SE WO -  Desmov.Herramientas adicionales
3005945;SE WO - Equipamiento WO standby (Pull)
3005946;SE WO - 1 BOP Doble 7 1/16” x 10.000 psi
3005947;SE WO - BOP Anular 7 1/16” x  5.000 psi
3005948;SE WO -1 BOP Dob 7 1/16”x10.000psi c/ram
3005949;SE WO - 4 Carretel  7 1/16” x 10.000 psi
3005950;SE WO - Drilling Spool c/salidas lat.Chk
3005951;SE WO - 6 Choke Manifold 2 1/16”x10.000
3005952;SE WO - Elem.Chk Line 2 1/16”x10000 Line
3005953;SE WO - Element. Kill Line (incl.lineas)
3005954;SE WO - 9 Acumulador c/panel de control
3005955;SE WO - Pileta Preparadora Capacidad 40m
3005956;SE WO - Pileta Ensayo Adicional
3005957;SE WO - Usina (Volvo TAD 1241 GE) 354 Kw
3005958;SE WO - BOP Doble 11” x 5000 psi
3005959;"SE WO - Doble Esparr. 11” 5000a 11"" 3000"
3005960;Cabeza Rotativa 3,5
3005961;SE WO - 16 PM 4 ¾”
3005962;SE WO - HW 3 ½”
3005963;SE WO - Trailer Adicional
3005964;SE WO - Camión Hidrogrua 4 T NQN-Yac
3005965;SE WO - Camión Hidrogrua 4T Mov. en Yac.
3005966;SE WO - Camión Semi h/25 T NQN-Yac.
3005967;SE WO - Camión Semi H/25 T Movim.en Yac.
3005968;Autoelevador 3 Ton
3005969;SERVICIO QHSE TP1
3005970;SE Depósito Fiscal Export. GLP
3005971;PROV Y COLOC GAB C/POSTE P/MATAFUEGO
3005972;PROVISION VALVULA TEATRO
3005973;PROVISION COLUMNA DE HIDRANTE
3005974;PROV DISCO SEG P/CAMARA DE ESPUMA
3005975;PROV GAB PARA MANGUERA DE INCENDIO
3005976;CONTENEDOR HERMETICO 8M3 - DIA
3005977;ABONO MENS POR VEHIC - GERENCIA VIAJES
3005978;NUEVA LLAVE IDENT MICROTRACK - UNIDAD
3005979;MONTAJE ACC ARRANQUE POR ID - UNIDAD
3005980;REPAR INSTAL ELECTRICTA MICROTRACK
3005981;"2 1/8"" PIRANHA PREM.4/6 SPF 1700m p20Tir"
3005982;"2 1/8"" PIRANHA PREM.4/6 SPF 2100m p20Tir"
3005983;"2 1/8"" PIRANHA PREM.4/6 SPF 2700m P20Tr"
3005984;"2 1/8"" PIRANHA PREM.4/6 SPF 3100m p20Tir"
3005985;"2 1/8"" PIRANHA PREM.4/6 SPF 3600m p20Tir"
3005986;"2 1/8"" PIRANHA PREM.4/6 SPF  / +20 tiros"
3005987;PROV EXTINTOR NUEVO 5KG HCFC
3005988;servicio mensual cafe oficina Al rio
3005989;Cafetería Mensual. Al río
3005990;Crédito mensual Maquinas. Al Río
3005991;Magnetic Csg Insp. Profundidad (min600m)
3005992;Magnetic Csg Insp. Registro (min 300 m)
3005993;Multi-Arm Caliper Profundidad (min600m)
3005994;Multi-Arm Caliper Registro (min 300 m)
3005995;Insumos mantenimiento Motocompres.
3005996;SE Operación y Mantenimiento MCompres.
3005997;DTM equipos compresión
3005998;SE GENERACION ENERGIA ELECTRICA MO (ARS)
3005999;SERVICIO DE HOT REFUELING
3006000;REAJUSTE TARIFAS
3006001;SERVICIOS DE COMPRAS DELEGADAS
3006002;RENTA OFICINA
3006003;REPARACION PILETAS
3006004;AJUSTE CERTIFICACION
3006005;SE Punzados - Dif. carga PIRANHA PREMIUM
3006006;SERVICIO POLICIA ADICIONAL - OFICIAL SUP
3006007;SE INSP,CLASIF TUB BOCA PZOH/1000U
3006008;SE INSP,CLASIF TUB BOCA PZOE/1001-3000
3006009;SE INSP,CLASIF TUB BOC PZOMAS 3000 UN
3006010;COSTO POR CAMBIO DE TURNO EN POZO
3006011;DESMOVILIZACION - MICROSISMICA
3006012;SE SAPEP - Cable revestido
3006013;SE SAPEP - Estator Bomba PCP
3006014;SE SAPEP - Instalación inicial mont.+PEM
3006015;SE SAPEP - Jornada adicional PEM-CORR
3006016;SE SAPEP - Visitas adicionales
3006017;SE SAPEP - Mantenimiento
3006018;ITC Exento
3006019;COMBUSTIBLE GAS OIL TRONCAL G2
3006020;IMPUESTO IDC COMBUSTIBLE
3006030;SE WT - Bomba centrífuga horizontal
3006031;SE WT - Mov/Desm. Bomba Centrif. Horiz.
3006032;SE WT - Cuadrilla montaje Bba Cent.horz.
3006033;AJUSTE CERTIFICACION
3006034;Servicio aplicación secusuite telefonía
3006035;Payroll fee aleph
3006036;REDETERMINACION TARIFAS FORMULA NOV 19
3006037;SERVICIOS DE COMPRAS DELEGADAS U$S
3006038;SERVICIOS DE COMPRAS DELEGADAS AR$
3006039;FLUIDO DENSIFICADO C.CALCIO DENS 1,3
3006040;ALQ PICKUP 4X4 DC TOYOTA O&G - MES
3006041;adicional guardia pasiva
3006042;CONTENEDOR 4M3 C/TAPA - DIA
3006043;EQUIPO CISTERNA 35M3 - MES 12HS
3006044;"LODO BASE 0-430m - SUPERFICIAL 12"" 1/4"
3006045;REMIS CENT ROCA
3006046;REMIS CENTENARIO A AEROPUERTO
3006047;REMIS PLOTTIER A CIPOLETTI
3006048;REMIS CHAÑAR A CENTENARIO
3006049;REMIS CHAÑAR A PLOTTIER
3006050;REMIS CHAÑAR A NQN
3006051;REMIS CHAÑAR A CUTRAL CO
3006052;Serv consult. comunicación y medios
3006053;SERVICIO OUT SILOBOLSA ARENA FRAC
3006054;SERVICIOS PROFESION IMPLEMENTACION SCADA
3006055;RELEVAMIENTO EN SITIO
3006056;HR Desarrollo de ing., pantallas,configu
3006057;HR implementación,migración, asist fat
3006058;Hr capacitación en sitio
3006059;Gastos viajes etapa 1
3006060;Gastos viajes etapa 2
3006061;Gastos viajes etapa 3
3006062;RELEVAMIENTO EN SITIO
3006063;Servicio Plataforma Web
3006064;HIDRÓGENO.ALPHAGAZ 1 SMARTOP
3006065;ANHÍDRIDO CARBÓNICO.INDUSTRIAL SAC MÓVIL
3006066;AIRE.ALPHAGAZ 1 SMARTOP
3006067;ANHÍDRIDO CARBÓNICO.INDUSTRIAL TUBO
3006068;HELIO.ALPHAGAZ 1 SMARTOP
3006069;ACARREO DE GASES
3006070;EQUIPOS Y SERVICIOS.INDUSTRIAL SAC MOVIL
3006071;EQUIPOS Y SERVICIOS.INDUSTRIAL TUBO
3006072;EQUIPOS Y SERVICIOS.SMARTOP ALPHAGAZ
3006073;FRAC - PreFrac Services w/Fcrew in locat
3006074;FRAC - FEE MENSUAL (6 stg/day) M-SBY
3006075;FRAC - Diesel & Abastecedores
3006076;FRAC - Up to 10 Cluster per Stage
3006077;FRAC - No WL & Pumpdown Services x stg
3006078;"FRAC - ReacXion plug 5"" Dissolvable Plug"
3006079;FRAC - Composite Plug Diamonback Plug
3006080;ANTICIPO CANON USO Y APROV AGUAS
3006081;FRAC - B244 Biocide
3006082;FRAC - F114 Surfactant
3006083;FRAC - B608 High Viscosity Friction Red.
3006084;FRAC - J218 Breaker
3006085;FRAC - J475 Encapsulated breaker
3006086;FRAC - J580 Guar
3006087;FRAC - B644 Friction Reducer
3006088;FRAC - H028 Hydrocloric acid 28%
3006089;FRAC - J604 FlexD Crosslinker
3006090;FRAC - A261 Corrision Inhibitor
3006091;FRAC - L041 Iron Stabilizer
3006092;FRAC - M002 Caustic Soda
3006093;FRAC - W054 Demulsifier
3006094;FRAC - B598 Friction Reducer - Fresh Wat
3006095;FRAC - B528 Friction Reducer - Fresh Wat
3006096;FRAC - B596 Friction Reducer - Fresh Wat
3006097;FRAC - B603 High Viscosity Friction Redu
3006098;FRAC - L071 Clay Stabilizer
3006099;FRAC - J618 Friction Reduc High Salinity
3006100;FRAC - J693 High Viscosity Friction Redu
3006101;FRAC - BroadBand Seq. up to 60 lb
3006102;FRAC - BroadBand Seq. up to 150 lb
3006103;FRAC - BroadBand Seq. up to 250 lb
3006104;FRAC - BroadBand Composite Fluid +16ppt
3006105;FRAC - BroadBand Composite Fluid -16ppt
3006106;FRAC - WellWatcher Stim
3006107;Pos Frac Mov/Demov. CT2 3/8 + FPDO+ PFMS
3006108;Post Frac cleanout CT2 3/8 FPDO+PFMS
3006109;FRAC - Packer Setting
3006110;FRAC - Additional Cluster (above 10)
3006111;FRAC - PEAK  E-Cutter
3006112;FRAC - Multifinger Caliper
3006113;FRAC - Tractor Conveyance
3006114;FRAC - Copperhead 5in
3006115;Retrievable Plg CW 24,5/5Csg lump sum
3006116;"FRAC - LIH CW2 Plug for 4,5""/5"" Casing"
3006117;JORNADA RECURSOS LIMPIEZA DE PILETA API
3006118;CAMION ATMOSFERICO
3006119;CAMION TRACTOR
3006120;"DRILL - PERF.SECC.SUP 12 1/4"" CSG DRILL"
3006121;"DRILL - PERF.SECC.INTERMEDIA 8 3/4"""
3006122;"DRILL - PERF.SECC.PRODUCCIÓN 6 1/8"" IMPU"
3006123;DRILL - PERF.SECC.SUPERF 12 1/4 CONVENC.
3006124;DRILL - PERF.SECC.SUP.12 1/4 CWD GyroCBL
3006125;DRILL - PERF.SECC.PROD.6 1/8 BHA m+slimp
3006126;DRILL - PERF.SECC.PROD.6 1/8 VorteXSlimp
3006127;DRILL - PERF.SECC.PROD.6 1/8 RSS+Slimp
3006128;DRILL - PERF. POZO PILOTO EN 6 1/8
3006129;DRILL - ELEMENTOS ENTUBACIÓN
3006130;DRILL - VALVULA INICIADORA KICK START
3006131;DRILL - SIST. REDUNDANTE KICK START
3006132;DRILL - MPD DURANTE CORONEO
3006133;DRILL - GYRO ON CALL C/CAB.REGISTRO
3006134;DRILL - DQ 1000
3006135;DRILL - GEOMECANICA PREDRILL
3006136;DRILL - GEOMECANICA TIEMPO REAL
3006137;DRILL - GEOMECANICA REPORTE FINAL
3006138;DRILL - CALCIMETRÍA POR MUESTRA
3006139;DRILL - MPD DURANTE CORONEO
3006140;GYRO ON CALL C/CAB.REGISTRO
3006141;DRILL - REGIST. ELECTRICO CBL/VDL S.SUP.
3006142;ALQUILER MES OFICINAS MODULAR BMO
3006143;ALQ MENS TK AGUA 20M3 BMO
3006144;DRILL-R.ADIC. FINAL PZO.P.VCAL.6 1/8QGEO
3006145;DRILL-R.ADIC.S.FIN P.PIL.VERT. 61/8 RTsc
3006146;DRILL - HERRAMIENTAS ADICIONALES DBR-LIH
3006147;FLUI - LODO BASE AGUA +160M3
3006148;FLUI - SIST.LODO AISLACION M/V 11,5-18,5
3006149;FLUI - VSAT Vibration System Analysis T.
3006150;FLUI - SCREEN PLUS
3006151;FLUI - PERFORM TOOL KIT (PTK) MPD IN.S
3006152;FLUI - FORM-A-BLOK
3006153;FLUI - RAPIDSLIDE
3006154;FLUI - MIX II
3006155;FLUI - OBTURANTES
3006156;FLUI - CARBONATO #200 DESINFECTANTE
3006157;FLUI - CLORURO DE POTASIO
3006158;FLUI - POLYPLUS RD
3006159;FLUI - POTASA CAUSTICA
3006160;FLUI - SODA CAUSTICA
3006161;FLUI - SODA ASH
3006162;FLUI - BENTONITA
3006163;FLUI - DUOVIS
3006164;FLUI - CARBONATO  CC40/250
3006165;FLUI - DEFOAM X
3006166;FLUI - ACIDO CITRICO
3006167;FLUI - HYDRASPEED
3006168;FLUI - SAFE COR C
3006169;FLUI - MYACIDE
3006170;FLUI - SAFE SCAV NA
3006171;FLUI - DIESEL
3006172;FLUI -  CLORURO CALCIO POWDER 94-97%
3006173;FLUI -  CARBOSAN 1516
3006174;FLUI -  CONQOR 404
3006175;FLUI -  G SEAL PLUS
3006176;FLUI -  HRP
3006177;FLUI - VERSAMOD
3006178;FLUI - VERSATHIN HF
3006179;FLUI - VERSATRIM
3006180;FLUI - VG 69
3006181;FLUI - PIPE LAX W EXPORT
3006182;FLUI - LIBROL
3006183;FLUI - CRUNCH LIFT
3006184;FLUI - SAFE LUBE
3006185;FLUI - HIDRAHIB
3006186;FLUI - DRILFLO
3006187;FLUI - UNITHIN
3006188;FLUI - IDCAP
3006189;FLUI - SULFATO DE POTASIO
3006190;HOMOG + FORM BIOPILAS + CARAC + INF INIC
3006191;TRAT SUELOS HTP <1% + INF LIBERACION
3006192;TRAT SUELOS HTP <0,5% + INF LIBERACION
3006193;LIBERACION SUELO POR AUT APLICACION
3006194;LIMP HIDROCINETICA INT AEROENFRIADORES
3006195;FABR TAPAS INTERCAMBIADORES C Y T
3006196;TRANSP PESADO HIDRO 15 TN
3006197;"REEMP TUB FUEG CALENT D.18"""
3006198;Consultoría de Seguridad Electrónica
3006199;ENVERUS SUSCRIPTION BUNDLE
3006200;CALIBRACION DE PANEL CAMERON
3006201;MOVILIDAD MENSUAL
3006202;SERV PORTACONTENEDOR - 12HS
3006203;SERV PORTACONTENEDOR - 24HS
3006204;EQ RESPIRAC ASIST + EQ AUTONOM - DIA
3006210;Serv pick up L a D Chañar- MDLM
3006211;TALONARIO PERMISO DE TRABAJO
3006212;SE CALIB VALV SEG VPV 4' S-150
3006213;SE MANT VALV DIAF 8'S150
3006214;SE MANT VALV DIAF 4'S150
3006215;SERVICIOS DE CONSULTORÍA x MES
3006216;Asesoría en estimación de reservas noc
3006217;Certificación de reservas
3006218;"CNTR ONOFF NF15 1/2""x2 7/8"" SIN PER 316L"
3006219;"NIPLE R 2,25""x2 7/8"" AISI 316L"
3006220;SHEAROUT 2 7/8 CON BOLA AISI 316L
3006221;"PJ 2 7/8"" 4FT AISI 316L"
3006222;PKR MEC JML 5 1/2x2 7/8 AISI 316L
3006223;NIPLE F2,312X2 7/8 ISI 316L
3006224;NIPLE N 1125 2 7/8 EUE PIN PIN
3006225;RED 3 1/2 BOX-2 7/8 PIN AISI 316L
3006226;PKR HIDR PCS-5 5 1/2x2 7/8EUE 8RD BOXPIN
3006227;SHEAROUT 2 3/8 EUE BOX PIN AISI 316L
3006228;VF-1 2 3/8 EUE 8RD BOX PIN AISI 316L
3006229;VF-1 2 7/8 EUE 8RD BOXPIN AISI 316L
3006230;"JML-1 7""x2 7/8"" EUE 8RD BOXPIN AISI 316L"
3006231;"T-CUP 5 1/2""x 2 3/8 EUE 8RD BOXPIN 316L"
3006232;"T-CUP 7""x2 7/8"" EUE 8RD BOXPIN 316L"
3006233;"RED 3 1/2"" PINx2 7/8"" BOX AISI 316L"
3006234;"TPN CIEGO 2 7/8"" EUE BOXPIN 316L"
3006235;DR 2 7/8 EUE 8RD BOXPIN SAE 4140
3006236;Servicios de voluntariado
3006237;EJECUCION DE INGENIERIA
3006238;PARTICIPACION DEL KOM
3006239;REUNIONES DE TRABAJO
3006240;FACILITADOR HAZOP
3006241;VIATICOS HAZOP PERSONAL CONTRATISTA
3006242;DESEMULSIONANTE EMBR18081A
3006243;SERV MANTEN PREDICTIVO COMPR GRUPO 4500
3006244;SERV MANTEN PREDICTIVO COMPR GRUPO 9000
3006245;SERV MANTEN PREDICTIVO COMPR GRUPO 18000
3006246;SERV MANTEN PREDICTIVO MOTOR GRUPO 4500
3006247;SERV MANTEN PREDICTIVO MOTOR GRUPO 9000
3006248;SERV MANTEN PREDICTIVO MOTOR GRUPO 18000
3006249;RED TARIFAS FORM AJUSTE SEP-OCT-NOV-D 19
3006250;ACEITE p/MOTOCOMPRESORES
3006251;Data Hub Updates - Almac.-Entrega datos
3006252;ADQUISICION LICENCIA SOFTWARE
3006253;PLUG CATCHER
3006254;Equipo control de torque
3006255;Control de torque por conexión
3006256;Operador equipo control de torque
3006257;Stand By equipo control de torque
3006258;EVENTOS VARIOS IDEA
3006259;RETROACTIVOS
3006260;SERVICIO POLICIA ADICIONAL - FRP
3006261;SE instalación ARBOL PRODUCCIÓN T-D
3006262;SE INSPECCIÓN Y MANT. FASTLOCK 11 10K
3006263;POLIZA DE SEGURO
3006264;SE REC/SALAR EXTR
3006265;MANIPULADOR TELESC 7TN - MENSUAL
3006266;MANIPULADOR TELESC 7TN - HR ADIC
3006267;CARRO SUJETATUBOS 3TN - MENSUAL
3006268;SE IN-OUT SILOBOLSA ARENA FRAC
3006269;FLETE BATEAS ULTIMA MILLA ARENA
3006270;TIERRA CONTAMINADA C/HC
3006271;TRAT TIERRA CONT DSPS18HS-SAB-DOM-FER
3006272;sponsoreo
3006273;Multas
3006274;programa HERRAMIENTAS GESTION
3006275;SE HOSTING ESTMETEOROLOGICAS MENSUAL
3006276;FracStack+Zipper Manifold4 wells(36days)
3006277;FracStack+Zipper Manifold6 wells(54days)
3006278;POST FRAC SERV BOMBEO COMBUSTIBLE X 12HS
3006279;LIMPIEZA DE PILETA
3006280;ALQ TRAILER DEPOSITO 12M - MES
3006281;DIA INGENIERO INSTRUMENT/AUTOMATIZACION
3006282;DIA AYUDANTE INSTRUMENT/AUTOMATIZACION
3006283;DIA AYUDANTE MONTADOR
3006284;DIA PICK-UP
3006285;ADICIONALES MONTAJE LINEA DE VENTEO
3006286;MOVIMIENTO JAULAS DE POZOS
3006287;Data Entry Neuquen
3006288;Data Entry Pcia de Buenos Aires
3006289;Supervisión Senior técnico-operativa
3006290;Consult Auditoria Prof S.Sr back office
3006291;Consult Auditoria Prof S.Sr areas operat
3006292;Consult Auditoria Prof Sr back office
3006293;Consult Auditoria Prof Sr areas operativ
3006294;SE CTRL SOLID DIA OPER NABORS - OPC 2
3006295;DIA STAND BY SERV NABORS - OPC 2
3006296;ADIC GENER OPERAT SERV NABORS - OPC 2
3006297;ADIC GENER STANDBY SERV NABORS - OPC 2
3006298;SE CTRL SOLID DIA OPER NABORS - OPC 3
3006299;ADIC GENER STANDBY SERV NABORS - OPC 3
3006300;DIA STAND BY SERV NABORS - OPC 3
3006301;SE CTRL SOLID DIA OPER NABORS - OPC 3
3006302;ADIC GENER OPERAT SERV NABORS - OPC 3
3006303;PTA MARCH 3ER DECANT SERV NABORS
3006304;CAPACITACION INTR ACT HIDROCARBURIFERA
3006305;CAPACITACION SIST EXTRACCION ARTIFICIAL
3006306;CAPACITACION INSTALACIONES SUPERFICIE
3006307;CAPACITACION GAS LIFT
3006308;SOLVENTE ORGANICO (QLQ-76902)
3006309;SOLVENTE ORGANICO CITRICO (QLQ-76901)
3006310;SOLVENTE AROMATICO (QGO-520)
3006311;REDETERMINACION TARIFAS COMPL NOV 19
3006312;REDETERMINACION TARIFAS FORMULA DIC 19
3006313;REDETERMINACION TARIFAS FORMULA
3006314;FRAC - 3rd party
3006315;SE REC/SALARMAYORES COST
3006316;plan de biodiversidad +linea base+ capac
3006317;ASESORIA S/ FIGURA AUTOGENER DISTRIBUIDO
3006318;hono prof manual e informe precio transf
3006319;ASESORIA S/ FIGURA AUTOGENER DISTRIBUIDO
3006320;Viáticos Servicios de consultoría
3006321;Pileta acumulación Lodo b/ac. 75m3
3006322;Serv. sopor mensual post implem sap ehsm
3006323;Serv. Prof Presentación MMD
3006324;Viáticos
3006325;ALQUILER DE TRAILER (EVENTOS)
3006326;SE Workstation adicional
3006327;SE Adicional Wits - instalación
3006328;SE Adicional Wits por día operativo
3006329;SE WATER DRAW
3006330;SE ENL AGUILA MORA 5MBPS
3006331;Sierra Neumatica + moto compresor
3006332;SE Por cada corte
3006333;MONT LIN AE 13,2KV,LONG1400M,SET TIPO 2
3006334;MONT LIN AE 13,2KV,LONG350M,SET TIPO 2
3006335;MONT LIN AE 13,2KV,LONG4300M,SET TIPO 2
3006336;MONTAJE SET TIPO 1 13,2/0,38, 500KVA
3006337;MONT LIN AE 13,2KV,LONG300M,SET TIPO 1
3006338;ADICIONALES CONSTRUCCION LOC Y CAM
3006339;SE REC/SALAR CONT CONSTRUCCION LOC Y CAM
3006340;Maestranza eventual oficina Al rio
3006341;"SE MANT VALV VTL 2 1/2 "" S150 T.A"
3006342;ALQUILER SAPEP Eq. 11 a 20
3006343;ALQUILER SAPEP Eq. 21 a 30
3006344;REC. SALARIALES/MAYORES COSTOS WO
3006345;REPARACIÓN VALVULA DESCARGA 3ER ETAPA
3006346;REPARACIÓN CAJA PACKING 1ER ETAPA
3006347;REPARACIÓN VALVULA SUCCION 3ER ETAPA
3006348;REPARACIÓN VALVULA DESCARGA 3ER ETAPA
3006349;JORNADA RETROEXCAVADORA/RETROPALA + OPER
3006350;JORNADA DE CAMIÓN BATEA DE 25 M3
3006351;MUESTRAS DE SUELO (pH-HTP-MP-BTEX-PAHS)
3006352;Servicio de Implantación SAP EHSM
3006353;CARGO ADICIONAL POR ENVIO
3006354;SE GASTOS VARIOS Y OTROS REEMB.
3006355;TRAT LODOS BASE AGUA HS NOCT+SAB+DOM+FER
3006356;TRAT BARROS PILETA API
3006357;TRAT FONDOS TANQUES HS NOCT+SAB+DOM+FER
3006358;FLETE CADETERIA
3006359;MO INSPECCION Y SUP. TECNICA EN YAC
3006360;PICK UP
3006361;GASTOS GENERALES PERSONAL INSP TEC YAC
3006362;Aplic. revesti. resist ERO-COR Hasta 90C
3006363;Aplic. revesti. resist COR Hasta 50C
3006364;Aplic. revesti. resist CORROSI Hasta 90C
3006365;Aplic. revesti. resist ERO-COR Hasta120C
3006366;Aplic. revesti. resist CORROSI Hasta 90C
3006367;Aplic. revesti. resist ERO-COR Hasta180C
3006368;Aplic. revesti. resist CORROSI Hasta600C
3006369;Parches en frio para sellado de fugas
3006370;Refuerzos no metálicos ductos y equipos
3006371;grampas y o parches metálicos
3006372;Transporte de personal
3006373;Transporte de equipo
3006374;serv insp revestimiento y parches
3006375;servicio de lavado
3006376;servicio de arenado
3006377;servicio de arenado
3006378;servicio de arenado
3006379;servicio de hidrojet
3006380;servicio de sponjet
3006381;servicio de remoción de aislaciones
3006382;apertura y cierre de equipos
3006383;SERV TEC SOPORTE DE INGENIERIA - Bs As
3006384;SERV TEC SOPORTE DE INGENIERIA - Sitio
3006385;SER TEC SPRT PROGRAMACION PLC/SCADA BSAS
3006386;SER TEC SPRT PROGRAM PLC/SCADA SITIO
3006387;Integración SFSF-HCI-S4
3006388;Integración SFSF – HCI-  Concur
3006389;SE Frac Tank Lodo Base Aceite
3006390;CALIBRACION VALV SEG VSE 1 1/2' S-900
3006391;MANT VALV VTL 18'S150 TAREA A
3006392;REPARACION PORTPLA 3'S-150 TAREA C
3006393;REPARACION PORTPLA 4'S-150 TAREA C
3006394;REPARACION PORTPLA 6'S-150 TAREA C
3006395;"REP VALV RET 4"" S300 TAREA C"
3006396;"REP VALV RET 4"" S600 TAREA C"
3006397;MNT/DSMNT VALV SEG VSE 4' S-150-TAREA B
3006398;"SE VALV DE DIAFRAGMA 6"" S150 TAREA C"
3006399;"SE VALV ESFERICA 2"" S600 TAREA C"
3006400;"SE VALV ESFERICA 2"" S150 TAREA C"
3006401;"válvula esférica 4"" s600"
3006402;"válvula esférica 10"" s150"
3006403;"válvula de globo 3""S600"
3006404;"Válvula de globo 1"" S600"
3006405;"válvula globo 1"" S150"
3006406;"Válvula esclusa 4"" S-300"
3006407;"Válvula VPV 8"" Pefow"
3006408;"Válvula VSE 2"" Serie 600"
3006409;"VSE 1"" x 2"" S300"
3006410;"Válvula Automática Foxboro 2"" S600"
3006411;"Válvula de seguridad 2"" S600"
3006412;"Válvula de retención S600 Dn 6"""
3006413;FLETE BSAS ELO/MED - HASTA 20KG
3006414;FLETE BSAS ELO/MED - HASTA 50KG
3006415;FLETE BSAS ELO/MED - HASTA 100KG
3006416;FLETE BSAS ELO/MED - HASTA 200KG
3006417;FLETE BSAS ELO/MED - HASTA 500KG
3006418;FLETE BSAS ELO/MED - HASTA 1000KG
3006419;FLETE BSAS ELO/MED - HASTA 2000KG
3006420;FLETE BSAS ELO/MED - HASTA 5000KG
3006421;FLETE BSAS ELO/MED - HASTA 10000KG
3006422;FLETE BSAS ELO/MED - MAYOR A 10000KG
3006423;FLETE - SEGURO CARGA
3006424;FLETE ESPECIAL - ORIG/DEST A DEFINIR
3006425;PROVISION EQUIPAMIENTO ELECTRONICO
3006426;TRJT DE BLOQUEO DE CHAPA x 50 ud chapa18
3006427;CARGO ADICIONAL SAND PUMP
3006428;TRANSPORTE UNIDAD PESADA
3006429;TRANSPORTE x KM UNIDAD PESADA
3006430;FRAC - Diferencial actualización tarifas
3006440;SE Tratamiento DUAL
3006441;SE Equipos en Espera de Pulling
3006442;SE Skid de inyección manual
3006443;Inhibidor de corrosión - BCRW12128-10
3006444;Inhibidor de corrosión - BCRW9110-10
3006445;Desemulsionante - BDMO12515-10
3006446;Desemulsionante - BDMO12530-10
3006447;Desemulsionante - BDMO12530-10
3006448;Secuest. de sulfhídrico - BHSW12302-10
3006449;Reductor de fricción - BPAO12701-10
3006450;Dispersante paraf y asfalt. BPAO12704-10
3006451;Inhi. parafinas - BPAO12709F h/ 4500 L
3006452;Inhibidor de parafinas - BRE30304PAO-10
3006453;Emulsificante crudo asfalténico BPAW4-10
3006454;Inhibidor incrustaciones - BSCW12312-10
3006455;Inhibidor incrustaciones - BSCW12337-10
3006456;Inhibidor incrustaciones - BSCW4013-10
3006457;Inhibidor incrustaciones - BSCW4055-10
3006458;Removedor de incrustaciones BSRW12320-10
3006459;Biocida - BXC12350-10
3006460;Biocida - BXC12352-10
3006461;Biocida - BXC12354-10
3006462;Biocida - BXC12355-10
3006463;Biocida - BXC12356-10
3006464;Inhibidor de incrustaciones BSCW356-10
3006465;Sec. de H2S - BHSO3518-10
3006466;Disp. De parafinas - BPAO72A-10
3006467;Solvente Xileno - BPFR4722
3006468;ASESORAMIENTO ECON Y FINANCIERO
3006469;"DRILL - Registro CBL-VDL-GR Csg7"" h2800m"
3006470;Ancla hidráulica ATH 7 p/Csg 5 1/2
3006471;Reten Cemento Facil Molienda Tbg 9 5/8
3006472;Cargo fijo mensual Servicios BES
3006473;On call - Intervenciones de Pulling
3006474;SE CARGO FIJO TERCEROS BES
3006475;MARK UP SERVICIOS BES
3006476;Cargo profundidad Cortador tubería
3006477;seguro de personal
3006478;ALQ TRAILER BAÑO 4M
3006479;DTM TRAILER BAÑO 4M
3006480;RESIDUOS SOLIDOS ESPECIALES
3006481;ACTUALIZACION SIPG IAPG
3006482;OPERACION STD-BY TPF
3006483;DTM STD-BY TPF
3006484;SE EMERGENCIAS AMBIENTALES
3006485;NITROGENO.ALPHAGAZ 1 SMARTOP
3006486;NITROGENO.S INDUSTRIAL TUBO
3006487;ALQ MENS TRAILER HAB 12 M - COVID
3006488;SE TELEVISIÓN SATELITAL
3006489;OPERADOR INYEC TRAZADORES STAND BY
3006490;INYECCION TRAZADORES STAND BY
3006491;JORNADA SUPERVISOR CON HTAS.
3006492;DTM RETROEXCAVADORA AL SITIO
3006493;DTM EXCAVADORA
3006494;ARENA LIMPIA c/FLETE
3006495;SUMINISTRO TIERRA LIMPIA c/FLETE
3006496;MATERIAL DE REVESTIMIENTO c/FLETE
3006497;UNIDAD PRESIÓN/VACIO p/REMOCION RESID.
3006498;UNIDAD tipo GONDOLA p/REMOCION RESID.
3006499;DISPOS. AGUA CONTAMINADA C/HIDROC.
3006500;DISPOS. AGUA CONTAMINADA C/ADITIVOS
3006501;DISPOS. SOLIDOS CON HIDROCARBUROS
3006502;CAMION tipo PIPA AGUA LIMPIA 20M3
3006503;UNIDAD CAMION CONTRA INCENDIOS
3006504;Mantenimiento SFSF MENSUAL
3006505;CARGO ESTRUCTURA MMG
3006506;SERVICIO DE RIGLESS - CARGO DIARIO 24h
3006507;"STACK DE VALVULAS 5 1/8"" 5 KPSI"
3006508;"ALQUILER TAPON RECUPERABLE 5,5"""
3006509;"LIH Tapón TCM 404 5 1/2"""
3006510;"LIH Pescador Tapón TCM 5 1/2"""""
3006511;"LIH Pescador Tapón TCM 5 1/2"""
3006512;"LIH Pescador Tapón TCM 5 1/2"""
3006513;"STACK DE VALVULAS 5 1/8"""" 5 KPSI"
3006514;Levant. topográfico de localización
3006515;Levant. topográfico de Camino
3006516;Elaboración Planos p/Caminos y Localiz.
3006517;Levant. topográf. Ductos rec/tte/dist.
3006518;Elaboración Planos p/ductos rec/tte/dist
3006519;SE WO - Llave Entubar Tipo Ezquel TQ340
3006520;SE WO - MOVIL/DESMOV. BANDEJA HIDR.
3006521;SE WO - Cjto. Amelas/Sipider /Elevador 7
3006522;SE CT - Cargos por Kilometraje
3006523;SE CT - Cargos por equipo
3006524;SE CT - Cargos por Bombeo y Sist.Circul.
3006525;SE CT - Cargos Eq. a dispos. Stand By
3006526;CARGO POR OPERADOR HTAS. ENSAYO 12H
3006527;CARGO BASICO HTAS.ENS. TAPON 401
3006528;CARGO BASICO HTAS.ENS. PACKER M3
3006529;CARGO BASICO CABEZA ROTAT. STANDBY
3006530;Remote Visualization / Perf. Analit. RC
3006531;GENERACIÓN ENERGIA - otros cargos
3006532;QD-001
3006533;QLQ-13701
3006534;EXTENSIÓN DE CIRCUITO DE LODOS
3006535;EXTENSIÓN DE CIRCUITO DE LODOS - ADIC
3006536;SL - Hora Nocturna Lu-Vie.
3006537;SL - Cargo Mont-Desm. SAB/DOM/FE
3006538;SL -  Hora Nocturna Lu-Vie.
3006539;SL - Hora Diurna SAB/DOM/FER
3006540;SL - Hora Nocturna SAB/DOM/FER
3006541;SL - Memory piezoresistivo desvinculado
3006542;SL - Cargo por Km Eq. Torque base /pozo
3006543;SL - Operación cancelada Torque 
3006544;SL - TTe. Unidad de engrase base/pozO
3006545;SL - Cargo por Km hidrogrúa Base/Pozo
3006546;SL - Stand By Unidad Slick Line
3006547;SL - Limpieza y reparación de válvulas
3006548;SL - Calibración de válvulas
3006549;SL - Registro caudal- ILT
3006550;SL - Pressure guage
3006551;SL - Válvula cierre en fondo
3006552;"SL - Repuestos de válvulas de 1"""
3006553;SL - Repuestos de válvulas de 1 1/2
3006554;"SL - VALVULAS CIEGAS 1"""
3006555;"SL - VALVULAS CIEGAS 1 1/2"""
3006556;SL - Cargo alambre acero inoxidable
3006557;Reconocimiento salarial
3006558;SERVICO Y CONTENEDORES - COYUNTURA
3006559;Servicio Disp,Liben  CIEGO/A TAPONØ2.7/8
3006560;SERVICIO DE MESA DE AYUDA CITRIX
3006561;MONT LIN AE 33KV,LONG100M,SET TIPO 2
3006562;SE REPARACIÓN DE V. ESC. 2.1/16” 10K
3006563;SE REPARACIÓN DE V. ESC. 2.9/16” 10K
3006564;SE REPARACIÓN DE V. ESC. 3.1/16” 10K
3006565;SE REPARACIÓN DE V. ESC. 5.1/8” 10K
3006566;PUNTO DE ENTURBIAMIENTO
3006567;CARACTERIZACIÓN DE CRUDO + PRODUCCIÓN
3006568;BTEX´s EPA 5021/8260 D
3006569;PAH´s EPA 8270/525
3006570;MTBE EPA 8260
3006571;VOC´s TOTALES EPA 8259
3006572;VOC´s TOTALES Y DISCRIMINADOS EPA 8260
3006573;HIDROCARBUROS TOTALES TNRCC 1005
3006574;HC DISCRIMINADOS FR ALIF Y AROM - TNRCC
3006575;BACTERIAS POR ATP
3006576;DETERMINACIÓN RAS - PSI
3006577;MODELO 1 (BA + SR)
3006578;MODELO 2 (MODELO 1 + DETERM IN SITU)
3006579;MEDICIÓN O2 IN SITU POR KIT CHEMET
3006580;ITEM 1–INTERCONEXIONES INGRESO A EMC-11
3006581;ITEM 2 – GASODUCTO DE SALIDA DE EMC-11
3006582;ITEM 3–GASOLINODUCTO DE SALIDA DE EMC-11
3006583;ALQUILER MOTOCOMPRESOR A TORNILLO
3006584;DTM PULL FM COVID-19
3006585;DISPOSICION FINAL DE MATERIAL TRATADO
3006586;TRATAMIENTO DE RECORTE PERF BASE OIL
3006587;Expensas Río Limay
3006588;SE PULL FEE x DIA T. UNIFICADA
3006589;DIA TECNICO (12 HORAS)
3006590;DIA TECNICO AUXILIAR (12 HORAS)
3006591;UNIDAD LIVIANA (KM)
3006592;SERVICIO DE HIDROGRUA (12 HORAS)
3006593;SERVICIO DE HIDROGRUA (12 HS) ADICIONAL
3006594;ALQ BPV/TWC (TODAS LAS MEDIDAS)
3006595;PRUEBA HIDRAU INTEGR DE BRIDAS
3006596;SERV LUBR Y VALV BPV/TWC
3006597;SE ENGR VALV ARBOL DE PRODUCCION
3006598;TORQ HASTA 5 BRIDAS
3006599;OPERACION CANCELADA
3006600;TORQ POR BRIDA ADICIONAL
3006601;"GATE VALVE 5-1/8"" 15K MANUAL - NIVEL 1"
3006602;"GATE VALVE 5-1/8"" 15K MANUAL - NIVEL 3"
3006603;"GATE VALVE 5-1/8"" 15K ACT.HIDRA NIVEL 1"
3006604;"GATE VALVE 5-1/8"" 15K ACT.HIDRA NIVEL 3"
3006605;"GATE VALVE 5-1/8"" 10K MANUAL - NIVEL 1"
3006606;"GATE VALVE 5-1/8"" 10K MANUAL - NIVEL 3"
3006607;"GATE VALVE 5-1/8"" 10K ACT.HIDRAU. NIVEL1"
3006608;"GATE VALVE 5-1/8"" 10K ACT.HIDRAU. NIVEL3"
3006609;"GATE VALVE 2-9/16"" 10K MANUAL - NIVEL 1"
3006610;"GATE VALVE 2-9/16"" 10K MANUAL - NIVEL 3"
3006611;"GATE VALVE 2-9/16"" 10K ACT.HIDRAU NIVEL1"
3006612;"GATE VALVE 2-9/16"" 10K ACT.HIDRAU NIVEL3"
3006613;"GATE VALVE 2-1/16"" 10K MANUAL - NIVEL 1"
3006614;"GATE VALVE 2-1/16"" 10K MANUAL - NIVEL 3"
3006615;"GATE VALVE 2-1/16"" 5K MANUAL - NIVEL 1"
3006616;"GATE VALVE 2-1/16"" 5K MANUAL - NIVEL 3"
3006617;PANEL CTRL REACOND Y CALIBRACION
3006618;"BRIDA ADAPTADORA 11"" 10K X 5-1/8"" 15K"
3006619;"CRUZ 5-1/8"" 10K X 2-9/16"" 10K"
3006620;SERVICIO DE REPARACION DE VALVULAS
3006621;SE INSP,CLASIF TUB BOCA PZOH/300U
3006622;CAMBIO DE LECHO DE SILICA GEL HRU ELO
3006623;JORNADA ADICIONAL CAMBIO SILICA HRU
3006624;DATABOOK - CAMBIO SILICA HRU
3006625;SE IN SILOBOLSA ARENA FRAC
3006626;SE OUT SILOBOLSA ARENA FRAC
3006627;SOPORTE TECNICO - STORAGE NETAPP
3006628;SOPORTE TECNICO - VERITAS BACKUP EXEC
3006629;SOPORTE TECNICO - HS ADICIONALES
3006630;SE GESTION DE COMBUSTIBLE
3006631;Plan comunidad 22Gb
3006632;Plan comunidad 12Gb
3006633;Plan Internet 50GB
3006634;Variable Celulares
3006640;Servicio  de operadores -Spool Banding
3006641;SE PULLING FM - 20MAR-30ABR
3006642;CADETERIA PLOTTIER
3006643;SEGURO DE CARGA TRANSPORTADA
3006644;ACPC19610A
3006645;Plan PE47C
3006646;Plan PE53C
3006647;Plan PE50C
3006648;Plan PE54C
3006649;Plan PE55C
3006650;Plan PE56C
3006651;ESTABILIZACION DE BARROS C/HC
3006652;BARROS CONT C/HC +100TN/MES
3006653;BARROS CONT C/HC +350TN/MES
3006654;DISP FINAL EN RELL SEG +350TN/MES
3006655;Nasdaq BoardvantageEnd User License (
3006656;Nasdaq Boardvantage ADM USER LICENSE
3006657;Nasdaq Boardvantage - Setup and Initial
3006658;Tarifa Stand By al 15%
3006659;Tarifa Stand By al 35%
3006660;Tarifa Stand By al 45%
3006661;Serv auditoria lineas móviles
3006662;PEM  auditoria lineas móviles
3006663;Serv auditoria lineas móviles linea adic
3006664;Retroactivo
3006665;BALDE DE VELAS FOAM 19219 (AZULES) X 50U
3006666;BIOC10133NR
3006667;ADICIONAL VEHICULO
3006668;SE REV INT LINER POLIPROP ZPP TUB 2 7/8
3006669;SE REV INT LINER POLIPROP ZPP TUB 3 1/2
3006670;ALQUILER DE EQUIPO DE GENERACION JQ
3006671;MANTENIMIENTO DE EQUIPOS ELECTRICOS JQ
3006672;Control de Carga/Descarga Mín.x Interven
3006673;Control de Carga/Descarga
3006674;Control en rada
3006675;Presenciado de análisis
3006676;Inspector adicional
3006677;Muestreo de tanques
3006678;Gastos de traslado
3006679;Servicio de guarda
3006680;TRANSPORTE DE CRUDO AM
3006681;TRANSPORTE DE CRUDO AM -1
3006682;Medición de Espesores RSAP c/Aislación
3006683;INHIBIDOR DE INCRUSTACIONES (S-2340)
3006684;ESPUMIGENO SOLIDO ESB310 X BALDE
3006685;Protocolo respuestas a emergencias PRE
3006686;Diferencial O&M MC TPF
3006687;PUERTA DE LIMPIEZA REC MENOR a 0,5 m2
3006688;PUERTA DE LIMPIEZA REC MAYOR a 0,5 m2
3006689;"ENTRADA DE HOMB ESP IGUAL O MAYOR A 1"""
3006690;"ENTRADA DE HOMBRE ESPESOR MENOR A 1"""
3006691;REEMPL ENV TANQ ESP MAYOR A 6,35 mm
3006692;ALQ BAÑO QUIMICO - MES
3006693;LIMPIEZA BAÑO QUIMICO - SERVICIO
3006694;Planta de lodo por día FEB20 100%
3006695;Planta de lodo por día MAR20 100%
3006696;Planta de lodo por día FEB20 50%
3006697;Planta de lodo por día MAR20 50%
3006698;HY TORQUE POR JORNADA
3006699;Dif.Actualización tarifas Ener (ENE-MAR)
3006700;ALQ MENS TRAILER REUNION C/BAÑO 6 M
3006701;ALQ MENS TRAILER COMED C/BAÑO 6 M
3006702;ALQ MENS TABLERO ELECT MAS 8 BOCAS
3006703;TRANSP TRAILER - PERIFER 0-300 KM
3006704;TRANSP UNID LIVIANA 0-300 KM
3006705;OPERARIO PETROLERO POR HORA
3006706;ALQ TRAILER 12 MTS OFIC-VEST - MES
3006707;PROV AGUA CAMPAMENTO 10M3 - KM
3006708;PROV AGUA CAMPAMENTO 20M3 - KM
3006709;SLICK LINE - Alquiler diario Kick Over
3006710;SLICK LINE - Fab.X-Over canasta calibr.
3006711;HS EXTRAS - EXTENSION DE JORNADA
3006712;hora extra mesa de ayuda zafiro
3006713;Serv auditoria lineas móviles linea adic
3006714;REC/SALAR CONT
3006715;Equipos p/sist.mol. BD Control Acceso
3006716;Servicios p/sist. mol. BD Control Acceso
3006717;DIFRACCION DE RAYOS X - COMP. SOLIDOS
3006718;FLUORESCENCIA DE RAYOS X - COMP. SOLIDOS
3006719;Mezcla de gases
3006720;SERVICIO EQUIPO DE VAPOR - 12HS ON CALL
3006721;RELEVAMIENTO DE POTENCIALES (POR PM)
3006722;RELEVAMIENTO DE RESISTIVIDADES
3006723;REPARACION DE REVESTIMIENTO CAÑOS 2'1/2
3006724;REPARACION DE REVESTIMIENTO CAÑOS 3'
3006725;REPARACION DE REVESTIMIENTO CAÑOS 4'
3006726;REPARACION DE REVESTIMIENTO CAÑOS 6'
3006727;REPARACION DE REVESTIMIENTO CAÑOS 8'
3006728;REPARACION DE REVESTIMIENTO CAÑOS 10'
3006729;REPARACION DE REVESTIMIENTO CAÑOS 14'
3006730;REPARACION DE REVESTIMIENTO CAÑOS 18'
3006731;"VERIF+REEMP JUNTAS AISLANT BRIDAS 2"" 1/2"
3006732;"VERIF+REEMP JUNTAS AISLANT BRIDAS 3"""
3006733;"VERIF+REEMP JUNTAS AISLANT BRIDAS 4"""
3006734;"VERIF+REEMP JUNTAS AISLANT BRIDAS 6"""
3006735;"VERIF+REEMP JUNTAS AISLANT BRIDAS 8"""
3006736;"VERIF+REEMP JUNTAS AISLANT BRIDAS 10"""
3006737;"VERIF+REEMP JUNTAS AISLANT BRIDAS 14"""
3006738;"VERIF+REEMP JUNTAS AISLANT BRIDAS 18"""
3006739;CUAD 2 PERS INSTAL ANODOS (1 ESP + 1 AY)
3006740;MEDICION DE ESPESORES
3006741;TEC HSE C/MOVILIDAD COMPARTIDA CUADRILLA
3006742;IDENTIFICACION DE MOJONES
3006743;RELEVAMIENTO DE POTENCIALES PASO A PASO
3006744;SE DETERM ESTADO REVEST DCVG
3006745;RELEV POTEN TK BATERIAS (8 BAT, PTC) MED
3006746;MED P.A.T. TK BATERIAS (BAJO IRAM 2281)
3006747;CERTIFICADO PROT CATODICA TK SUBTERRANEO
3006748;GEODETECCIÓN DE CAÑERÍA
3006749;CATEO MANUAL
3006750;CATEO MECÁNICO
3006751;CATEO MANUAL +18
3006752;CATEO MECÁNICO +18
3006753;CUAD INSTAL ANODOS (1 ESP + 1 AY) +18
3006754;MEDICION DE ESPESORES +18
3006755;TEC HSE +18
3006756;.
3006757;COSTO DIA OPERATIVO TEC EN YACIMIENTO
3006758;REPARACION POR PARCHEO
3006759;REPARACION DE SOLDADURA LINEAL
3006760;ESCALERAS Y BARANDAS
3006761;FABRIC Y MONT DE SOPOR NUEVOS Y/O REEMPL
3006762;DESGUACE DE TANQUES
3006763;Serv.3ros  Trailer+Pta.Trat.+Planta Agua
3006764;Rental Motocompresor PRUEBA ENSAYO
3006765;SE O&M MC Prueba ensayo
3006766;INGENIERIA OPERACION BAJO CAUDAL
3006767;VERIFICACION MECANICA LECHOS DE SILICA
3006768;INSP BSAS/BBLANCA/STA FE/ROSARIO/CBA
3006769;ADIC X DIA BSAS/BBCA/STA FE/ROSARIO/CBA
3006770;VIATICO MAYOR A 150KM LUGAR DE ORIG INSP
3006771;INSP NQN/CDRO RIVADAVIA/PTO MADRYN
3006772;ADIC X DIA NQN/CDRO RIVADAVIA/PTO MADRYN
3006773;FLUI - LMP supervisor adicional
3006774;FLUI - Cisterna para transporte Lodos
3006775;FLUI - OPERADOR SKYTRACK 12H
3006776;FLUI - SKYTRACK (no incl.MOV/DEM)
3006777;FLUI - MOV/DEMOV. SKYTRACK
3006778;INSUMOS VARIOS - EXTRAS
3006779;ALQ BOMBA DESPLAZAMIENTO POSITIVO
3006780;CUAD MONTAJE BOMBA DESP POSITIVO
3006781;MOVILIZACION BOMBA DESP POSITIVO
3006782;DESMOVILIZACION BOMBA DESP POSITIVO
3006783;MC MX 3-4065
3006784;PROVISION DE TRAZADOR - KG
3006785;Ing Especialista  Automatización oficina
3006786;REC/SALAR CONT
3006787;SE PULLING - REC PERS FM
3006788;Ing. Especialista en Automatización ofi
3006789;Ing. SR. Especialista I&C Oficina provee
3006790;Proyectista SR. Especialista instru ofic
3006791;Ing. Especialista en Automatización nqn
3006792;Proyectista SR. Especialista instru ofic
3006793;Ing. SR. Especialista I&C NQN
3006794;Proyectista SR. Especialista instru nqn
3006795;REDETERMINACION TARIFAS FORMULA FEB-20
3006796;REDETERMINACION TARIFAS FORMULA JUN-20
3006797;IP Pública fija adicional
3006798;Proyectista SR. Especialista instru nqn
3006799;CUADRILLA DÍA FERIADO O NO LABORABLE
3006800;VAPOR AGUA X BB DRAGUER (ANALIS IN SITU)
3006801;TOMA DE MUESTRA GAS EN PTO BAJA PRESION
3006802;Mercadería Cargada a Buque
3006803;Mercadería Descargada de Buque
3006804;Mercadería Removida
3006805;Almacenamiento CSA
3006806;SERVICIO APLICACION PQ JUNIO-20
3006807;PROT CATOD GATHERING TPF - ING. DETALLE
3006808;PROT CATOD GATHERING TPF - DISPERSOR PRO
3006809;PROT CATOD GATHERING TPF - MONTAJES SUP.
3006810;PROT CATOD GATHERING TPF - AMOJONAM LIN.
3006811;PROT CATOD GATHERING TPF - MATERIALES
3006812;PROT CATOD GASO-OLEO EVAC TPF - ING. DET
3006813;PROT CATOD GASO-OLEO EVAC TPF - DISP PRO
3006814;PROT CATOD GASO-OLEO EVAC TPF - MONT SUP
3006815;PROT CATOD GASO-OLEO EVAC TPF - MATERIAL
3006816;PROT CATOD OLEO Bmo-CB - ING. DETALLE
3006817;PROT CATOD  - DISPERSOR PROF.
3006818;PROT CATOD - MONTAJES SUP.
3006819;PROT CATOD OLEO Bmo-CB - MATERIALES PC
3006820;Dif. tarifas actualización polin. END
3006821;TRANSPORTE PASIVOS EX EET-SAN
3006822;IMAA - Área Charco del Palenque
3006823;IMAA - jarilla quemada
3006824;IMAA - entre lomas RN
3006825;IMAA - JAGUEL DE LOS MACHOS
3006826;IMAA - MEDANITO
3006827;IMAA - BAJADA PALO OESTE
3006828;IMAA - BAJADA PALO ESTE
3006829;IMAA - CAN
3006830;IMAA - AGUILA MORA
3006831;IMAA - ENTRE LOMAS NQN
3006832;EQ. GENERACIÓN CAN MODELO WPG 687
3006833;EQ. GENERACION PTC
3006834;SE CONSTRUCCION EPC - EMC 11 - AD1
3006835;SE PERFORACIÓN H103 - Abril2020
3006836;SE PERFORACIÓN H103 - Mayo2020
3006837;SE PERFORACIÓN H103 - Junio2020
3006838;SE PERFORACIÓN H103 - Julio2020
3006839;Montaje sistema de seguridad electrónica
3006840;Implementación gestion combis & flota
3006841;ACTUALIZACION SIPG IAPG
3006842;gestion combis & flota serv mant mensual
3006843;MAMPARA DE ACRILICO
3006844;RECONOCIMIENTO DE MAYORES COSTOS
3006845;ADECUACION BATERIA 1 BMo
3006846;ADECUACION PIAS 1 BMo
3006847;MONTAJE MC EN SATELITE APO
3006848;MONTAJE MC EN COLECTOR PA BMo
3006849;GAMMAGRAFIA - JORNADA EQ ESP C MOV INST
3006850;"GAMMAGRAFIA - ENS, INCL INS EN BRIDAS 2"""
3006851;"GAMMAGRAFIA-ENS INCL INS EN BRID 3"" Y 4"""
3006852;"GAMMAGRAFIA-ENS INCL INS EN BRID 6"" Y 8"""
3006853;GAMMAGRAFIA-ENS INCL INS EN BRID 10 Y 12
3006854;GAMMAGRAFIA - PLACA RADIOGRAFICA EN TANQ
3006855;TINTAS PENETRANTES - JORNADA
3006856;TINTAS PENETRANTES - ENSAYO INCL INSUMOS
3006857;CAMPANA VACIO - JORNADA
3006858;CAMPANA VACIO - ENSAYO INCL INSUMOS
3006859;TRASL DESDE CIPO HASTA LUGAR DE TRABAJO
3006860;PH - PRUEBA DE ESTANQUEIDAD, CIERRE Y AP
3006861;PH - TRANSPORTE AGUA Y LLENADO
3006862;PH - VACIADO DE TK Y TRANSPORTE AGUA A D
3006863;"CONEX 2""a 4"" DIAM PONCHO-CHAPA 5/16x0,09"
3006864;"CONEX 6""a 8"" DIAM PONCHO-CHAPA 5/16x0,36"
3006865;CONEX 10a 20 DIAM PONCHO-CHAPA 5/16x2,31
3006866;"CONEX >20"" DIAM PONCHO-CHAPA 5/16x3,33"
3006867;PRUEBA NEUMATICA 2 PERS x 3 Hs
3006868;PROVISION DE MATERIALES
3006869;INSTALACION-SERVICIO
3006870;JORNADA DE BACHEO
3006871;UNIDAD DESHIDRATADORA TEG
3006872;FILTROS TEG
3006873;Cuadrilla de Mantenimiento BCP
3006874;FRAC - ACUERDO MAYO 2020
3006875;FRAC - ACUERDO JUNIO 2020
3006876;FRAC - ACUERDO JULIO 2020 P1
3006877;ADICIONAL X COVID-19
3006878;SERVICIO DE TESTING
3006879;REC SALARIALES Y MAYORES COSTOS
3006880;REDETERMINACION TARIFAS MAR 20
3006881;SB-29
3006882;SB-82
3006883;AJUSTE FINAL SERV VIGILANCIA C/PATRULLA
3006884;Rec May Cts
3006885;"Uso Oleoducto 12"" BMo-PTC CB"
3006886;SUELOS CONTAMINADOS CON HC
3006887;EMC-11 - MODIFICACION TABLERO GENERAL BT
3006888;TENDIDO DE LINEA CONDUCCION PAD 39/LOOP
3006889;TENDIDO DE TRITURBO PAD 39/LOOP
3006890;TENDIDO DE FIBRA OPTICA
3006891;FRAC - HVFR (B -598) Solid Prod. (add3)
3006892;ALQ Toyota SRX 4x4 6 A/T  7 asientos
3006893;BICARBONATO DE SODIO
3006894;CARBONATO DE SODIO
3006895;Gelificante Liquido
3006896;TRATAMIENTO DE RESIDUOS
3006897;MEDICION EMISIONES ATMOSFERICAS
3006898;ENSAYO
3006900;Suscripción licencia ARIBA Sourcing
3006901;Suscripción licencia SAC
3006902;Hora Operativa Coiled Tubing
3006903;Hora operativa post de 96 hs.
3006904;Gelificante Liquido
3006905;Red Friccion
3006906;Instalación Sist. BCP/Bombeo Mec.compl.
3006907;Desmantelam. BCP o Bombeo Mecánico
3006908;Reductor de Fricción
3006909;Reductor de Fricción
3006910;Reductor de fricción Pipe to pipe
3006911;Inhibidor de arcillas
3006912;Regulador de PH
3006913;Biocida
3006914;Inhibidor de H2S
3006915;Arena malla 100
3006916;"Calibración pozo aparejo 2-3/8 a 3-1/2"""
3006917;Toma de muestra fdo. líquido o sólido
3006918;Registro de presión y temperatura Memory
3006919;Registro PLT modo memoria
3006920;Apertura/Cierre Camisa circulación
3006921;Registro GR-CCL modo memoria
3006922;Instalación/recuperación tapón mecánico
3006923;Registro de saturación
3006924;Tapón para tubería 2 7/8
3006925;Tapón para tubería 3 1/2
3006926;Pack Off para tubería 2 7/8
3006927;Pack Off para tubería 3 1/2
3006928;Logística / Accesso al pozo
3006929;Medición Boca de pozo
3006930;Manifold 2x2 c/Portaestr.Pos + Valv.seg
3006931;Quemador vertical c/sist. separ. tubería
3006932;Renta de prensa metálica cerrada 30m3
3006933;Frack Tank (80 m3)
3006934;Múltiple estrangulación (incl.Transp.)
3006935;Movilización Frack Tank
3006936;Movilización lateral de equipo
3006937;Instalación eq. Sub-Superficial BCP/BMec
3006938;Adicional fluido de control/salmuera
3006939;Desmantelam. eq.sub-superficial BCP/BM
3006940;Serv. Integral Bombeo Mecánico/BCP
3006941;Serv. Integral Bbeo.Mecánico/BCP SIN GAS
3006942;Tiempo Espera Bombeo Mec./BCP
3006943;Serv.Integral B. Mecánico/BCP 1251-2300m
3006944;Serv.Integral B.Mecánico/BCP c/sep.h1250
3006945;Bombeo Mecánico/BCP c/sep.1251-2300 m
3006946;Bombeo Mecánico/BCP s/equipo subsuperf.
3006947;Muestreo de GAS Natural en tierra
3006948;Muestreo de Hidrocarrubro c/salinidad
3006949;Muestreo de Hidrocarrubro en tierra
3006950;Lodo p/seccion superficial convencional
3006951;Lodo para seccion superficial tipo CWD
3006952;Lodo p/seccion aislac. tipo convencional
3006953;Lodo para seccion aislación tipo CWD
3006954;ADICIONAL CAMBIO DIAGRAMA (COVID)
3006955;SERVICIO LAVADERO (COVID)
3006956;PERSONAL ADICIONAL TEMPORARIO (COVID)
3006957;Operarios + Kit de limpieza Covid
3006958;Operarios limpieza Covid
3006959;Transporte operarios limpieza Covid
3006960;Trasporte de Quimicos
3006961;"SE ALQ.CJ.ADAPTADOR PARA BOP13-3/8""ACMEx"
3006962;"SE ALQ.CJ.HERR.CEM/INST.13-3/8""ACMEx9-5/"
3006963;"SE ALQ BASE APOY PCABEZA 95/8"" diam 680"
3006964;Well Tractor - Cargo Basico
3006965;Well Tractor - Cargo por Prof 1 carrera
3006966;Well Tractor - Cargo por Tractoreo
3006967;Well Tractor-WRD-Cargo por Activacion
3006968;Well Tractor-Stroker-Cargo P/tractoreo
3006969;WT-Stroker-Cargo P/Profundidad 1er carr
3006970;WT-CCL-Cargo P/Profundidad
3006971;Well Stroker-Cargo P/Activac. (5 activ)
3006972;WT-RCB-Cargo P/ Tractoreo - 1ra Carr
3006973;RCB-Cargo por Profundidad-1ra Carr
3006974;RCB - Cargo por Operacion Carrera
3006975;RCB - Cargo por BIT Dia
3006976;RCB - Cargo por BIT Dia
3006977;Tension/Compression Device-Cargo por Car
3006978;SERVICIO ASISTENCIA TECNICA
3006979;INTERESES COMBUTIBLE
3006980;Tarifa Operación diaria eq.superf. c/gas
3006981;Tarifa Operación diaria eq.superf. S/gas
3006982;Tar. P3 Op.diaria 15-30 eq.superf. c/gas
3006983;Tar. P1 Op.diaria 15-20 eq.superf. c/gas
3006984;Tar. P2 Op.diaria 20-20 eq.superf. c/gas
3006985;Tar. P4 Op.diaria eq.superf. c/gas
3006986;B.Mecánico integral incl. B.HIDR. s/e.s
3006987;B.Mecánico integral incl. B.HIDR. c/gas
3006988;Instal. y PEM Un. Bbeo. Mecán. Hidron.
3006989;Desinstalacion Un. Bombeo Mec. Hidr.
3006990;Provisión/instal. conex. sup. p/bbeo.mec
3006991;Camión varillero p/ múltiples aplicacic.
3006992;Disponibilidad camión varillero
3006993;Gas GLP p/unid. hidráulicas HIDR
3006994;Gas GLP p/unid. hidr.c/dcto.50%
3006995;Medición de líquidos 12 hs.
3006996;Medición de líquidos 9 hs.
3006997;Medición de líquidos 6 hs.
3006998;SE SENSOR PISTONEO EQ. PULL
3006999;EQUIPO DE VACIO 9M3 - DIA 24HS
3007000;EQUIPO SUPER VACIO 35M3 - DIA 24HS
3007001;FRAC-HVFR (B- 598) Solid
3007002;GCP Consumos mensuales
3007003;MIGRACIÓN VMWARE & DESPLIEGUE SAP
3007004;MIGRACIÓN SAP
3007005;MANAGED SERVICES
3007006;Acido Citrico FE-2
3007007;Hora Operativa Sin BHA
3007008;hotra operativa post 96 hs sin BHA
3007009;NBRS- Alquiler de trailer (dos trailers)
3007010;NBRS-Mov 2 trailersCarga/transp/descarg
3007011;DeMov 2trailer Carg/Transp/descarg
3007012;Determinación %H20, sedimentos y %aceite
3007013;Bomba insertable PCP para TP 2 7/8
3007014;Gestoría para tareas en Pozos área CS01
3007015;ANALISIS EN LABORATORIOS
3007016;EQ. GENERACIÓN STAND BY CAN WPG 687
3007017;EQ. GENERACIÓN STAND BY CAN WP13
3007018;EQ. GENERACIÓN CAN OPERATIVO WP13
3007019;NBRS- Alquiler de 1 trailer Covid 19
3007020;Mov de 1 trailer CV19Carga Trans/ desc
3007021;DeMov de 1 trailer CV19Carg/Trans/desc
3007022;DTM a locación intermedia (s/ montar eq)
3007023;PROV TRAZADOR AGUA SOL - ETAPA
3007024;CONSTRUCCIÓN LOCACIONES
3007025;SCAL16082A
3007026;EMBR12575A
3007027;EMBR18640A
3007028;ALQUILER OFICINAS VISTA MEXICO
3007029;SOC - Adicionales EMC-11
3007030;Uso/goce area de ocupación superf. MEX
3007031;Producto SRW196
3007032;Cargo fijo mensual Servicios BES - Base
3007033;Frac Stack (4)+Zip+Valv.Bup-for4well/pad
3007034;Op.&Mant FFDS+Aux serv(Price/Pad&36 days
3007035;Inh H2S (CT Armour)
3007036;Mant. sistema seguridad superf. en campo
3007037;AUTOMATIZACIÓN DE SSS
3007038;STOP LEAK - MONTAJE DE LUBRICADOR
3007039;STOP LEAK - MONTAJE RECIP. CONTENEDOR
3007040;STOP LEAK - MONTAJE DE NIPLE
3007041;STOP LEAK - MONTAJE DE SENSOR DE PRESIÓN
3007042;STOP LEAK - MONT. SENSOR NIVEL QUÍMICOS
3007043;STOP LEAK - MONTAJE DE INSTRUMENTAL
3007044;MEDICO LABORAL JORNADA ADICIONAL
3007045;Cargo Basico CBL VDL GR CCL (Inc. Movili
3007046;Cargo por prof. CBLVDL GR CCL
3007047;Cargo Basico Punzados
3007048;Cargo equipo Aux Rigless por día
3007049;Cargo por etapa PnP
3007050;Cargo por metro punzado
3007051;Cargo Por Registro CBLVDL GR CCL
3007052;Cargo Básico/Transporte/Km/Ing/Comida/Tr
3007053;GR-SP- RES-CALIPER-De todo pozo (4/6br
3007054;PEF-DEN - Tijera/Pto débil
3007055;GR Espectral
3007056;FRAC - ACUERDO JULIO 2020 P2
3007057;"Serv. Lubric. c/Brid 2 1/16"" p/tpn VR"
3007058;"St By Lubric con Brid 2 1/16"" p/tpn VR"
3007059;"Serv. Lubric C/Brid 2 1/16"" 1er tpn VR"
3007060;"Serv.Lubric c/Brid 2 1/16"" 2do tpn o mas"
3007061;"Tapon VR de 1 1/2"" rosca LP"
3007062;"Tapon VR de 1 1/2"" por fijación por día"
3007063;hora consultoria adicional
3007064;Rec May Cts
3007065;Unidad WL, Cargo Básico
3007066;Mapa cemento 360°, cargo por prof.
3007067;Mapa cemento 360°, cargo por registro
3007068;Canasta, cargo por profundidad
3007069;Punzado cargo por prof
3007070;"Punzado cañon 3-3/8""-4"",cargo por m punz"
3007071;Punto Libre,  cargo por profundidad
3007072;Fijación Herramienta (Packer,Tapón)xdisp
3007073;Fijación Herramienta (Packer,Tpn), cargo
3007074;Cortador de Flama No explosivo (RCT)
3007075;Anclas para no tener que hacer puncher
3007076;Puncher No explosivo (PTS)
3007077;Coloc de TPN con Set Tool No expl.(DSPT)
3007078;Reg.Producc tipo PLT p/pozo ver o<45°des
3007079;Grúa Telesc para ops sin equipo (Rigless
3007080;"Disp. c/pistola entub de 2 1/8"" fase 60°"
3007081;Cargo Transporte Unidad Mediana
3007082;Inducción Múltiple - Cargo Profundidad
3007083;Inducción Múltiple - Cargo Registro
3007084;Rayos Gamma Espectral - argo Profundidad
3007085;Rayos Gamma Espectral - Cargo Registro
3007086;Rayos Gamma - Cargo Profundidad
3007087;Rayos Gamma - Cargo Registro
3007088;ACUSTICO DT - Cargo Profundidad
3007089;ACUSTICO DT - Cargo Registro
3007090;Hta. auxiliar Caliper 4 o 6 brazos - Car
3007091;Hta. aux Caliper 4o6 brazos-Cargo Regist
3007092;Densidad Litológico - Cargo Prof
3007093;Densidad Litológico-Cargo Registro
3007094;Punto débil eléctrico
3007095;Cargo Basico Trailer
3007096;Cargo Transporte Unidad Perfilaje
3007097;Cargo Basico Perfilaje
3007098;SE DESVESTIM PZOS ENTRE 42-54 HS
3007099;SE CAMBIO VSTGO/ AJUST MED V/B
3007100;Impuestos Internos
3007101;RELEV+REPLANTEO P PREF Y MONT DE CAÑ MOD
3007102;RELEV+REPLANTEO P PREF Y MONT DE BANDEJA
3007103;CAO + CARPETA DE CALIDAD
3007104;DESM LINEAS DE COND EXISTENTES
3007105;LIMPIEZA SPOOLES
3007106;TENDIDO DE LINEA DE COND EN PRFV, ENTERR
3007107;"TEND LINEA COND ACERO SOTERRADA E/3""y 4"""
3007108;"AISLACION DE CAÑERIAS HASTA 2"""
3007109;"AISLACION DE CAÑERIAS DESDE 2"" HASTA 4"""
3007110;"AISLACION DE CAÑERIAS DESDE 4"" HASTA 6"""
3007111;"AISLACION DE CAÑERIAS DESDE 8"" HASTA 20"""
3007112;SOLDADURA EN TALLER PREF Y CAÑ SCH 20/40
3007113;SOLDADURA EN TALLER PREF Y CAÑ SCH80/120
3007114;SOLDADURA EN CAMPO SCH 20/40
3007115;SOLDADURA EN CAMPO SCH 80/120
3007116;HORMIGON IN SITU H25 (INCL ENS Y PINT)
3007117;GROUTING
3007118;MOVIMIENTO DE SUELOS
3007119;EXCAVACION MANUAL (C MARTILLO NEUMATICO)
3007120;EXCAVACION CON MAQUINA
3007121;BASES H25 PREMOLDEADAS (INC ENS Y PINT)
3007122;SOPORTES VARIOS EN ACERO AL CARBONO
3007123;SOPORTES LIVIANOS (H/ 30Kg/M) EN ACERO
3007124;SOP SEMI PESADOS (+30Kg H 60Kg/m) ACERO
3007125;SOPORTES PESADOS (+60Kg H 150Kg/M) ACERO
3007126;SOPORTES EXTRA PESADOS (+150KG/M) ACERO
3007127;DETECTOR DE FUEGO Y GAS
3007128;INTERRUPTORES MANUALES
3007129;MANOMETROS
3007130;MULTIPLEXORES DE TEMPERATURA - HORNO
3007131;PLACAS ORIFICIO - ORIFICIOS DE RESTRICC
3007132;SENSORES DE TEMPERATURA
3007133;TERMOMETROS
3007134;TERMOVAINAS
3007135;TRANSMISORES
3007136;VISORES DE NIVEL
3007137;TRAMO RECTO, ANCHO 300MM
3007138;CURVA PLANA HORIZ 90° ANCHO 300MM
3007139;CURVA PLANA HORIZ 45° ANCHO 300MM
3007140;UNION TEE, ANCHO 300MM
3007141;CURVA VERTICAL FIJA DESCENDIENTE
3007142;CURVA VERTICAL FIJA ASCENDENTE
3007143;CURVA VERTICAL ESLABONADA
3007144;TAPA PARA TRAMO RECTO, ANCHO 300MM
3007145;TAPA PARA CURVA PLANA HORIZ 90°
3007146;TAPA PARA CURVA PLANA HORIZ 45°
3007147;TAPA PARA UNION TEE, ANCHO 300MM
3007148;TAPA PARA CURVA VERTICAL FIJA DESCENDENT
3007149;TAPA PARA CURVA VERTICAL FIJA ASCENDENTE
3007150;CURVA VERTICAL ARTICULADA PARA BANDEJA
3007151;"DERIVACIONES EN ""T"" PARA BANDEJAS 150"
3007152;CURVA HORIZONTAL PARA BAND 45°
3007153;BANDEJA PORTA CABLES TIPO ESCALERA
3007154;"DERIVACIONES EN """"T"""" PARA BANDEJAS 300"
3007155;CAJA CUAD ALEACION 570x355x215MM 3ACC
3007156;CAJA CUAD ALEACION 570x355x215MM 4ACC
3007157;CAJA CUAD ALEACION 265x215x142MM 1ACC
3007158;CAJA CUAD ALEACION 265x215x142MM 5ACC
3007159;CAJA CUAD ALEACION 465x300x152MM 8ACC
3007160;CAJA CUAD ALEACION 265x215x142MM 3ACC
3007161;CAJA CUAD ALEACION 197x197x122MM 1ACC
3007162;"CAÑO DE ACERO AL CARBONO GALV ø3"""
3007163;"CAÑO DE ACERO AL CARBONO GALV ø1 1/2"""
3007164;"CAÑO DE ACERO AL CARBONO GALV ø1"""
3007165;"CAÑO CONDUIT ø3/4"" A°G° c/CUPLA"
3007166;"CAÑO CONDUIT ø2"" A°G° c/CUPLA"
3007167;ACCESORIOS PARA CAÑOS CONDUIT
3007168;CABLE CONDUCTOR DE COBRE DESNUDO 1x95MM2
3007169;CABLE CONDUCTOR DE COBRE DESNUDO 1x70MM2
3007170;CABLE CONDUCTOR DE COBRE DESNUDO 1x35MM2
3007171;"CAÑO PVC ø3/4"", SCH 40"
3007172;"JABALINA LISA O STD ø3/4"" LARGO 3MTS"
3007173;CAMARA DE INSP 250x250x100MM DE FUND HIE
3007174;CABLE DE POTENCIA DE BAJA TENSION
3007175;CABLE DE COMANDO DE BAJA TENSION
3007176;CABLE DE INSTR PAR SIMPLE CON BLINDAJE
3007177;CABLE DE EXT DE TERMOCUPLA PAR SIMPLE
3007178;CABLE DE INSTR DOS PARES CON BLINDAJE GE
3007179;CABLE DE INSTR OCHO PARES CON BLINDAJE
3007180;CABLE DE INSTR 16 PARES C/BLINDAJE GRAL
3007181;CABLE DE INSTR 16 PARES C/BLINDAJE INDIV
3007182;CABLE DE INSTR 24 PARES C/BLINDAJE
3007183;CABLE DE COMUNICACION RS-485, 2 PARES
3007184;"HOT TAP 2"""
3007185;"HOT TAP 4"""
3007186;"HOT TAP 6"""
3007187;"HOT TAP 8"""
3007188;CONSTRUCCION CAÑERIAS ROSCADAS
3007189;OPERARIO TAREAS GENERALES
3007190;MARTILLO ELECTRICO
3007191;MARTILLO ELECTRICO
3007192;MINI-EXCAVADORA
3007193;MINI-EXCAVADORA
3007194;HIDROLAVADORA
3007195;MOVILIDAD
3007196;INGENIERIA CAD
3007197;RADIOGRAFIADO
3007198;GEO-RADAR
3007199;MOVILIZACION/DESMOVILIZACION OBRADOR
3007200;OBRADOR
3007201;FEE POR SUMINISTRO DE MATERIALES NECESAR
3007202;SL - Hidrogrúa para DTM Gas Buster
3007203;SL-Pistoneo pozo c/equipo especial 10hs
3007204;PROVISION AGUA AÑELO
3007205;JORNADA ADICIONAL SAB-DOM-FER
3007206;Seminario de seguridad
3007207;Capac. practica de seguridad
3007208;Plan manejo de incidentes
3007209;Coordinador de seguridad
3007210;Agente de seguridad
3007211;Conductor de seguridad
3007212;Manejo de proyecto/supervisión
3007213;Suscripción licencia mensual
3007214;Implementación dotpeople
3007215;implementación Mejoras dotpeople
3007216;"DRILL - Registro CBL-VDL-GR CS 7"""
3007217;PHASTREAT 17029
3007218;DODIGEN Q 810 D
3007219;"HT 1 1/2"" en CSG 4,5"" a 20"" c/nip sold"
3007220;"Primary Sentinel DSFV 4,750"""
3007221;"Primary Sentinel DSFV 6,625"""
3007222;"Secondary Sentinel DSFV 4,750"""
3007223;"Secondary Sentinel DSFV 6,625"""
3007224;Field Supervisor
3007225;Inspection Charge (Per Conn)
3007226;Breakout Charge (Per Conn)
3007227;"Rework Charge 3,5"" (Per Conn)"
3007228;"Rework Charge 4,5"" (Per Conn)"
3007229;OBRA CIVIL - ADECUACION SISTEMA DRENAJES
3007230;OBRA INSTR - INCORP SIST DET GAS Y CCTV
3007231;HS EXTRAS AL 50%
3007232;HS EXTRAS AL 100%
3007233;CAMION DC CON HIDRO 2,5 TN chofer
3007234;SIMA - GRUA SOBRE CAMION 80  TN
3007235;LIMPIEZA SPOOLES
3007236;Camion Wireline Mob/Demob y Eq Asociado
3007237;CBL/VDL/GR de 1470 a 0 inc Canasta
3007238;Crane Mob Demov
3007239;Crane Operational rates (12 hs)
3007240;Stand By (4 hs Franquicia)
3007241;Cargo Basico Truck WL incl Mov/Dem
3007242;etapa PnP -6 tpp 22,7 gr
3007243;PREV Y CORRECT ONGUARD Y MILESTONE
3007244;SOPORTE FABRICANTE ONGUARD Y MILESTONE
3007245;EQUIPO DE VACIO 35M3 - MES 12HS
3007246;EQUIPO CISTERNA 35M3 - MES 12HS
3007247;EQUIPO DE VACIO 9M3 - MES 12HS
3007248;pH
3007249;HIERRO TOTAL
3007250;DENSIDAD
3007251;TEMPERATURA
3007252;SOLIDOS EN SUSPENSION
3007253;DETERGENTES
3007254;CARGA DE CURVA EN EQUIPO (INH INCRUS)
3007255;Consortium Membership
3007256;SERVICIO DE INFOINTERNET 100MB
3007257;Montaje y  Desmontaje misma jornada
3007258;LIMPIEZA DE GASODUCTO
3007259;CONSUMO DE GAS COMBUSTIBLE
3007260;TRASLADO BMO-ELO DE TK 160M3
3007261;PROV, TRANSP Y ENSAMB TK DE 320M3 Ø 9050
3007262;ADENDA # I - ITEM A - S/PLIEGO
3007263;ADENDA # I - ITEM B - S/PLIEGO
3007264;EQUIPO DE VACIO 35M3 - DIA 12HS ON CALL
3007265;MEMORIAS PIEZO RESIST. S/UNIDAD
3007266;"GFC-10, Válvula Gas Lift 1"" diam."
3007267;"GOC-10, Válvula Orificio de Gas Lift 1"""
3007268;ANALISIS MUESTRA DE CRUDO
3007269;Serv retiro lineas de conducción de pozo
3007270;SL -Medicion caudal/gamma ray/ccl CASING
3007271;SL - Spinner
3007272;SL - CALIPER
3007273;DIGESTION DE MUESTRA EPA 3050 - EPA 3010
3007274;ALUMINIO (TOTAL) - SM 3111 D
3007275;ESTRONCIO (TOTAL) - SM 3111 D
3007276;BARIO (TOTAL) - SM 3111 D
3007277;VANADIO (TOTAL) - SM 3111 D
3007278;CADMIO (TOTAL) - SM 3111 B
3007279;CINC (TOTAL) - SM 3111 B
3007280;COBRE (TOTAL)- SM 3111 B
3007281;CROMO (TOTAL) - SM 3111 B
3007282;PLOMO (TOTAL) - SM 3111 B
3007283;MANGANESO - SM 3111 B
3007284;NIQUEL (TOTAL) - SM 3111 B
3007285;MERCURIO (TOTAL) - EPA 3051 A/ 7061 A
3007286;ARSENICO (TOTAL) - EPA 3051 A/ 7061 A
3007287;PLOMO (TOTAL) - SM 3113B (HORNO GRAFITO)
3007288;CADMIO (TOTAL) -SM 3113B (HORNO GRAFITO)
3007289;CROMO (TOTAL) - SM 3113B (HORNO GRAFITO)
3007290;CONDUCTIVIDAD EN SUELOS - SM 2510 B
3007291;HUMEDAD EN SUELOS %P/P - SM 2540 G
3007292;PH EN SUELOS - EPA 9045
3007293;TVR - ASTM D-323
3007294;Y14 - TRAT. Y DISP. FINAL - ETAPA 1
3007295;"SL - Válvulas 1"" SEGURO"
3007296;"SL - Válvulas 1"" RETEN"
3007297;"SL - Válvulas 1"" Separador teflón"
3007298;SE PERFORACIÓN H103 - 15 al 31 Julio2020
3007299;FRAC-ACUERDO JUL 20 Costo Variab. ago 20
3007300;Fijado de Packer
3007301;ING SENIOR RBI OFICINA PROVEEDOR
3007302;ING S. SENIOR RBI OFICINA PROVEEDOR
3007303;ING JR. SENIOR RBI OFICINA PROVEEDOR
3007304;JORNADAING SENIOR RBI  YACIMIENTO
3007305;JORNADAING JR. RBI YACIMIENTO
3007306;JORNADA VISITA YACIMIENTO RBI
3007307;ESTUDIO RBI DUCTOS
3007308;Aquiler mensual de Predio VH OPEX
3007309;JORN CUADR 2 PER INSTR + AY ESP + MOV+ H
3007310;1/2JORN CUADR 2 PER INSTR+AY ESP+MOV+H
3007311;servicio de soporte y mant evol bizagui
3007312;guardias semanales
3007313;horas adicionales 50%
3007314;horas adicionales 100%
3007315;LANZADOR DE VELAS
3007316;Barras condensate
3007317;TTE ULT MILLA ARENA - DESDE SILOBOLSA
3007318;TTE ULT MILLA ARENA - DESDE V. MANZANO
3007319;Data Scientist/Data Engineer ar/qa
3007320;Data Scientist/Data Engineer sr
3007321;Data Scientist/Data Engineer s.sr
3007322;Data Scientist/Data Engineer jr
3007323;SE REP. VALV DIAF 4'S150 T.C
3007324;Tarifa Base Operaciones al 80%
3007325;VALV ESF 16' S600  Tarea A Engrase
3007326;"VALVULA DIAFRAGMA 2"" S150 Tarea C"
3007327;SE CALIB VALV SEG VSE 1 1/2' S-900
3007328;CAJRED 30:1S-150  Tarea B Monte/desmonte
3007329;MOV. Y DESMOV. X DIA (PICK UP)
3007330;SERV. RELEVAMIENTO, INFORME Y MTTO LIVIA
3007331;CAMION CON HIDROGRUA X JORNADA
3007332;MOV. Y DESMOV. X DIA (CAMIÓN C/HIDRO)
3007333;SERV. DE PRUEBA HIDROSTATICA C/BCO XPozo
3007334;SERV. DE TORQUE CONTROLADO X POZO
3007335;SERV. LUBRICADOR P/RECAMBIO DE ARM. XPZO
3007336;MANT D SIST DE SEG DE SUPERFICIE EN CAMP
3007337;Dispositivo OEM
3007338;SERVICIO DE ASISTENCIA EN SITIO
3007339;TRANSP TRAILER - CAMION PETROLERO
3007340;MO SOPORTE TECNICO SEMI SENIOR
3007341;HERRAMIENTAS
3007342;CONSUMIBLES
3007343;EQUIPAMIENTO
3007344;GUARDIA PASIVA
3007345;HS EXTRA 50% SOPORTE TECNICO SEMI SENIOR
3007346;HS EXTRA 100% SOPORTE TECNIC SEMI SENIOR
3007347;EQUIPO CISTERNA 35 M3 - DIA 12HS ON CALL
3007348;SERV PORTACONTENEDOR DOBLE + ACOP - 12HS
3007349;SERV PORTACONTENEDOR DOBLE - 12HS
3007350;SERV BATEA 25M3 - DIA
3007351;KIT DE CONEXIÓN PNL DE CTRL/ACTUADOR SSV
3007352;KIT PARA CONEXIÓN DE TOMA DE REFERENCIA
3007353;KIT DE INSTALACION DE PANEL DE CONTROL
3007354;KIT CAMBIO DE ACUMULADOR HIDRAULICO
3007355;KIT DE RANGO PARA PILOTOS ALTA Y BAJA
3007356;REPARACION Y CAMBIO DE BBA HIDRAULICA
3007357;REPARACION Y CAMBIO DE RELÉ HIDRAULICO
3007358;BLQ SLNID RECYSER-SISTCON P/PANEL MMA
3007359;REP. DE PANEL DE CONTROL EN BASE
3007360;REP VSEG C/ACTØ2.9/16 10M/REP PNL D CTRL
3007361;KIT MAT PARA AUTOMATIZACION DE SSS
3007362;BLQ SLNOD RECYSER-SISTCON P/PNL RUELCO
3007363;"TENDIDO DUCTO ACERO 2""y3"" TODO CONCEPTO"
3007364;"TENDIDO DUCTO ACERO 2"" TODO CONCEPTO"
3007365;VIANDA
3007366;MO SOPORTE COMUNICACIONES SEMI SENIOR
3007367;VIANDA
3007368;FRAC - J-702 High Visc.Frict.Red. HVFR
3007369;FILTRO ESPUMA 132 IN DIAMETRO
3007370;MALLA DE 4 MESH 129 IN DE DIAMETRO
3007371;MALLA DE 40 MESH -129 IN DIAMETRO
3007372;Informes a organismos QHSE MEX
3007373;Plan implementación SASISOPA
3007374;EPP - Casco BLANCO ala ancha MEX
3007375;EPP Tapones auditivos desechables MEX
3007376;EPP Lente de seguridad Claro MEX
3007377;EPP Lente de seguridad Obscuro MEX
3007378;EPP Bota de Seguridad  Tipo Borcegui MEX
3007379;EPP Bota de Seguridad Tubo Alto MEX
3007380;EPP Guante nitrilo antigolpes R-flex MEX
3007381;EPP Impermeable MEX Tallas M, L Y XL
3007382;EPP Overoles FR AZUL BORDADO MEX
3007383;Botas de lluvia con punta de acero
3007384;EPP - Casco BLANCO ala ancha MEX
3007385;EPP Impermeable MEX Tallas XXL Y 3XL
3007386;APORTE Y RECTIFICADO DE 1 MUÑON
3007387;CARGA DE CURVA A EQUIPO
3007388;DETERMINACION DE SALES POR ASTM
3007389;CARGA DE CURVA + INSTRUC DE CARGA
3007390;CAPACITACION ASTM D3230
3007391;Reparacion de cabezales
3007392;PRUEBAS BOMBAS RED CONTRA INCENDIO
3007393;Tarifa FM al 80% de T.Operaciones x AD3
3007394;MANO DE OBRA - MASTIL COMUNICACION BMO
3007395;MATERIALES - MASTIL COMUNICACION BMO
3007396;COSTOS IND - MASTIL COMUNICACION BMO
3007397;MANO DE OBRA - MASTIL COMUNICACION ELO
3007398;MATERIALES - MASTIL COMUNICACION ELO
3007399;COSTOS IND - MASTIL COMUNICACION ELO
3007400;FONDOS DE TANQUE - PILETAS (Y19)
3007401;Servicio Asistencia Técnica - Fza. Mayor
3007402;FACILIDADES EN PAD 26
3007403;FACILIDADES EN PAD 44
3007404;DUCTOS
3007405;ESPUMIGENO ESB800
3007406;CONSTR LLAVE EN MANO SET 13,20,4KV1,5MVA
3007407;Servicio de Frac Conv.
3007408;Servicio Bombeo ácido
3007409;FRAC-H028 Hydrocloric acid 28%
3007410;Propante - Sand 16/30
3007411;Servicio Guia
3007412;Servicio Aislación
3007413;Movilización de equipo adicional
3007414;Servicio cancelado
3007415;Stand-by Guia
3007416;Stand-By Aislación
3007417;Bombeo misceláneos-Servicio (hora subsig
3007418;D020, BENTONITE
3007419;D047, LIQUID ANTIFOAM
3007420;D080, DISPERSANT
3007421;D151, CALCIUM CARBONATE D151
3007422;D177, UNISET-LT
3007423;D182, MUDPUSH (TM) II SPACER. D182
3007424;D255, MID-RANGE FLAC D255
3007425;D907, CLASS .G. CEMENT
3007426;F114, SURFACTANT F114
3007427;S002, PELADOW CALCIUM CHLORIDE
3007428;B353, SPACER ADDITIVE B353
3007429;D031, BARITE
3007430;D053, GYP-SEAL
3007431;D095, D095 CEMENT ADDITIVE
3007432;D097, LOSSEAL* W/O D097
3007433;D121, TIC III
3007434;D145A,LOW-TEMP LIQUID DISPERS
3007435;D153, ANTI-SETTLING AGENT D153
3007436;D175A, ANTIFOAM AGENT
3007437;D176, HIGH TEMP EXPANDING ADD
3007438;D181, FLEXSTONE*COARSE PARTICLES FO
3007439;D186, LOW TEMP CEMENT SET ENH
3007440;D198,SYNTHETIC SOLID CEMENT RETARDE
3007441;D208, SCAVENGERPLUS
3007442;D266, CEMFIT SHIELD D266
3007443;D500, LOW TEMP GAS MIGRATION
3007444;D600G, GAS MIGRATION CONTROL ADD
3007445;D620, GAS MIGRATION CONTROL ADD
3007446;D801, MID RANGE RETARDER
3007447;Servicio de Tapón de Cemento
3007448;Servicio de Cementación Remedial
3007449;RL-Mov/Demov a base
3007450;RL-DTM entre Pozos
3007451;Rig Less Servicio 24 hs
3007452;RL- Man lift c/op (Mes)
3007453;RL- Manip Telescopico c/op (Mes)
3007454;RL- Man lift c/op (dia)
3007455;RL- Manip Telescopico c/op (dia)
3007456;CT- Operación por  día
3007457;MANT CARTEL LIMAY c/4 meses
3007458;EPP MEX - Mascarilla desechable 3 capas
3007459;EPP Mascarilla KN95 sin válvula
3007460;ALQ. RAV4 4X4 AWD
3007461;NUEVO SERVICIO MANT PARQUES Y JARDINES
3007462;DIA ING AUTOMATIZACION-INSTRUMENTACION
3007463;DIA AYUD AUTOMATIZACION-INSTRUMENTACION
3007464;MOVILIZACION LINEAS
3007465;MOVILIZACION Y MONTAJE DE EQUIPOS
3007466;MOVILIZACION Y MONTAJE DE MULTIFASICO
3007467;EQ SEPARADOR SIN PERS, PILETAS O LINEAS
3007468;COLECTOR WT
3007469;MULTIFASICO ROXAR MPFM-2600 MVG
3007470;VASTAGO CERAMIZADO P/BOMBEO PETROLEO
3007471;VASTAGO CROMADO P/BOMBEO AGUA
3007472;EMPAQ ARAMIDA P/BOMBEO PETROLEO
3007473;"CAMISA 4"" C/REC DOBLE CROMO P/BOMBEO H2O"
3007474;"PISTONES 4"" P/BOMB PETROLEO CUERPO ACERO"
3007475;ASIENTO VALV ACERO BOMB STORK
3007476;EMP CAMISA BOMBA STORK 50/100
3007477;ARO METALICO CAMISA BOMBA STORK 50/100
3007478;Y14 - TRAT. Y DISP. FINAL - ETAPA 2
3007479;CADETERIA CINCO SALTOS
3007480;CADETERIA CATRIEL
3007481;JORNADA TRABAJO 2 INSTRUMENTISTAS 9 HS
3007482;Km Vehiculo Incluye Hs de Viaje y Viatic
3007483;TEC P/RELEV INCL VIATICOS,KM Y VEHICULO
3007484;JOR TECNICO P/HACER INFORMES
3007485;SE MONTAJE NODOS DE INYECCION
3007490;EQUIPO DE VACIO 9M3 LAV - MENSUAL 12HS
3007491;EQUIPO DE VACIO 9M3 - DIA 12HS - ON CALL
3007492;EQUIPO DE VACIO 9M3 - DIA 24HS - ON CALL
3007493;ACPC16539A
3007494;Suscripción licencia SSFF P&G Y Compensa
3007495;Suscripción licencia SSFF
3007496;SKID BES Químicos
3007497;Tarifa Base Reparación al 80%
3007498;JORNADA MAQUINA - CUTTING BASE AGUA
3007499;JORNADA BATEA - CUTTING BASE AGUA
3007500;MUESTRA - CUTTING BASE AGUA
3007501;sap cpi
3007502;Skid de dosificación rental BES
3007503;Porta cuponera + cupón Químicos BES
3007504;Instalación de cuponera Qcos. BES
3007505;PATRULLA DE VIGILANCIA
3007506;SUPERVISOR
3007507;COORD. DE CENTRAL OPERATIVA DE SEG
3007508;OPERADOR FIJO CENTRAL OPERATIVA DE SEG
3007509;OPERADOR ROT. CENTRAL OPERATIVA DE SEG
3007510;PERSONAL EVENTUAL
3007511;PATRULLA DE VIGILANCIA EVENTUAL 12HS
3007512;SERVICIO DE TESTING
3007513;REDETERMINACION TARIFAS POR FORMULA POLI
3007514;AISLACION Y TRACING DE GASOLINODUCTO BAT
3007515;CONEX ELECT DE TRACING EN EMC-11 Y BAT 1
3007516;OBRA CIV Y SOPORT PARA RUTEO CAÑ EMC-11
3007517;HS EXTRAS ING POR CAMBIOS PROYECTO
3007518;DIFERENCIA PULGADAS EJECUTADAS - A FAVOR
3007519;MOVIMIENTO DE SUELO - CONSTRUCCION SET
3007520;CONSTRUCCION PLATAFORMAS
3007521;DESPRESURIZACION GASODUCTO
3007522;ROTURA Y RECUPERACION PIG
3007523;PROV Y MONT SET TIPO 2 33/0,38 kV, 16KVA
3007524;PROV Y MONT LINEA AEREA 33KV, LONG 4000M
3007525;PROV Y MONT BT PREENSAMBLADO 0,4 KV, LON
3007526;MONT TABL ACOM LBT Y TABLERO VARIADOR AI
3007527;"Heavy Weight 4"" XT 39"
3007528;"Heavy Weight 4"" XT 39 - Transporte"
3007529;Rig Cloud Nabors
3007530;SE REP. VALV SEG VSE 4' S-150 TC
3007531;"VALVULA REGULADORA 2"" S600 T.B"
3007532;SE MANT VALV VTL 18'S150 T.A
3007533;"VALVULA DIAFRAGMA 2"" S600 RS 02-1888 T.C"
3007534;soporte técnico PRIMAVERA
3007535;soporte remoto  PRIMAVERA
3007536;Prov.Tubing Cap Inconel 625 1/4 ,36OD
3007537;Kit Reparacion Pack off
3007538;Prov valv de iny de fondo c/doble ch val
3007539;Kit Rep valv iny de fondo c/check valve
3007540;Provisón de barra de peso
3007541;Acc de instal de sup para 5k psi
3007542;SL - Cargo por supervisor
3007543;Renta de ecómetro
3007544;CUADRILLA SEG ELECTRONICA L A V 8 HS
3007545;REC SAL
3007546;Shiffting tool CAMISA CMD
3007547;Servicio Spooler
3007548;Wire Line Adapter Kit Herramientas
3007549;Cargo por movilización de Rig Less
3007550;Cargo por desmovilización de Rig Less
3007551;Stack de Válvulas bdp – 5 1/8” 5kpsi
3007552;Alquiler Tapón recuperable 5,5”
3007553;Km Unidad Bombeadora
3007554;Unidad de monitoreo de op. (Cement-Van)
3007555;De 301 metros a 600 metros
3007556;Por metro debajo de 300 mts
3007557;Tpte. Mat. a granel.tn x km (Base a Pozo
3007558;Servicio combinado
3007559;Cabeza Cem hasta 9 5/8”.Simple. x inst
3007560;Reducc.  9 5/8” a 2”
3007561;Regist pres, Q y dens. Cem Van x trab
3007562;AE-11 L
3007563;Colchón Aquaflush (Acuohumectante)
3007564;"Cemento Portland Clase ""A"""
3007565;Servicio Check Valve FB-2 Primer día
3007566;Servicio pescador por carrera Gas Lift
3007567;km Recirculador Batch Mixer
3007568;De 1.351 m a 1950 m
3007569;Por metro debajo de 1.350 metros
3007570;Tpte Liquidos. Por m3. por Km.
3007571;Prep. Colch.Lav. de 1.050 a 1.500g/dm3
3007572;Cabeza de Cem 5 1/2”. Simple. Por inst
3007573;Cargo básico Batch mixer.Prim 6 hs
3007574;AE-11
3007575;Clay Stab III
3007576;Colchón Aquaflush
3007577;Colchón Turboclean IV
3007578;FC-50
3007579;"SL - Válvula 1""  - Cabeza de Pesca"
3007580;"SL - Válvula 1"" - Filtro"
3007581;"SL - Válvula 1"" - Vastago 17-4PH"
3007582;"SL - Válvula 1"" - Vastago c/ap. tungsten"
3007583;"SL - Válvula 1"" - Resorte"
3007584;"SL - Válvula 1"" - Asiento 17-4PH"
3007585;"SL - Válvula 1"" - Asiento Tungsteno"
3007586;"SL - Válvula 1"" - Collet"
3007587;"SL - Válvula 1"" - Nariz"
3007588;"SL - Válvula 1"" - Resorte Retención"
3007589;"SL - Válvula 1""- Retención"
3007590;"SL - Válvula 1""- Empaquetadura 1"""
3007591;"SL - Válvula 1 1/2"" - Filtro"
3007592;"SL - Válvula 1 1/2"""" - Nariz"
3007593;"SL - Válvula 1 1/2"" - Separador Inferior"
3007594;"SL - Válvula 1 1/2""- Seguro retención"
3007595;"SL - Válvula 1 1/2"" - Seguro orificio"
3007596;"SL - Válvula 1 1/2""- Vastago 17-4PH"
3007597;"SL - Válvula 1 1/2""- Vastago mat.duro"
3007598;"SL - Válvula 1 1/2"" - Retén"
3007599;"SL - Válvula 1 1/2"" - Asiento 17-4PH"
3007600;"SL - Válvula 1 1/2""- Asiento carburo Tun"
3007601;"SL - Válvula 1 1/2""- Separador Superior"
3007602;"SL - Válvula 1 1/2"" - Resorte"
3007603;"SL - Válvula 1 1/2"" - Cilindro Retención"
3007604;"SL - Válvula 1 1/2"" - Esfera Retención"
3007610;"Análisis S.A.R.A P/HC D2007-11"""
3007611;"Det. ácido potenc. MétodoA D664-18"""
3007612;Análisis Visc.Rotac.20-30-40-60° D2196
3007613;Anál. Agua Congénita Stiff&Dav. API-RP45
3007614;SE REP. VALV MARIP 12'S300 T.C
3007615;SE REP. VALV SEG VSE 1 1/2' S-600 TC
3007616;SE REP. VALV SEG VSE 2' S-300 TC
3007617;VALV SEG VSE 1/2' S-300 TB
3007618;VALV SEG VSE 2 1/2' S-150 TB
3007619;SE REP. VALV SEG VSE 1/2' S-300 TC
3007620;SE CALIB VALV SEG VSE 2' S-900
3007621;SE REP. VALV TAP 3VIAS2.1/2'S150 T.C
3007622;MONT/DESMONT VALV TAP 3VIAS2.1/2'S150 TB
3007623;"SE MONT/DESMONT. VALV DIAF 2 1/2"" S600TB"
3007624;"SE REP. VALV DIAF 2 1/2"" S600 TC"
3007625;"Válvula esférica 12"" s600 TC"
3007626;SE REP. VALV ESCL 2.1/16'S5K T.C
3007627;SE REP. VALV RET 6'S150 T.C
3007628;SE REP. VALV RET 6'S300 T.C
3007629;SE REP. VALV RET 3'S150 T.C
3007630;SE REP. VALV RET 2 1/2 'S150 T.C
3007631;SE REP. VALV RET 4'S150 T.C
3007632;SE REP. CAJRED 30:1S-150 T.C
3007633;MONT/DESMONT VALV SEG VSE 1 1/2' S-600TB
3007634;"SE MONT/DESMONT. VALV DIAF 6"" S1500 T.B"
3007635;MONT/DESMONT. VALV SEG VSE 2' S-150 TB
3007636;SE REP. VALV SEG VSE 2' S-150 TC
3007637;SE REP. VALV RET 6'S900 T.C.
3007638;SE REP. VALV ARMA 2.7/8'S3K T.C
3007639;SE REP. VALV SEG VSE 2 1/2' S-600 TC
3007640;"SE REP. VALV DIAF 6"" S1500 T.C"
3007641;SE REP. VALV ESCL 2.9/16'S5K T.C
3007642;SE REP. VALV RET 3'S900 T.C
3007643;SE REP. VALV ESCL 6'S300 T.C
3007644;SE REP. VALV SEG VSE 2 1/2' S-300
3007645;MONT/DESMONT VLV SEG VSE 2 1/2' S600 TB
3007646;SE REP. VALV SEG VSE 3' S-150 TC
3007647;SE REP. VALV ESF 3'S600 T.C
3007648;SE REP. VALV ESCL 4'S150 T.C
3007649;SE REP. VALV ESF 4'S900 T.C
3007650;SE REP. VALV ESCL 2.9/16'S3K T.C
3007651;SE REP. VALV DIAF 2'S600 T.C
3007652;SE REP. VALV MARIP 6'S300 T.C
3007653;plan de monitoreo de sitios intervenidos
3007654;Inspección Nivel III-Tub producc 2 7/8”
3007655;Barnizado de Tubería de producción 2 7/8
3007656;Alq mensual Sensores de flujo
3007657;Instalación sensores de flujo
3007658;WL Conn Setup-FCS.510 Setup Charge Z713
3007659;WL Conn Setup-FCS.510 Setup Charge Z713
3007660;CAMBIO DE LECHO SULFATREAT EMC 2 - ELO
3007661;CAMBIO DE LECHO SULFATREAT EMC 3 - ELO
3007662;CONTROLADOR INT XPERT+ACCESORIOS
3007663;SE TELEVISIÓN SATELITAL - PACK FUTBOL
3007664;Informes/Estudios de la biodiversidad
3007665;CARGA+TRANSP+DISP+ACOND MATERIAL
3007666;SE NET INVOICING - PERIODO PRUEBA
3007667;HS VIAJE - ADICIONAL
3007668;Servicio de Ingeniero
3007669;Informe post-job
3007670;"Cemento Portland Clase ""G"""
3007671;FC-52L
3007672;IC-10
3007673;CORR11341A
3007674;KM adicional - Control Geológico
3007675;HORAS EXTRAS AL 50% - SERV TECNICOS
3007676;HORAS EXTRAS AL 100% - SERV TECNICOS
3007677;REC. SALARIALES - SANEAMIENTO Y LIMPIEZA
3007678;FRAC - VARIABLE ACUERDO OCT20
3007679;MONTAJE LINEA DE VENTEO
3007680;SERVICIO MPLS/BA
3007681;SERVICIO MPLS/NQN
3007682;SERVICIO INTERNET VICENTE LOPEZ
3007683;Metasilicato de Sodio
3007684;SA-21
3007685;SC-30 E
3007686;De 2.551 mts a 3.150 mts
3007687;Por metro debajo de 2.550 mts
3007688;"Reduccion p/cañeria 2 7/8"" a 2"""
3007689;FC-22
3007690;FT-4
3007691;De 0 metros a 150 mts
3007692;De 1.951 metros a 2.550 mts
3007693;Por metro debajo de 1.950 mts
3007694;De 3.151 mts a 3.750 mts
3007695;Por metro debajo de 3,151 mts
3007696;Un Transp Frac/Bombeador
3007697;Kilometraje U. Hidratación
3007698;Un.Tpte Mezcladora, N2 o Compu Van, c/u
3007699;Unidad Transporte Arenero mayor 800 saco
3007700;U. Transp con cap. hasta 1000 kg.
3007701;U tranp con cap hasta 3500 kg
3007702;Tanques, Cisternas,Piletas para tratam,
3007703;Kilometraje Trailer para personal
3007704;Vol.de tratam en exc.20 m3. 1ros. 20 m3
3007705;Por HHP. 0-5000 psi. Primeras 4 hs
3007706;BLENDER. 0-45 bpm. Primeras 4 hs, por un
3007707;UN.HIDRATACION. Primeras 4 hs, por unid
3007708;Bbeo. Arena o agente de sostén 10/20
3007709;CABEZA DE FRACTURA. Por trabajo
3007710;FRAC VAN o UNIDAD DE ADQUISICIÓN DE DATO
3007711;Cargo vol. 70 m3 o más, prim 24 hs. o fr
3007712;BioBreaker
3007713;GelMax OTF-G
3007714;Kill 13 (bactericida)
3007715;Superperm 5
3007716;Arena Unimin 16/30
3007717;AUTOBOMBA X 12HS
3007718;AUTOBOMBA X HORA
3007719;SE ULT MILLA ARENA - SAND CUBE
3007720;MODEL UPDATE  Aqueon
3007721;MONT/DESMONT. VALV SEG VSE 1' S-300 TB
3007722;MONT/DESMONT. VALV SEG VSE 3' S-300 TB
3007723;SE REP. VALV SEG VSE 3' S-300 TC
3007724;SE REP. VALV DIAF 4'S900 T.C
3007725;SE MONT/DESMONT. VALV DIAF 4'S300 T.B
3007726;SE MANT CAJRED 80:1S-900 T.A
3007727;SE MANT CAJRED 50:1S-600 T.A
3007728;SE CALIB VALV SEG ARE 3' S-150
3007729;MONT/DESMONT. VALV SEG VSE 2' S-600 TB
3007730;SE CALIB VALV SEG VVE 24' S-150
3007731;SE REP. VALV SEG VSE 3/4' S-150 TC
3007732;BARRAS ACIDAS
3007733;AJUSTE CERTIFICACION
3007734;MONT/DESMONT VLV SEG VSE 3/4' S-150 TB
3007735;MONT/DESMONT. VALV SEG VSE 3' S-150 TB
3007736;SE REP. VALV SEG VSE 1' S-600 TC
3007737;ENLACE BACK UP 30 MBPS ENTRE LOMAS
3007738;ENLACE BACK UP 30 MBPS BORDE MONT
3007739;ENLACE BACK UP 30 MBPS MEDANITO
3007740;ENLACE BACK UP 30 MBPS MEDANITO
3007741;Kilometraje de CTU 2in
3007742;cargo por Vol de soluc. empleada.
3007743;<500HHP. Primeras 4 horas
3007744;UN. Sobrealim. prim 4 horas
3007745;ACIDOS. 20 m3, primeras 24 hs. o fracc
3007746;Kilometraje grúa
3007747;Cargo básicos por 10hs CTU 2in
3007748;Cargo básicos por 10hs CTU 2in
3007749;Cargo por Hora adicional CTU 2in
3007750;Cargo básico Bbeo Primeras 4hs o fracc
3007751;"hora adic Bbeo desp primeras 4 hs(2"")"
3007752;Conexión a boca de pozo
3007753;Choke Manifold c/porta orific h 10kpsi
3007754;Uso de tubería, op. no corrosiva, CTU 2
3007755;Goma Empaq,Min 1P/pozo, CTU 1 3/4 y 2in
3007756;Empaquetadura de Giratorio, por op.
3007757;"Lubricador espac. 7 1/16""-10 kpsi M*dia"
3007758;"BOP cuadruple 4 1/16"" 10 kpsi, x día"
3007759;Doble Valvula Check, por operación
3007760;Montaje/Desmontaje de trailer
3007761;Supervisor adicional (Hs.)
3007762;Ops. Adic. Tubería Continua o Equipo N2
3007763;Ops. Adic. Equipo bombeador o grúa (Hs.)
3007764;Gelificante, por kg.
3007765;Buffer III, por kg.
3007766;LimpExt c/maq. rodillos cruzados
3007767;Proyecto gestión documental
3007768;PRUEBA HIDRA Y RECARGA DE EQ EXT INCENDI
3007769;Equipamiento Tecnología Seguridad (MX)
3007770;REC ADICIONAL
3007771;Stand By Registros - por hora
3007772;Stand By Registros - por día
3007773;Análisis de Azufre (% peso)
3007774;Análisis de Gravedad API
3007775;Contenido de SAL en crudo (%Vol)
3007776;Contenido de AGUA en crudo (%Vol)
3007777;Análisis de viscocidad SSU
3007778;Análisis PIONA
3007779;Análisis de agua rutinario (Stiff)
3007780;Perfil cemento CBL/VDL Cargo Registro
3007781;REC ADICIONAL
3007782;EQ ALTO VACIO (VACTOR) C/CUAD - DIA 12HS
3007783;EQ VACTOR C/CUAD STBY - DIA 12HS
3007784;TTE LIVIANO CUADRILLA - KM
3007785;BOMBEO QUIM A POZO - BACTERICIDA NBTH50
3007786;EMBR12046C
3007787;Servicios profesionales Aqueon
3007788;Extras consultoría de Seguridad Corp
3007789;FRAC - Cargo dif. Hydropool
3007790;Bono Acuerdo Sindical SAPEP
3007791;Trailer para personal - Cargo diario
3007792;Ácido cítrico
3007793;Ecosol-300
3007794;IC-10
3007795;R-S
3007796;SERVICIO DE RIGLESS - CARGO DIARIO 12 HS
3007797;De 1351 a 1950 m
3007798;Por metro debajo de 1350 m
3007799;Registro Desviación - Cargo Profundidad
3007800;Registro Desviación - Cargo registro
3007801;ALQUILER LEXMARK CX-622
3007802;Servicio Técnico - Ingeniero FULL TIME
3007803;Servicio Técnico - 2do. Ing. FULL TIME
3007804;SE monitoreo anillos corrosión
3007805;Rental Motocompresor APO
3007806;Rental Motocompresor TPF #2
3007807;Arena Patagónica
3007808;Arena Nacional Malla 16/30
3007809;Líquidos. Cargo mínimo
3007810;AE-1520
3007811;Colchón SAC 10 A
3007812;Colchón Sure Clean (Químico)
3007813;SGS 500 L
3007814;SERV PAD 50 PERF 5607
3007815;REC.S SALARIALES SERV. REP DE TANQUES
3007816;MED - COMEDOR FIJO MANO DE OBRA
3007817;MED - COMEDOR VALOR UNITARIO
3007818;MED - INSUMOS DIARIOS
3007819;MED - LIMPIEZA FIJO
3007820;MED - INSUMOS VARIOS EXTRAS
3007821;ELO - COMEDOR FIJO MANO DE OBRA
3007822;ELO - COMEDOR VALOR UNITARIO
3007823;ELO - INSUMOS DIARIOS
3007824;ELO - LIMPIEZA FIJO
3007825;ELO - INSUMOS VARIOS EXTRAS
3007826;BMO - COMEDOR FIJO MANO DE OBRA
3007827;BMO- ALMUERZOS/CENAS
3007828;BMO-DESAYUNOS/MERIENDAS
3007829;BMO - LIMPIEZA FIJO
3007830;BMO-INSUMOS EXTRA COMEDOR (VARIABLE)
3007831;CAN - COMEDOR FIJO MANO DE OBRA
3007832;CAN - COMEDOR VALOR UNITARIO
3007833;CAN - INSUMOS DIARIOS
3007834;CAN - LIMPIEZA FIJO
3007835;CAN - INSUMOS VARIOS EXTRAS
3007836;MED - SE MANT PARQUES,JARDINES
3007837;Traslado en Vehículos Livianos
3007838;Especialista de Well Control nivel 1
3007839;Operador Senior de herramientas Nivel 1
3007840;Operador de herramientas y equipos Niv1
3007841;Well control Tool Box
3007842;"Esférica de 2"" 5000 psi"
3007843;Motosoldador BOBCAT Mod. Miller 250
3007844;MIGRACIÓN VMWARE
3007845;SE REP. CAJRED 50:1S-150 T.C
3007846;SE MONT/DESMONT. VALV SEG VSE 1' S150 TB
3007847;ADICIONAL EXTRAORDINARIO
3007848;SL - LIH (herramientas perdidas)
3007849;Alquiler Grua 80 Tn hr diurna
3007850;Alquiler Grua 80 Tn hora nocturna
3007851;Cargo Admin SESA
3007852;Cargo Admin EM 3013
3007853;SECADO DE ARENA FRACTURA
3007854;servicios de operador de pozo
3007855;REC SAL
3007856;AGUA TRANSFERIDA - PRIMER MILLA
3007857;ADICIONAL EXTRAORDINARIO
3007858;AGUA TRANSFERIDA - ULTIMA MILLA
3007859;Consultoria plan de actualización y   re
3007860;Fijacion Tapon-Cargo Profundidad
3007861;Fijacion Tapon - Carga Lenta
3007862;Transportation Safety Valves
3007863;MANTAS OLEOFILICAS NUEVAS
3007864;MANTAS OLEOFILICAS REUTILIZABLES
3007865;ASISTENCIA A LOCACION - MANTAS
3007866;TRANSPORTE Y DISPOSICION FINAL - MANTAS
3007867;MOVIMIENTO SUELOS - PASIVOS AMBIENTALES
3007868;gerencia de servicio sap soporte
3007869;Consultor Senior (FI-CO)
3007870;Consultor Junior (FI-CO)
3007871;Consultor Semi Senior (MM)
3007872;Consultor Semi Senior (SD)
3007873;Basis & Seguridad Semi Senior
3007874;Programador ABAP Junior
3007875;Guardia Pasiva Días Hábiles
3007876;Guardia Pasiva Días Sábados, Domingos y
3007877;MESA DE AYUDA (NIVEL 1)
3007878;OBRA DUCTO GL DE TPF A LTI
3007880;HORAS EXTRAS
3007881;HORAS EXTRAS
3007882;TRANSPORTE DE PERSONAL MEDANITO
3007883;PROVISION DE AGUA MEDANITO
3007884;DESARRAIGO
3007885;MAQUINADO DE ROSCA 2 7/8” 8HRR EUE
3007886;MAQUINADO DE ROSCA 2 7/8” VANTOP
3007887;EQ VACTOR C/CUAD - HORA ADIC
3007888;EQ VACTOR - MOVILIZACION
3007889;EQ VACTOR - TTE BARROS
3007890;TTE VEHICULO LIVIANO - KM
3007891;EQ VACTOR C/OPER Y AYUDTE - DIA
3007892;Servicio Abono marcado especial *333
3007893;Servicio variable*333
3007894;Serv. Transporte Pesado
3007895;Complemento 50% pago inicial
3007896;Cargo adic. a los 5 primeros dias
3007897;SE Validación Judicial Méx
3007898;ASISTENCIA EN DTM - VACIO Y TRAS PTEC
3007899;Implementación marcado especial *333
3007900;FLETE VEHICULOS ALQUILADOS
3007901;Cargo adicional Eq de presion
3007902;Reconocimientos salariales Pala cargador
3007903;REPARACION MOTOR ELECTRICO
3007904;"HT 9/16"" en tubular 1""de 4,5"" c/montura"
3007905;"Alquiler de montura tubular 1"" de 4,5"""
3007906;Ajuste de conexión bridada 5 bridas
3007907;"Válvula de 2"" 2M + Niple 2"""
3007908;Crimpeadora y/o cortador de tubing
3007909;"Prov de Tapón Reperf Al mod NTH 2 7/8"""
3007910;"Prov de Tapón Reperf Al mod NTH  de 7"""
3007911;"Prov de Tapón Reperf Al mod CRH  de 7"""
3007912;"CB x ST Hid. SCRH  de 5"" a 9 5/8"" p. 96h"
3007913;"Adic. ST Hid. SCRH de 5""a 9 5/8""desp96hs"
3007914;CB x STINGER para Cem x las prim 96 h
3007915;Adic. STINGER para Cem por las prim 96 h
3007916;CB x  WL ADAPTER KIT  por las prim 96 hs
3007917;Adic WL ADAPTER KIT  x las prim 96 hs
3007918;C x Serv de OPERADOR
3007919;Cargo por Transp UN LIV por KM
3007920;Cargo por Serv de Transp UN PESADA
3007921;Cargo por Serv de TRANSP PESADO
3007922;SEC TBG HEAD ASSY, TCM-ET 7 DBL FS/BG BT
3007923;SEC TBG HEAD ASSY, TCM-ET 7 DBL FS/BG BT
3007924;SERV INSTALACION INCL PERSONAL Y HTAS
3007925;"TR 9-5/8"" 36# K55 TXP-BTC"
3007926;"TR 7"" 23# K55 LTC"
3007927;"TP 2-7/8"" 6.4# J55 EUE"
3007928;"Varillas de bombeo 1"""
3007929;ADIC POST FRAC SERV BOMBEO COMB X 12HS
3007930;"CB Tpn Rec TPR-1 de 7"" 20-32 lb/ft inc P"
3007931;"CB /Pkr Rec TKR-1 de 7"" 20-32 lb/ft, <10"
3007932;"C ADIC Tpn Rec TPR-1 de 7"" 20-32 lb/ft i"
3007933;"C.ADIC Pkr Rec TKR-1 de 7"" 20-32 lb/ft,"
3007934;Aqua Free E
3007935;RFW-2
3007936;SC-25
3007937;Cargo administrativo (15%)
3007938;SE MTO CORRECTIVO MANIPULADOR
3007939;SERVICIO NUBE MICROSOFT
3007940;STAND-BY C/PERSONAL EN POZO
3007941;ADICIONAL KM EXCEDENTE (+30KM)
3007942;INTERVENCION POZO - MANIOBRA EXITOSA
3007943;Formiato de potasio densidad 1.57
3007944;FORMIATO DE POTASIO
3007945;"Rod Lock FF 7 1/16"" #3000x3 1/8"""
3007946;Cabezal de PCP (DH) Cap Axial 9 Tn
3007947;Bba PCP Insertable NTZ 278x100ST20
3007948;"Pieza Anti torque p/bba inser 2 7/8"""
3007949;Bba tubular PCP NTZ 2400x100ST62
3007950;"Pieza Anti torque p/bba tub 2 7/8"""
3007951;Cargo Profundidad  Punzado
3007952;"Cargo Metro Cañon 3 3/8"""
3007953;Cargo por TIRO carga 22.7 gr ( TC25R)
3007954;Suscripción licencias scada anual
3007955;Servicio satelital vista cammesa mensual
3007956;InstalacióServ.  satelital vista cammesa
3007957;Servicio satelital vista cammesa mensual
3007958;Router Mikrotik modelo 951
3007959;teléfono Ip Marca Yealink 1192 EP
3007960;SE Asesoramiento Laboral MEX
3007961;TRANSPORTE DE TANQUES
3007962;MANTENIMIENTO HARDWARE
3007963;CAMION REGADOR ON-CALL
3007964;CUOTA ANUAL
3007965;Consumo Gas Combustible FONDO FID.
3007966;PAGO DIFERENCIAS ACUERDO
3007967;"Servicio de Corte en Frio P/CSG 9 5/8"""
3007968;REC. SALARIALES BONOS EXTRAORDINARIOS
3007969;MONTAJE EN POZO BMo-04
3007970;MONTAJE EN BATERIA 1 BMo
3007971;SERV MANT PREVENTIVO AA ELO
3007972;SERV DECANTES ADICIONAL
3007973;SERV MANT PREVENTIVO AA Medanito
3007974;SERV MANT EMERGENCIA L a V desde 17hs
3007975;PROV ARENA FRACTURA GRANEL
3007976;PROV ARENA FRACTURA BIGBAG
3007977;Cargo Basico Equipo Varillero
3007978;Hora Adicional de Eq. Varillero
3007979;Serv. Disponibilidad Eq Varillero
3007980;Servicio de Fluido para ctl de pozo
3007981;Servicios e Presa metálica
3007982;Servicio Sanitario hasta 2 días
3007983;Servicio Sanitario por día adicional
3007984;"Insert pump anchor 2 7/8"""
3007985;Bomba insertable 25-175 RHBM
3007986;"Sumin. Valv. 2"" Contrapresion"
3007987;Reparación Integral Vernet 293
3007988;Reparación Integral Vernet 297
3007989;Reparación Integral Vernet 43
3007990;Reparación Integral Vernet 260
3007991;Movilización Equipo de WO
3007992;Servicios de mejora sobre EMC
3007993;Rental de unidades MC 1680 hp
3007994;Rental de unidades MC 1480 hp
3007995;Mantenimientos mayores TOP L7042G
3007996;Mantenimientos mayores OVH L7042G
3007997;Mantenimientos mayores TOP 3514GSI
3007998;Provisión repuestos equipos en servicio
3007999;Provisión repuestos equipos en reserva
3008000;Aceite y refrig. p/EMC equipos servicio
3008001;Aceite y refrig. p/EMC equipos reserva
3008002;Repuestos para servicios auxiliares
3008003;Glicol EMC´s
3008004;O&M One Team Compresión
3008005;Bajante
3008006;Flow Control Carrera + Primer día
3008007;Flow Control día adicional
3008008;Pescador
3008009;SERVICIO JARDINERIA + QUINCHO
3008010;Campaña de recolección de semillas 20/21
3008011;Slick Line mensualizado
3008012;Slick Line mensualizado FM
3008013;Slick line Carga OW
3008014;SL MPLT / Operador / Hta./Interpretación
3008015;SL ILT / Operador / Hta./ Interpretación
3008016;SL Cáliper metro adicional (2000 a 3000)
3008017;SL Cáliper metro adicional + 3000 mts
3008018;SL Limpieza y reparación memory collect
3008019;SL Envío a proveedor para calibración
3008020;Consul Sr Cumplim sox y GRC + Cibersegur
3008021;SERVICIO TELEMETRIA DE TANQUES
3008022;Consultoria Sr para Soporte nivel 2/3 ci
3008023;Consultoria S. SR Servicio de ABM Usuari
3008024;Bienes Distintos a la Tierra (BDTs) MX
3008025;C. Basico TF 1 1/2 o 1 3/4 C/Htas 12 hs
3008026;Unid TF hora adic
3008027;Serv. Basico de N2 (5,500 m3)
3008028;Frac Tanks para disposición f.
3008029;Transp Tanks
3008030;Retiro de residuos
3008031;Concentrado para Prep Gel Lineal
3008032;"Fabricación crossover 2 7/8"" 8HRR EUE"
3008033;"Destorqueo y corte couple 2 7/8"""
3008034;"TEND LIN COND EN ACERO CARB SOTE 3"" Y 6"""
3008035;"TEND LIN COND EN ACERO CARB SOT 8"" Y 12"""
3008036;PROVISION CERCO PERIM PARA INST TIPICAS
3008037;PUERTA DE ACCESO DE 2 HOJAS X 6M DE ANCH
3008038;PUERTA DE ACCESO DE 1 HOJA X 1,2 M ANCH
3008039;PROVISION CERCO PERIM TIPICO EQ AIB
3008040;TRANSP MATERIAL CAMION C/HIDRO C/CHOFER
3008041;JORNADA GRUA 80TN (INCL MOV Y DESMOV)
3008042;JORNADA GRUA 60TN (INCL MOV Y DESMOV)
3008043;JORNADA GRUA 120TN (INCL MOV Y DESMOV)
3008044;MOV Y DESMOV GRUA 80TN
3008045;MOV Y DESMOV GRUA 120TN
3008046;MANIP TELESCOP JLG 0 A 30 MTS ALT
3008047;MOV/DESM MANIP TELESCOP JLG 0 A 30 M ALT
3008048;Instal/retiro de Valv.contrapres. tipo H
3008049;"Sucker Rods 7/8"" 25FT D4142"
3008050;"Pony Rods 7/8"" 2FT D4142"
3008051;"Pony Rods 7/8"" 4FT D4142"
3008052;"Pony Rods 7/8"" 6FT D4142"
3008053;"Pony Rods 7/8"" 8FT D4142"
3008054;"Coupling 7/8"" T(8630) FS"
3008055;PUP JOINT 9 5/8 36 TXP/BTC K55
3008056;PUP JOINT 7 23 LTC K55
3008057;PUP JOINT 2 7/8 6,5 EUE J55
3008058;Alquiler diario hta. limpieza pozo 2 7/8
3008059;GAS OIL LUMINARIAS - ADICIONAL
3008060;VARIOS WT
3008061;HORA ADICIONAL MANTEN  LICENCIA SOFTWARE
3008062;Torqueo de Brida(C. Basico 8 hs)
3008063;MANT HIGROMETRO ONLINE PUENTE MEDICION
3008064;MANT TOMAMUESTRA AUTOMATICO PM
3008065;REC.S SALARIALES SERV. CONSTRUCCIONES
3008066;DESARRAIGO por DIA Con vianda adi inclui
3008067;Software para el servidor Base Enterpris
3008068;DESARRAIGO por DIA Con vianda adi inclui
3008069;LicenseAnalyzer2020 Nivel 1
3008070;SE REC SALAR/MAYORES COSTOS
3008071;TOMA DE MUESTRA - BAILER 1L
3008072;TOMA DE MUESTRA - BAILER 0,2L
3008073;COMPRA AUTOMOVIL CORPORATIVO
3008074;"ORIFICIO CALIB CORTO 2""x10HPP(36/64"")"
3008075;"ORIFICIO CALIB CORTO 2""x10HPP(40/64"")"
3008076;"ORIFICIO CALIB CORTO 2""x10HPP(50/64"")"
3008077;Lin base arq palen y soc sensi y capa AM
3008078;Lin base soc antr arq y pale BDP OESTE
3008079;Bomba BES Succión lodo en bodega
3008080;Espumígeno ESB 9846
3008081;SERV SOP N1 YN2 OPEN WELLS 1/2FTE
3008082;ADICIONAL DIFERENCIAS TARIFAS
3008083;DESMOVILIZACION
3008084;BMO - CAMBIO DE DIAGRAMA
3008085;BMO - INCORPORACION DE PERSONAL
3008086;BMO-PERSONAL COCINA PERNOCTE
3008087;CUOTA BONO MENSUAL CCT 40/89
3008088;Km Trailer para personal
3008089;Transporte Granel. Cargo mínimo
3008090;Mat Env.(mín30 km). Líq. Por m3. por km
3008091;Mat. Env.(mín 30 km).Líquidos.Cargo mín
3008092;Reducc para cañería de 5 1/2” a 2”
3008093;Reducc para cañería de 7” a 2”
3008094;Cement Van, por etapa
3008095;Equipos de Adq Datos Portable, por et
3008096;C Prof. 1er Et. x Un. B. De 151 a 300 m.
3008097;C Prof. 1er Et. x Un. B. x m.deb de 150m
3008098;C Prof. 1er Et. x Un.B. De 601 m a 900 m
3008099;C Prof. 1er Et. x Un.B. x m. deb de600m
3008100;CProf. 1er Et. x Un.B.De 901m a 1.350m
3008101;C Prof. 1er Et. x Un.B. x m deb de 900 m
3008102;LOGIC DESIGNER LICENCE P/PLC-RTU STARDOM
3008103;FIELDMATE MGMT WIZARD FSA111-S11/B
3008104;FEE MENSUAL Semi Sr L a viernes 8 a 17
3008105;hora extra 50%Semi Sr SharePoint+Poweapp
3008106;hora extra 100% Semi Sr Sharepoint power
3008107;SR-2
3008108;SR-6
3008109;SGS-500L
3008110;Silicato de Sodio
3008111;C Prof. Et Sgte.xUn. B.De 0 a 150 m
3008112;C Prof. Et Sgte. x Un. B. De 151 m a 300
3008113;C Prof. Et Sgte. x Un. B.x m deb de 150m
3008114;C Prof. Et Sgte. x Un.B.De 301 m a 600m
3008115;C Prof. Et Sgte. x Un.B. x m deb de 300m
3008116;C Prof. Et Sgte. x Un.B.De 601m a 900m
3008117;C Prof. Et Sgte. x Un.B.x m deb de 600m
3008118;C Prof. Et Sgte.xUn.B.De 901m a 1.350m
3008119;C Prof. Et Sgte. x Un.B.x m deb de 900 m
3008120;C Prof. Et Sgte.xUn.B.De 1.351m a 1.950m
3008121;DESMALEZADO INCL PERS C/MOV, COMB Y HERR
3008122;Conforme a obra (As Built)
3008123;C Prof.Et Sgte.x Un.B.xm.deb de 1.350m
3008124;C Prof.Et Sgte.xUn.B.De1.951m a 2.550m
3008125;C Prof. Et Sgte. x Un.B.x m debde 1.950m
3008126;C Prof.Et Sgte.xUn.B.De2.551m a 3.150m
3008127;C Prof. Et Sgte.x Un.B.x m deb de 2.550m
3008128;Kilometraje de CTU 1 1/2in
3008129;C. por montaje y desm.CTU 1 1/2in
3008130;Cargo básicos por 10hs CTU 1 1/2in
3008131;Cargo por Hora adic. CTU 1 1/2in
3008132;C. por montaje y desm CTU 2in
3008133;"C. básico Bbeo Prim 4hs o fracc -1 1/2"""
3008134;"C.x adic Bbeo desp prim 4hs-1 1/2"""
3008135;"C.xhora ad Bbeo desp de las prim 4hs-2"""
3008136;C B un mezcl Prim 4hs(indep de Unid.Cem)
3008137;Por hora subsiguiente Unidad Mezc
3008138;Uso de tubería,op no corros, CTU 1 1/2
3008139;Uso de tubería,op corros/Erosiva,CT 11/2
3008140;Gastos de flete y formulario autos corp.
3008141;Rec may Ctos
3008142;"C por ciclo,c/fluido corr/erosivo CTU2"""
3008143;"Goma Empaq,mín una/pozo,CT 1 1/4 y1 1/2"""
3008144;"Goma Empaq, mín una/pozo, CTU 1 3/4 y 2"""
3008145;"BOP cuadruple 3 1/16"" 10 kpsi, x día"
3008146;"Lubric.espac. 4 1/16"";10kpsi[M*DIA]"
3008147;Generador Eléctrico
3008148;Ops. Adic. Tubería Continua o Eq N2
3008149;Drill Max Gel, por litro.
3008150;Ops. Adic. Equipo bomb/grúa(Hs)
3008151;R5, por KG
3008152;Espumante, por litro
3008153;Ecosol-100 (Ecológico), por litro
3008154;Citrisol, por litro
3008155;EcoAcidsol, por litro
3008156;Solv Aromático-Solw 45(Tolueno),por L
3008157;Parasol, por litro
3008158;"Inhibidor de corrosión; por litro."
3008159;Gelificante para acido GA-15
3008160;Cargo por Mov entre pozos mismo Yac
3008161;Cargo Generador eléctrico Adic.
3008162;Torque.Transp a pozo por Km recorrido
3008163;Torque. Hora adicional > 8h
3008164;C.B.x unid criog de bbeo N2. Prim 4horas
3008165;C x hora adic de bbeo N2 x hora
3008166;Cargo por enfriamiento.Cargo unit.
3008167;C B por Cisterna Criogénica, prim 4hs
3008168;Cargo por hora adic de Cist Criogénica
3008169;Eq criog N2 a dispos del cliente,por hr
3008170;Cist de N2 a disp del cliente,por hr
3008171;Montaje/Desmontaje de trailer
3008172;Ops. Adic. Equipo N2
3008173;"Equipo Cisterna de Nitrógeno; por km"
3008174;Relevamiento Vegetacion - rescate y tras
3008175;Banco de germoplasma
3008176;LIDER - Hon. Profesionales
3008177;INGENIERO SR. SIMULACIÓN Hon.Prof.
3008178;INGENIERO SEMI SR. - Hon. Prof.
3008179;INGENIERO JR. por hora - Hon. Profesion.
3008180;GEOLOGO SR.  Geomodelador - Hon.Prof.
3008181;ADMINISTRATIVO - Hon. Profesionales
3008182;DIFERENCIA TARIFAS
3008183;FEE MENSUAL WT SHELL
3008184;Km U Pesada transp de pileta /otro,vacio
3008185;C. por pileta retorno de 40m3 por dia
3008186;Carreton Grua
3008187;lavado con vapor lineas por metro lineal
3008188;ADICIONAL
3008189;Relevamiento, Ing, configur, Inst, PEM,
3008190;JORNADA DE AUDITORIA
3008191;SERVICIO BOMBEO DE PQ
3008192;Análisis semicuant. Dif.RayosX PE-FP-059
3008193;Distrib.Tamaño partículas retenido 4-200
3008194;Manlift
3008195;IMPLEMENTACION SAP ALUVIONAL Y ALEPH
3008196;HS EXTRAS PERSONAL - ADICIONAL
3008197;SERVICIOS ADICIONALES
3008198;hora de viaje
3008199;Obras varias (volunt MEX)
3008200;COMPRA PLANTA TPF
3008201;SE ANÁLISIS DE FALLAS EJES
3008202;FT-4
3008203;Alquiler Diario de trailer habitacional
3008204;Movilización de Trailer Habitacional
3008205;Proyecto logistica arena Fijo
3008206;Proyecto logistica arena Variable
3008207;ALQUILER LUMINARIA
3008208;DESMOVILIZACIÓN LUMINARIA
3008209;ALQUILER PILETAS
3008210;DESMOVILIZACION PILETAS
3008211;"Varillas Pulidas 1 1/4"""
3008212;CANON USO Y APROV AGUAS
3008213;Abono mensual Trbonet  Movil Android
3008214;TARIFA DIARIA - INGENIERO DE PROYECTO
3008215;TARIFA MENSUAL - INGENIERO DE PROYECTO
3008216;TARIFA DIARIA - ACTIVADOR DE COMPRAS
3008217;TARIFA MENSUAL - ACTIVADOR DE COMPRAS
3008218;TARIFA DIARIA - ING ESP EN INSTR Y CONTR
3008219;TARIFA MENS - ING ESP EN INSTR Y CONTR
3008220;TARIFA DIARIA - ING ESPECIALISTA ELECTRI
3008221;TARIFA MENSUAL - ING ESPECIALISTA ELECTR
3008222;TARIFA DIARIA - ING ESPECIALISTA MECANIC
3008223;HORA INGENIERIA (ING SEMI SR O SR)
3008224;TARIFA DIARIA - SUPERVISOR MECANICO
3008225;HORA INGENIERIA EN CAMPO-ING SEMI SR/SR
3008226;TARIFA MENSUAL - SUPERVISOR MECANICO
3008227;TARIFA DIARIA - SUP ELECT E INSTRUMENTOS
3008228;HORA INGENIERIA EN CAMPO PARA ENSAYOS
3008229;TARIFA MENSUAL - SUP ELECT E INSTRUMENT
3008230;TARIFA DIARIA - SUPERVISOR DE CAÑERIAS
3008231;TARIFA MENSUAL - SUPERVISOR DE CAÑERIAS
3008232;TARIFA DIARIA - SUP DE PRECOM, COM Y PEM
3008233;HORA TECNICO ESP CAMPO SIN EQUIPAM
3008234;TARIFA MENSUAL - SUP PRECOM, COM Y PEM
3008235;TARIFA DIARIA - SUPERVISOR DE CALIDAD
3008236;HORA TECNICO ESP CAMPO CON EQUIP P ENSAY
3008237;TARIFA MENSUAL - SUPERVISOR DE CALIDAD
3008238;TARIFA DIARIA - SUPERVISOR DE HSE
3008239;TARIFA MENSUAL - SUPERVISOR DE HSE
3008240;TARIFA DIARIA - SUP MECANICO (DOM Y FER)
3008241;TARIFA DIARIA - SUP ELEC E I (DOM Y FER)
3008242;VIATICOS Y MOVILIDAD 1 PERS MED ELO BDP
3008243;TARIFA DIARIA - SUP CAÑERIAS (DOM Y FER)
3008244;TARIFA DIARIA - SUP PRECOM,C (DOM Y FER)
3008245;VIATICOS Y MOVILIDAD 2 PERS MED ELO BDP
3008246;TARIFA DIARIA - SUP CALIDAD (DOM Y FER)
3008247;TARIFA DIARIA - SUPERV HSE (DOM Y FER)
3008248;TARIFA DIARIA - MOVILIDAD
3008249;TARIFA MENSUAL - MOVILIDAD
3008250;GASTOS REEMBOLSABLES
3008251;HORA INGENIERIA (ING SEMI SR O SR)
3008252;FRUTAS DE ESTACION
3008253;GELATINAS CLASICAS Y LIGTH
3008254;YOGURES FIRMES VARIOS
3008255;BARRA DE CEREALES VARIAS
3008256;JUGO NATURALES NARANJA Y MANZANA
3008257;JUGO BAJA CALORIA SABORES VARIOS
3008258;PULPA DE FRUTA NATURAL
3008259;BARRA DE ARROZ
3008260;SNACK DE ARROZ
3008261;ALFAJORES SIMPLES
3008262;ALFAJORES TRIPLES
3008263;GALLETAS DE SEMILLAS
3008264;GALLETAS CLASICAS PAQUETE
3008265;GALLETAS CLASICAS BOLSA
3008266;GASEOSAS
3008267;AGUAS SABORIZADAS
3008268;VARIEDAD DE SANDWICHES
3008269;MIX DE FRUTOS SECOS
3008270;BEBIDA CALIENTES (CAFE)
3008271;Stand By Nitrogenero
3008272;conexion a boca de pozo
3008273;HORAS GTE PROYECTO GENERAL
3008274;HORAS GTE TECNICO GENERAL
3008275;HORAS ESPECIALISTA GENERAL
3008276;HORAS DIBUJANTE CAD 2D / 3D SENIOR
3008277;HORAS DIBUJANTE CAD 2D / 3D JUNIOR
3008278;HORAS AUXILIAR ADMINISTRATIVO
3008279;HORAS LÍDER DE ESPECIALIDAD PROCESOS
3008280;HORAS INGENIERO SENIOR PROCESOS
3008281;HORAS INGENIERO JUNIOR PROCESOS
3008282;HORAS LÍDER DE ESPECIALIDAD MECANICA
3008283;HORAS INGENIERO SENIOR MECANICA
3008284;HORAS INGENIERO JUNIOR MECANICA
3008285;HORAS PROYECTISTA SENIOR MECANICA
3008286;HORAS PROYECTISTA JUNIOR MECANICA
3008287;HORAS LÍDER DE ESPECIALIDAD PIPING
3008288;HORAS INGENIERO SENIOR PIPING
3008289;HORAS INGENIERO JUNIOR PIPING
3008290;HORAS PROYECTISTA SENIOR PIPING
3008291;HORAS PROYECTISTA JUNIOR PIPING
3008292;HORAS LÍDER DE ESPECIALIDAD ELECTRICO
3008293;HORAS INGENIERO SENIOR ELECTRICO
3008294;HORAS INGENIERO JUNIOR ELECTRICO
3008295;HORAS PROYECTISTA SENIOR ELECTRICO
3008296;HORAS PROYECTISTA JUNIOR ELECTRICO
3008297;HORAS LÍDER DE ESPECIALIDAD INSTRUMENTAC
3008298;HORAS INGENIERO SENIOR INSTRUMENTACIÓN
3008299;HORAS INGENIERO JUNIOR INSTRUMENTACIÓN
3008300;HORAS PROYECTISTA SENIOR INSTRUMENTACIÓN
3008301;HORAS PROYECTISTA JUNIOR INSTRUMENTACIÓN
3008302;HORAS LÍDER DE ESPECIALIDAD CIVIL / CONS
3008303;HORAS INGENIERO SENIOR CIVIL / CONSTRUCC
3008304;HORAS INGENIERO JUNIOR CIVIL / CONSTRUCC
3008305;HORAS PROYECTISTA SENIOR CIVIL / CONSTRU
3008306;HORAS PROYECTISTA JUNIOR CIVIL / CONSTRU
3008307;HORAS 50% AUXILIAR ADMINISTRATIVO
3008308;HORAS 100% AUXILIAR ADMINISTRATIVO
3008309;HORAS 50% GTE PROYECTO GENERAL
3008310;HORAS 100% GTE PROYECTO GENERAL
3008311;HORAS 50% GTE TECNICO GENERAL
3008312;HORAS 100% GTE TECNICO GENERAL
3008313;HORAS 50% ESPECIALISTA GENERAL
3008314;HORAS 100% ESPECIALISTA GENERAL
3008315;HORAS 50% DIBUJANTE CAD 2D / 3D JUNIOR
3008316;HORAS 100% DIBUJANTE CAD 2D / 3D JUNIOR
3008317;HORAS 50% DIBUJANTE CAD 2D / 3D JUNIOR
3008318;HORAS100% DIBUJANTE CAD 2D / 3D JUNIOR
3008319;HORAS 50%LÍDER DE ESPECIALIDAD PROCESOS
3008320;HORAS 100%LÍDER DE ESPECIALIDAD PROCESOS
3008321;HORAS 50% INGENIERO SENIOR PROCESOS
3008322;HORAS 100% INGENIERO SENIOR PROCESOS
3008323;HORAS 50%INGENIERO JUNIOR PROCESOS
3008324;HORAS 100%INGENIERO JUNIOR PROCESOS
3008325;HORAS 50%LÍDER DE ESPECIALIDAD MECANICA
3008326;HORAS 100%LÍDER DE ESPECIALIDAD MECANICA
3008327;HORAS 50%INGENIERO SENIOR MECANICA
3008328;HORAS 100%INGENIERO SENIOR MECANICA
3008329;HORAS 50% INGENIERO JUNIOR MECANICA
3008330;HORAS 100% INGENIERO JUNIOR MECANICA
3008331;HORAS 50%PROYECTISTA SENIOR MECANICA
3008332;HORAS 100%PROYECTISTA SENIOR MECANICA
3008333;HORAS 50%PROYECTISTA JUNIOR MECANICA
3008334;HORAS 100%PROYECTISTA JUNIOR MECANICA
3008335;HORAS 50%LÍDER DE ESPECIALIDAD PIPING
3008336;HORAS 100%LÍDER DE ESPECIALIDAD PIPING
3008337;HORAS 50% INGENIERO SENIOR PIPING
3008338;HORAS 100% INGENIERO SENIOR PIPING
3008339;HORAS 50%INGENIERO JUNIOR PIPING
3008340;HORAS 100%INGENIERO JUNIOR PIPING
3008341;HORAS 50% PROYECTISTA SENIOR PIPING
3008342;HORAS 100% PROYECTISTA SENIOR PIPING
3008343;HORAS 50% PROYECTISTA JUNIOR PIPING
3008344;HORAS 100% PROYECTISTA JUNIOR PIPING
3008345;HORAS 50%LÍDER DE ESPECIALIDAD ELECTRICO
3008346;HORAS 100%LÍDER DE ESPECIALIDAD ELECTRIC
3008347;HORAS 50%INGENIERO SENIOR ELECTRICO
3008348;HORAS 100%INGENIERO SENIOR ELECTRICO
3008349;HORAS 50%INGENIERO JUNIOR ELECTRICO
3008350;HORAS 100%INGENIERO JUNIOR ELECTRICO
3008351;HORAS 50%INGENIERO JUNIOR ELECTRICO
3008352;HORAS 100%INGENIERO JUNIOR ELECTRICO
3008353;HORAS 50%PROYECTISTA SENIOR ELECTRICO
3008354;HORAS 100%PROYECTISTA SENIOR ELECTRICO
3008355;HORAS 50%PROYECTISTA JUNIOR ELECTRICO
3008356;HORAS 100%PROYECTISTA JUNIOR ELECTRICO
3008357;HORAS 50%LÍDER DE ESPECIALID INSTRUMENT
3008358;HORAS 100%LÍDER DE ESPECIALID INSTRUMENT
3008359;HORAS 50% INGENIERO SENIOR INSTRUMENTA
3008360;HORAS 100% INGENIERO SENIOR INSTRUMENTA
3008361;HORAS 50% INGENIERO JUNIOR INSTRUMENTA
3008362;HORAS 100% INGENIERO JUNIOR INSTRUMENTA
3008363;HORAS 50% PROYECTISTA SENIOR INSTRUMENT
3008364;HORAS 100% PROYECTISTA SENIOR INSTRUMENT
3008365;HORAS 50% PROYECTISTA JUNIOR INSTRUMENT
3008366;HORAS 100% PROYECTISTA JUNIOR INSTRUMENT
3008367;HORAS 50% LÍDER DE ESPECIAL CIVIL /CONS
3008368;HORAS 100% LÍDER DE ESPECIAL CIVIL /CONS
3008369;HORAS 50% ING SENIOR CIVIL  CONSTRUCC
3008370;HORAS 100% ING SENIOR CIVIL  CONSTRUCC
3008371;HORAS 50% ING JUNIOR CIVIL / CONSTRUCC
3008372;HORAS 100% ING JUNIOR CIVIL / CONSTRUCC
3008373;HORAS 50%PROYEC SENIOR CIVIL / CONSTRU
3008374;HORAS 100%PROYEC SENIOR CIVIL / CONSTRU
3008375;HORAS 50%PROYEC JUNIOR CIVIL / CONSTRU
3008376;HORAS 100%PROYEC JUNIOR CIVIL / CONSTRU
3008377;VIATICOS
3008378;MOVILIDAD POR KM
3008379;SERVICIO DE CONSULTORIA RETROACTIVOS
3008380;Mesa de Soporte Nivel 1
3008381;MOVILIDAD POR KM
3008382;Mesa de Soporte Nivel 2
3008383;CONSULTORIA ABAP SENIOR (1FTE)
3008384;CONSULTORIA BASIS SENIOR (1 FTE)
3008385;CONSULTORIA ABAP SENIOR
3008386;HORA CONSULTORIA BASIS SENIOR
3008387;HORA  CONSULTORIA DBA SENIOR
3008388;HORA CONSULTORIA SOLUTION MANAGERSENIOR
3008389;HORA CONSULTORIA MM SENIOR
3008390;HORA CONSULTORIA SD SENIOR
3008391;HORA CONSULTORIA PS SENIOR
3008392;HORA CONSULTORIA FI SENIOR
3008393;HORA CONSULTORIA PM  SENIOR
3008394;HORA CONSULTORIA SEGURIDAD SENIOR
3008395;HORA EXTRA 50%CONSULTORIA BASIS SENIOR
3008396;HORA EXTRA 50%CONSULTORIA DBA SENIOR
3008397;HORA EXTRA 50%CONSULTORIA SOLUTION MANAG
3008398;HORA EXTRA 50%CONSULTORIA MM SENIOR
3008399;HORA EXTRA 50%CONSULTORIA SD SENIOR
3008400;HORA EXTRA 50%CONSULTORIA PS SENIOR
3008401;HORA EXTRA 50%CONSULTORIA FI SENIOR
3008402;HORA EXTRA 50%CONSULTORIA PM  SENIOR
3008403;HORA EXTRA 50%CONSULTORIA SEGURIDAD SR.
3008404;GUARDIA PASIVA POR CONSULTORIA
3008405;TTE PERSONAL CONTRATISTA
3008406;SE REC/SALARMAYORES COST
3008407;Rec/Tar
3008408;Supervisor Workover
3008409;ADMINISTRACION DE BASE DE DATOS - DBA
3008410;"TR 9,5/8""36# K55 TXP BTC R2"
3008411;"TR 13,3/8"" 54,5 J55 Soldable R2"
3008412;rec sal
3008413;BOP ANULAR 7 1/16' 10000 PSI DSA
3008414;BOP ANULAR 7 1/16' 10000 PSI RAM
3008415;POWER SWIVEL TIPO 3,5
3008416;Supervisor de Workover
3008417;Transporte de Gas PM110
3008418;Transporte de Gas Vaca Muerta Sur
3008419;"BRIDA 2 9/16"" 5000 R27XCON SALIDA DE 3"""
3008420;"PREV DOBLE E CIEGO 0A1/2""dePIN3XCAJA3"
3008421;"TEE DE FLUJO 3""X3"" X LATERALES 2""X1"""
3008422;"NIPLE CORTO 5"" DE 3"""
3008423;"NIPLE CORRIDO 3"""
3008424;"BRIDA 3 1/8"" 3000 R31 CON SALIDA DE 3"""
3008425;"VALVULA DE BOLA 2"" 2000 PSI ROSCA NPT"
3008426;"VALVULAS CHECK 2"" 2000 ROSCA NPT"
3008427;"REDUCCION BUSHING 1"" A 1/2"""
3008428;"HULES 1/4"" PARA DOBLE E"
3008429;Rigminer por mes por Rig
3008430;Rigminer por mes por Rig
3008431;Rig Workover  por mes por Rig
3008432;Rig perforación por mes por Rig
3008433;usuario adicional por mes
3008434;Rec/Tar
3008435;Implementación serv seguridad microsoft
3008436;IMPLEMENTACIÓN DE PLATAFORMA Y SOPORTE P
3008437;SE WO FEE x DIA T. UNIFICADA
3008438;SE WO FEE x MES T. UNIFICADA
3008439;IMPLEMENTACION FACTURA DE CREDITO ELECT
3008440;Medición Espesores RSAP S/Aisl.c/EJE HOR
3008441;Examen condición int. TDH -005 (2000bls)
3008442;Examen condición int. TDH-005 5k-10k bls
3008443;Examen cond.int.TV-2/TV -3 TAR/TACI 5-15
3008444;Examen cond. externa TDH-005 (2000 bls)
3008445;Examen cond. ext.TV-1/TV 4 5K-10K bls
3008446;Exámen Cond. Ext. TV-2/TV -3 TAR/TACI
3008447;Analisis de Integridad Mecanica (UDC)
3008448;SPONSOREO DE ACTIVIDADES CATRIEL
3008449;SPONSOREO DE ACTIVIDADES CATRIEL
3008450;Operador de Manlift
3008451;Servicio modem
3008452;Brida 3 1/16 x 10000
3008453;Alquiler cocheras varias
3008454;Instalación Antena Vsat
3008455;Abono mensual Vsat
3008456;Equipo Router Mikrotik
3008457;JORNADA DE EQUIPO DE SOLDADURA
3008458;JOR RETRO EX CARG S/NEUM TIPO CAT C/OP
3008459;JOR CAMION SEMI E HIDRO C OPERADOR CALIF
3008460;JOR SUPERVISOR CON MOVILIDAD
3008461;JOR REFERENTE HSE (TEC SEG) CON MOVILID
3008462;JOR REFERENTE QA/QC (TEC CALIDAD) C/MOV
3008463;MATERIALES DE BOCA DE POZO
3008464;Accesorios P/limpieza de pozo
3008470;Tarifa operativa trab adicionales
3008471;CUAD MANT EDILICIO - L a J 9 Hs y V 8 Hs
3008472;MATERIALES VARIOS
3008473;CUAD OBRAS MENORES - L a J 9 Hs y V 8 Hs
3008474;PP Cat. G- Hora extra 50%
3008475;PP Cat. M- Hora extra 50%
3008476;PP Cat. G- Hora extra 100%
3008477;PP Cat. M- Hora extra 100%
3008478;VIANDA ADICIONAL
3008479;MATERIALES VARIOS
3008480;"Conexión 5 1/8"" 10K PSI"
3008481;Km Luminarias
3008482;Servicio PaaS
3008483;Cargo Equipo Auxiliar Rig Less x día
3008484;Cargo eq. Aux. rig Less >1 dia cada 6 hs
3008485;Eq control de presion 5 kpsi Carrera
3008486;Eq control de presion 5 kpsi Instalación
3008487;Camion Grua Instalación
3008488;Cargo por transporte grua
3008489;Crossover 95/8 36# TXPBTC FH
3008490;"Crossover 3 1/2  IF 4"" FH"
3008491;"Crossover 4 1/2  IF 4"" FH"
3008492;"Crossover 7 23# API LTC 4"" FH"
3008493;Reembolsables Nabors
3008494;DTM Motocompresores (máx.3 meses)
3008495;C Prof.1er EtxUn.B.De3.151m a 3.750m
3008496;C Prof. 1er Et. x Un.B.xm deb de3.150m
3008497;"C x tiro punz con ristra-1 11/16""(RT31H)"
3008498;HORA DE VIAJE ADICIONAL
3008499;PP Cat. G- Hora extra 50%
3008500;PP Cat. M- Hora extra 50%
3008501;PP Cat. G- Hora extra 100%
3008502;PP Cat. M- Hora extra 100%
3008503;VIANDA ADICIONAL
3008504;HORA DE VIAJE ADICIONAL
3008505;ING SENIOR RBI OFICINA PROVEEDOR
3008506;ING S. SENIOR RBI OFICINA PROVEEDOR
3008507;ING JR. SENIOR RBI OFICINA PROVEEDOR
3008508;Slick Line SAB-DOM-FER 8 A 17 HS
3008509;Slick Line Hora Adicional fuera de 8-17
3008510;O&M Compresores TPF sin tte.
3008511;Recon. BONO por CCT O&M Compres. 2021
3008512;CADETERIA ENTRE LOMAS
3008513;CADETERIA ENTRE LOMAS-CATRIEL
3008514;PKR Y ANULAR CARRRIER DUAL 4 MEMOR 1erD
3008515;PKR Y ANULAR CARRRIER DUAL 4 MEMOR 2do D
3008516;TRASLADO UNIDAD LIVIANA DESDE CATRIEL KM
3008517;Cargo por profundidad Inducción/SP
3008518;Cargo por registro Inducción/SP
3008519;Cargo por profundidad Rayos Gamma
3008520;Cargo por registro Rayos Gamma
3008521;Cargo por profundidad Caliper
3008522;Cargo por registro Caliper
3008523;Cargo x prof.DT (Acoustic Compresional)
3008524;Cargo x registro DT AcousticCompresional
3008525;Cargo x prof. Gamma Ray Spectral
3008526;Cargo x registro Gamma Ray Spectral
3008527;Cargo por profundidad Densidad/PE
3008528;Cargo por registro Densidad/PE
3008529;Sistema TDL-45% sobre las prof
3008530;Sistema TDL-C/equipamento extra
3008531;Cargo x prof. Reg Imagen microresistiva
3008532;Cargo por registro Imagen Microresisitiv
3008533;Bentonita
3008534;Hidroxido de Sodio
3008535;BIODRILL
3008536;MARVIS XCD
3008537;MARPOL 120L PHPA Liq
3008538;Carbonato de Calcio Fino #120
3008539;MARPOL 507
3008540;MARSPHAL Fluid
3008541;MARDET
3008542;MARDRILL
3008543;Yeso (Sulfato De Calcio)
3008544;MARSAL PLUS
3008545;MAR NO FOAM
3008546;MAR LX
3008547;MARPAC Gold LV
3008548;Carbonato de Calcio M200
3008549;"Drill Serv secc121/4""DHM MWD Cab/Trailer"
3008550;"Drilling Service secc 8 1/2"""
3008551;"Drilling Service secc 6 1/8"""
3008552;Recon. BONO por CCT O&M Compres. 2020
3008553;Un Transp Arenero < 800 sacos
3008554;ETAPA SGTE <24h. 0-5000 psi. Primeras 4h
3008555;"Lubricador espac 3 1/16"";10kpsi [M*DIA]"
3008556;Choke Manifold c/porta orific h 10kpsi
3008557;Un de transp c/cap hasta 3.500 kg.x km
3008558;Un de transp c/cap hasta 10.000 kg x Km
3008559;De 3.151 metros a 3.750 metros
3008560;Por metro debajo de 3.150 metros
3008561;De 3.750 metros a 4.350 metros
3008562;Por metro debajo de 3.750 metros
3008563;C Prof.Et Sgte.xUn.B.De3.151m a 3.750m
3008564;C Prof. Et Sgte.x Un.B.x m deb de 3.150m
3008565;C Prof.Et Sgte.xUn.B.De3.750m a 4.350m
3008566;C Prof. Et Sgte.x Un.B.x m deb de 3.750m
3008567;Transmision Datos RTO,por operación
3008568;Carbonato Calcio
3008569;Cem Max
3008570;Colchón SAC 10
3008571;Colchón Surf Clean
3008572;Diver Max B
3008573;EcoAcidsol
3008574;Ecosol-200
3008575;E-Plus B-5
3008576;Esfelite
3008577;FC-2
3008578;FC-23
3008579;Gel Lineal-G
3008580;IC-17
3008581;LTX-L Plus
3008582;MFB-12
3008583;Pirofosfato acido de sodio
3008584;SA-5
3008585;SC-40 E
3008586;SC-844n
3008587;SF-2
3008588;Silice
3008589;SR-8
3008590;Supersurf
3008591;WPM  (por litro de solución)
3008592;CO2
3008593;Cemento Magnésico
3008594;MANT CARTEL LIMAY c/14 meses
3008595;Prov y Montaje Línea Aérea MT 13,2 KV
3008596;Montaje SET 13,2 KV
3008597;Acometidas LBT
3008598;Readecuación capacidad de actuador
3008599;MESA DE SOPORTE NIVEL 2 MENSUAL
3008600;MESA DE SOPORTE NIVEL 1 MENSUAL
3008601;CONSULTORIA ABAP SENIOR (1 FTE) MENSUAL
3008602;CONSULTORIA BASIS SENIOR (1 FTE) MENSUAL
3008603;MAR 2P
3008604;MARDRILL
3008605;MARPOL sellante
3008606;MARTROL
3008607;MARGRAPHITE S Fino
3008608;MARPOL 120L PHPA sol
3008609;HORA CONSULTORIA ABAP SENIOR
3008610;HORA CONSULTORIA BASIS SENIOR
3008611;HORA CONSULTORIA DBA SENIOR
3008612;HORA CONSULTORIA SOLUTION MANAGER SENIOR
3008613;HORA CONSULTORIA MM SENIOR
3008614;HORA CONSULTORIA SD SENIOR
3008615;HORA CONSULTORIA PS SENIOR
3008616;HORA CONSULTORIA FI SENIOR
3008617;HORA CONSULTORIA PM  SENIOR
3008618;HORA EXTRA 50%CONSULTORIA BASIS SENIOR
3008619;HORA EXTRA 50%CONSULTORIA DBA SENIOR
3008620;HORA EXTRA 50%CONSULTORIA SOLUTION MANAG
3008621;HORA EXTRA 50%CONSULTORIA MM SENIOR
3008622;HORA EXTRA 50%CONSULTORIA SD SENIOR
3008623;HORA EXTRA 50%CONSULTORIA PS SENIOR
3008624;HORA EXTRA 50%CONSULTORIA FI SENIOR
3008625;HORA EXTRA 50%CONSULTORIA PM  SENIOR
3008626;HORA EXTRA 50%CONSULTORIA SEGURIDAD SR
3008627;GUARDIA PASIVA POR CONSULTORIA
3008628;Dia op. llave hidr hasta 3 1/2 con contr
3008629;Stand by llave hidr hasta 3 1/2 con cont
3008630;Dia op.Sist. JamPro Ctrl Comp torque
3008631;Stand By Sist. JamPro Ctrl Comp torque
3008632;Sist. JamPro Ctrl Comp torque,por union
3008633;Operador control torque
3008634;Km camion playo 10 tn
3008635;"Dia op. Elev. type YT 75 tn 3 1/2"""
3008636;"Stand by Elev. type YP 75 tn 3 1/2"""
3008637;"Dia op. Cuña Neumat. 175tn 3 1/2"""
3008638;"Stand by Cuña Neumat. 175tn 3 1/2"""
3008639;DTM entre pozos hasta 20 Km
3008640;Servicio geológico de laboratorio
3008641;Limpieza y secado de muestras PET101
3008642;Preparación muestras análisis PET.117
3008643;Análisis difracción de rayos X PET.104
3008644;Distribución tamaño grano x dif. RCA116
3008645;Distrib. tamaño x grano (Sonic Sifter)
3008646;CARGO METRO CAÑON 2”
3008647;CARGO POR TIRO RT36H ExTrA
3008648;"VSS 3 1/16"" 10 KPSI"
3008649;ENVIO DE MUESTRAS DE FLUIDOS
3008650;MENSUALIZ SERV SAP SUCCESS FACTOR 100HS
3008651;VALOR HORA EVOLUTIVO (PERFILES A DEMANDA
3008652;VALOR TOTAL EVOLUTIVO-COMPENSACIONES
3008653;HASA P 6114
3008654;MANTENIMIENTO ANUAL HIGROMETRO
3008655;MANTENIMIENTO CORRECTIVO ANUAL HIGROMETR
3008656;SE MANTENIMIENTO DE BOMBAS CENTRIFUGAS
3008657;MODULO A: HERRAMIENTA Y PROY IMPLEMENT
3008658;MODULO B: SERV DESARROLLO Y GESTION
3008659;HORA ADICIONAL DE PERSONAL
3008660;Adquisicion Informes EOR inyeccion gas
3008661;Certificado digital por año
3008662;almacenamiento centralizadopor año ycert
3008663;jornada de identificación Ofi Vicente L
3008664;almacenamiento centralizadopor año ycert
3008665;almacenamiento centralizadopor año ycert
3008666;Inhi. parafinas - BPAO12709F 4,5 a 6
3008667;Inhi. parafinas - BPAO12709F 6 a 7,5 K
3008668;Inhi. parafinas - BPAO12709F 7,5 a 9 K
3008669;Inhi. parafinas - BPAO12709F 9 a 10,5 K
3008670;Inhi. parafinas - BPAO12709F 10,5 a 12 K
3008671;Inhi. parafinas - BPAO12709F 12 a 13,5 K
3008672;Inhi. parafinas - BPAO12709F 13,5 a 15 K
3008673;ALQUILER SEPARADOR DE CONTROL TPF
3008674;TREE SAVER TST1 1002 10.000 PSI Tubing
3008675;Cargo stand by Herramienta
3008676;Cargo único x disponibilidad Tree Saver
3008677;"LINEAS DE ALTA 3"" WECO Fig 1502 10 KPSI"
3008678;SEPARACION/FILTRADO DE SOLIDOS
3008679;"CHOKE MANIFOLD 3 1/16"" 10 KPSI API 6A"
3008680;"LINEAS BAJA INTEG 3” y 2"" 6,5KPSI C/WECO"
3008681;Determinac. Prof (DD CH)
3008682;Power Cutter
3008683;SIST PROTECCION A LINEAS DE BAJA (PSV)
3008684;INDIRECTOS WT&FB - CAMPAMENTO
3008685;Cortador explosivo
3008686;CUADRILLA WT&FB
3008687;COLECTOR 4 ENT C/LINEA CONTROL Y RET
3008688;SAND BOX (MEDICION ARENA)
3008689;SEP TRIFASICO CTRL (C/PILETIN CAL)
3008690;PILETA CONTINGENCIA C/GAS BUSTER
3008691;PILETA MANEJO 3 FLUIDOS
3008692;PILETIN P/CALC FACTOR ENCOGIMIENTO
3008693;VALVULAS BLOQUEO
3008694;BOMBA CENTRIFUGA 7,5HP
3008695;MOV Y DESMOV (DESDE BASE INCLUYE AMBAS)
3008696;DTM (ENTRE PADS INCLUYE TODO)
3008697;Hr consultoria Sr avanzado (power BI)
3008698;Servicio de BIF (Lump Sum)
3008699;Dia excedente cuadrilla tecnica
3008700;SE MESHWAT-OIL MENS LUN-LUN 24H
3008701;SE MESHWAT-OIL LUN-LUN 20:01H-07:59H
3008702;IMPLEMENTACION FACTURA DE CREDITO ELECTR
3008703;SL Cepillo para limpieza de tubería
3008704;"Drilling Service secc 8 1/2"" stand by"
3008705;SERVICIO DE ROADMAP DE CIBERSEGURIDAD
3008706;SE FALLAS INSPECCIÓN PERNOS AIB
3008707;Renta anual Sistema de Radio comunic.
3008708;SERV MED FISC CON COMP DE FLUJO
3008709;PROV CAUD CORIO Y COMP CAU MULETOS P/PEM
3008710;EVOLUTIVOS
3008711;E 608 (Espumante para Gas)
3008712;E 608 (Espumante para Gas)
3008713;Alquiler Skid Mensual (1000 lts c bomba)
3008714;SERVICIO OPERADOR DIA
3008715;IMAA
3008716;plan de monito de sitios interv 75 sitio
3008717;TEST AC (IgG/M)
3008718;PCR
3008719;ADMINISTRACION DE BASE DE DATOS - dba
3008720;Servicio mensual  O&M&Mejoras s/anexo II
3008721;Renovación del servicio Smartnet NBD 8x5
3008722;Renovación de Colabor. p/WebEx & telefon
3008723;Horas Ing. Sr p/network /seguridad
3008724;Horas Ing. S.Sr p/network /seguridad
3008725;Horas Ing. Jr p/network /seguridad
3008726;Iniciativa Implemen.Seguridad Acceso red
3008727;Iniciativa Implemen.Segu vía Certif red
3008728;Firewall´s Cisco FP1140-NGFW-K9
3008729;Licencias para funcionamiento HA
3008730;Licencias p/ conexión c/Cisco CDO 1 año
3008731;Licencias p/ conexión c/Cisco CDO 3 años
3008732;Cables, conectores y accesorios
3008733;Conf y PEM Firewalls HA + Serv Ing
3008734;Smartnet Opción 1 año
3008735;Smartnet Opción 3 años
3008736;Licencias p/conexión con Cisco CDO 1 año
3008737;Licencias p/conexión c/Cisco CDO 3 años
3008738;Cisco Firewall´s ASA5508-K9(JMX2037Y0N8)
3008739;Cisco Firewall´s ASA5508-K9(JMX2041Y07N)
3008740;CiscoFirewall´s FPR1140-NGFW-K9(JMX2435x
3008741;CiscoFirewall´s FPR1140-NGFW-K9(JMX2433x
3008742;Implem&Conf Gest. Cloud cisco Defense or
3008743;suscrip  Cisco Umbrella Opción 1 Año
3008744;suscrip  Cisco Umbrella Opción 3 Años
3008745;Serv Ing Mejores prácticas Cisco Umbrell
3008746;ADMINISTRACION DE BASE DE DATOS - dba
3008747;Rayos Gamma-Cargo Prof-Case Hole
3008748;Rayos Gamma-Cargo Registro-Case hole
3008749;FLUIDO DENSIFICADO CLORURO CALCIO 1,25L
3008750;Consultoría de Seguridad Electrónica
3008751;MONT/DESMONT Y VARIOS - SIST WT
3008752;TARIFA MENSUAL - INGENIERO DE PROCESOS
3008753;MANT PREV&CORREC BIMESTRAL DETEC INCEN
3008754;Retiro/dispos final res sólidos peligros
3008755;Plana para mov de tub y acc
3008756;Presa metálica de 35 m3(adicional)
3008757;Mov/instalac o desinstalac de presa met
3008758;Ret/dispos final aguas oleosas C.min20m3
3008759;Grúa de 35 Ton (serv. de hasta 8 hrs)
3008760;RME VERNET 16
3008761;Tráiler Habitación adicional
3008762;Mov e instal tráiler habitación
3008763;Cortador Mecanico(MPC) - Cargo Prof
3008764;Cortador Mecanico(MPC) - Cargo xCorte
3008765;Cortador Mec(MPC) - Cargo Aleac.Espc.
3008766;Eq control de presion 10 kpsi Instalació
3008767;Eq control de presion 10 kpsi Carrera
3008768;Perfil cemento CBL/VDL Cargo Prof
3008769;Cargo por movilización de Rig Less NC
3008770;Cargo por desmovilización de Rig Less NC
3008771;SERV TRANSPORTE UNIDAD BOMBEO
3008772;BOMBEO DE POZO (JORNADA DE 8HS)
3008773;C Bbeo hasta 500 PSI prim 4 hs
3008774;Espera U Bombeadora cem
3008775;Espera Un Monitoreo Cem Van
3008776;Espera Unid Fracturador
3008777;Espera Transp Mezc,N2 Compuvan frac
3008778;Acid volumen Soluc Empleada
3008779;Acid + de 20m3 prim 24 hs o fracc
3008780;Colchon Tempofix
3008781;Colchón MAXCLEAN
3008782;B.MONT a CATRIELpax5 1X SEM
3008783;B.MONT a CATRIELpax7 L A V
3008784;B.MONT a CIPO/5SALTOSpax2 1X SEM
3008785;B.MONT a CIPO/5SALTOSpax4 1X SEM
3008786;B.MONT a CIPO/5SALTOSpax5 L A V
3008787;B.MONT a PLOT/NQN/CENTpax6 1X SEM
3008788;B.MONT a PLOT/NQN/CENTpax8 L A V
3008789;CATRIEL a B.MONTpax5 1X SEM
3008790;SERVICIOS DE TRANSPORTES DESDE HASTA YAC
3008791;MANTENIMIENTO DE EQUIPOS AUTONOMOS
3008792;TRAT Y DISP FINAL FLOWBACK
3008793;Un Transp Frac/Bombeador 24 Hs
3008794;Tanques,Cisternas,Piletas para trat 24hs
3008795;KM Cisternas Criogénicos 24 hs
3008796;Dictamen Técnico (ingeniería de detalle)
3008797;Bbeo CO2,por un.Bba de0a5000psi Prim4hs
3008798;Planta de lodo Movil 750 m3
3008799;Booster de CO2 (Incl. U de T.)
3008800;h de Espera Booster de CO2 (Incl. U de T
3008801;H de espera Cist Criogénica (Inc.U de T)
3008802;Cabeza de Fractura por trab (24 hs)
3008803;Migrac mod.diná AEclipse100 enpetrel RE
3008804;Modelo  Simulación Dinámica CHARCO BAYO
3008805;Mod Simulación Dinámica MED SURO &TAPERA
3008806;CARGO STAND BY UN DE WIRELINE
3008807;"C_1.9/16-2""_3-7,5G"
3008808;"POZO ENTUB.PUNZ C/CAÑON1.11/16""_2 7/8"""
3008809;Lube Me
3008810;SCAL16098A
3008811;C Básico Servicio x Sist PTS h/5días
3008812;Cargo operacion cancelada
3008813;Servicio Mensual GPS
3008814;Llave I-Bottom GPS
3008815;Mov inicial desde zona norte
3008816;Mov final desde zona norte
3008817;Mov inicial desde zona sur
3008818;Mov final desde zona sur
3008819;Mudanza en la misma loc
3008820;Mudanza entre loc hasta 20 km
3008821;Mudanza entre loc de 20 a 40 km
3008822;Mov de bba adic+presa 150 bbls
3008823;RENTA DE PREVENTOR DOBLE 11
3008824;RENTA DE PREVENTOR DOBLE 11”
3008825;"RENTA DE PREVENTOR ANULAR 11"""
3008826;"RENTA DE PREVENTOR ANULAR 11"""
3008827;RENTA DE CARRETE 11”(DRILLING SPOOL)
3008828;Flui Limpio(Salm Sódica)Dens1.01‐1.05g/l
3008829;Flui Limpio(Salm calcica)Dens 1.01-1.05g
3008830;Flui Limp(Salm Potasica)Dens 1.01-1.05gr
3008831;"Hincado de Revestimiento 13 3/8"""
3008832;"Perf con csg Drilling-TR de9 5/8""(Superf"
3008833;"Perf8 3/4""secc prod C/motr+MWD TR 7"""
3008834;Día stand by c/personal
3008835;Día stand by s/personal
3008836;Día espera entre pozos (STD BY)
3008837;Cargo por profundidad Densidad/PE
3008838;Cargo por registro Densidad/PE
3008839;Cargo x prof Inducción Resistividad / SP
3008840;Cargo x registro Inducc Resistividad /SP
3008841;Cargo x profundidad Sonico Dipolar
3008842;Cargo prof Resonancia Magnetica Nuclear
3008843;Cargo reg Resonancia Magnetica Nuclear
3008844;C x prof Neutron Puls(Modo Sigma/inelast
3008845;Cxreg Neutron Pulsante(Modo Sigma e Inel
3008846;Cargo profundidad Registro de Pres
3008847;Cargo x medición(cada test)Reg de Pres
3008848;Cargo prof Toma Muestras de Fl de Formac
3008849;Cx medic(x test)Toma de Muestras Fl Form
3008850;AUDITORIAAMBIENTAL PTG A1 991475 c/ tras
3008851;AUDITORIA AMBIENTAL PTC A1 36643 c/ tras
3008852;INF. A7 AUDI ABANDONO TKS-0575-015 3000m
3008853;ANAL. LAB HTP SUELO/AGUA TNRCC 1005
3008854;ANAL. LAB HTP SUELO/AGUA TNRCC 1006
3008855;ANAL LAB APERT CADE. AROM ALIF SUE/AGUA
3008856;ANALISIS LAB BTEX SUELO/AGUA
3008857;ANALISIS LAB PAHs SUELO/AGUA
3008858;RBCA - ANÁLISIS DE RIESGO
3008859;ADICIONAL - MOV SUELO BLANDO
3008860;Serv.Remis Tarifa por Km recorrido L aV
3008861;HORA DE ESPERA EXCEDENTE
3008862;Serv.Remis Tarifa por Km recorrido S/D/F
3008863;Rental Bombas Kimray
3008864;Cuadrilla O&M EMC10
3008865;icencia plataforma grclinks
3008866;Proy Reing roles y segregación funciones
3008867;DESRATIZACION EN OFICINAS VISTA NQN
3008868;DESRATIZACION EN OFICINAS VISTA NQN
3008869;SERVICIO WT TTY - DIA
3008870;COSTOS ADICIONALES - TRNSF. AGUA
3008871;Det. HC (HAP) x cromat. masas CG-CM
3008872;Análisis azufre en gas natural
3008873;Aguas residuales para inyección
3008874;% de sedimentos muestra ASTM-D4007-12*
3008875;Cuenta total bacteriana
3008876;Determinación de análisis BSR
3008877;Análisis CRETI recortes perf.base aceite
3008878;% sedimento muestra met.extracASTM-D-473
3008879;SOPORTE REMOTO ARIBA 160 Hs L A V
3008880;HORA ADICIONAL SOP ARIBA
3008881;EQUIPOS Y SERVICIOS.MEZCLAS
3008882;HONORARIOS PROFESIONALES
3008883;HONORARIOS VETERINARIO
3008884;ENSAYO DE ARENA COMPLETO
3008885;ENSAYO DE ARENA REDUCIDO
3008886;ABONO MENSUAL LINEA MOVIL
3008887;"SERVICIO DE CORTE CSG ESTERNO Ø 9.5/8"""
3008888;"SE CORTE CSG EXTØ 7"",5.1/2"".5"" y 4.1/2"""
3008889;OPERACION CANCELADA
3008890;Booster de CO2 (Incl. U de T.) 24 hs
3008891;KILOMETRAJE UNIDAD LIVIANA Adicional
3008892;TRAILER VIVIENDA OPERADOR (tercerizado)
3008893;Frac CO2. Booster de CO2. Basico4h-(24h)
3008894;Frac CO2 x HHP-0-5kpsi.Prim 4 hr-(24h)
3008895;PRESIÓN 1001-3000 PSI
3008896;HTA. TAPYRETEND CANASTA CALIB.
3008897;HTA. CEMENT.MAPA CEMENT/IM-SEG-CBL
3008898;HTA. AUXILIAR CARGO PROF. CORTADOR
3008899;HTA. AUXILIAR CARGO DISP.TBG (CORT.EXP)
3008900;Servicio de Bombeo con UAO (6 hs)
3008901;Hora adicional de bombeo
3008902;Frac Tank de 80 m3
3008903;Instalac/Desinst del Frac Tank
3008904;MONTAJE Y PROVISION DE SONDA CORTE H2O
3008905;Tarifa Operativa taladro de perf.
3008906;Tarifa de espera c/personal Taladro perf
3008907;Tarifa de espera s/personal Taladro perf
3008908;Tarifa equipo de Reparación taladro perf
3008909;Prec x día de Pick ups para CM de VOGHII
3008910;DTM Misma localización
3008911;PWP500HP-A60
3008912;PWP500HP-A80
3008913;PWP500HP-A100
3008914;PWP500HP-A140
3008915;PWP500HP-A170
3008916;PWP500HP-A200
3008917;Instalac ini p/2 tamblorinas 8 tot et su
3008918;Gener de B Up.p/camp(250 KVA)Adic a ppal
3008919;Generator eq. control de solidos
3008920;Personal de seg y caseta de vigil en loc
3008921;Geomembrana p/ cubrir loc debajo del eq
3008922;Geomembrana p/otros componentes
3008923;"Serv de baj.de TRp/evento7""(Crew y htas)"
3008924;Tde esp de pers de baj deTR desp de 5 hs
3008925;Presa adic de75 m3 c/embudo de mezc
3008926;Presa adic de75 m3 con bbas de transf.
3008927;Transporte de presas
3008928;Caseta of dormit adic.C/todos sus serv
3008929;Caseta dorm adic. Con todos sus serv.
3008930;Acc. Diverter no cotizados en prop. Inic
3008931;Servicio de instalación de diverter
3008932;PMD 500 DX - API 60
3008933;PMD 500 DX - API 80
3008934;PMD 500 DX - API 100
3008935;PMD 500 DX - API 140
3008936;PMD 500 DX - API 170
3008937;PMD 500 DX - API 200
3008938;Inst inic p/2 temblorinas(8 tot-et sup)
3008939;RECEPCION Y ACONDIC PLASTICOS
3008940;RECEPCION Y ACONDIC PAPEL Y CARTON
3008941;RECEPCION Y ACONDIC RESIDUO SECO
3008942;RECICLAJE CERTIFICADO PLASTICOS
3008943;RECICLAJE CERTIFICADO PAPEL Y CARTON
3008944;RECICLAJE CERTIFICADO RESIDUO SECO
3008945;Cargo Bbeo. Arena 20/40
3008946;-15%Montaje o Montaje repet o Desmontaje
3008947;-15% Montaje y  Desmontaje misma jornada
3008948;ROCKLETS 40 GRS-MANI CON CHOCOLATE
3008949;COFLER 27-30 GRS
3008950;Tarifa de Stand By - Período extendido
3008951;TRAILER MATERA MENSUAL
3008952;0334-7000 Ancla hidráulica ATH 7 para ca
3008953;"0505-2380 Tapón Temp mod Conexión 2 3/8"""
3008954;"0505-2780 Tapón Tempo. mod Con.2 7/8"" EU"
3008955;3224-238E-278E RED23/8BOXA27/8PINstd
3008956;"0705-004P-0001 PupJointde27/8""EUE,longit"
3008957;0333-5500 ANCLA MECANICA ATM 5 PA para c
3008958;0333-7000 ANCLA MECANICA ATM 5 PA para c
3008959;"CAMPANA ON-OFF 5 1/2"" A 7"" OPERACIÓN"
3008960;Cargo por Operación Kit de Wireline (fij
3008961;Cargo por Operador (12 Horas o Fracción)
3008962;SETTING TOOLS HIDRAULICO - Cargo por Ope
3008963;Cargo Mínimo Casilla para Operador en Lo
3008964;Cargo diario Adicional por día calendari
3008965;Cargo Mensual Casilla para Operador en L
3008966;1540-278A / B Tapón  NTH  Para tubing 2
3008967;1540-278C / D Tapón  NTH  Para tubing 2
3008968;1540-350A / B Tapón  NTH  Para tubing 3
3008969;"1540-4500 Tapón  NTH  Para casing 4 1/2"""
3008970;"1540-5000 Tapón  NTH  Para casing 4 1/2"""
3008971;"1540-6580 Tapón  NTH  Para casing 6 5/8"""
3008972;"1540-9580 Tapón  NTH  Para casing 9 5/8"""
3008973;"1530-4500 Tapón  CNF Para casing 4 1/2"""
3008974;"1530-5000 Tapón  CNF Para casing  5"""
3008975;"1530-5500 Tapón  CNF Para casing 5 12"""
3008976;"1530-6580 Tapón  CNF Para casing 6 5/8"""
3008977;"1530-7000 Tapón  CNF Para casing 7"""
3008978;"1530-9580 Tapón  CNF Para casing 9 5/8"""
3008979;1543-4500 Tapón  HM BPA Para casing 4 1/
3008980;"1543-5000 Tapón  HM BPA Para casing 5"""
3008981;1543-5500 Tapón  HM BPA Para casing 5 1/
3008982;1543-6580 Tapón  HM BPA Para casing 6 5/
3008983;"1543-7000 Tapón  HM BPA Para casing 7"""
3008984;1543-9580 Tapón  HM BPA Para casing 9 5/
3008985;1542-4500 Tapón  HM BPF Para casing 4 1/
3008986;"1542-5000 Tapón  HM BPF Para casing 5"""
3008987;1542-6580 Tapón  HM BPF Para casing 6 5/
3008988;1542-9580 Tapón  HM BPF Para casing 9 5/
3008989;1505-4500 Retenedor de Cemento TACKER CR
3008990;1505-5000 Retenedor de Cemento TACKER CR
3008991;Construcción de Gasoducto 4” #600
3008992;SERVICIO DE CONSULTORIA día en campo
3008993;SERVICIO DE CONSULTORIA día de gabinete
3008994;1505-5500 Retenedor de Cemento TACKER CR
3008995;1505-6580 Retenedor de Cemento CRH  cas
3008996;1505-7000 Retenedor de Cemento  CRH  cas
3008997;1505-9580 Retenedor de Cemento  CRH  cas
3008998;1521-4500 Retenedor de Cemento  CRF  cas
3008999;1521-5000 Retenedor de Cemento  CRF  cas
3009000;1521-5500 Retenedor de Cemento  CRF  cas
3009001;1521-6580 Retenedor de Cemento  CRF  cas
3009002;1521-7000 Retenedor de Cemento  CRF  cas
3009003;1521-9580 Retenedor de Cemento  CRF  cas
3009004;CARGO BASICO TREE SAVER TST1 1002 10.000
3009005;Tree Saver 10.000 psi, 1 Válvula
3009006;CARGO ADICIONAL TREE SAVER TST1 1002 10.
3009007;Cargo por Operación (Etapa de Fractura -
3009008;Cargo por operación cancelada - TST1 100
3009009;Cargo stand by Herramienta  - TST1 1002
3009010;"Válvula ULT FMC 3"" 15,000 psi Adicional"
3009011;Cabeza de Fractura 15,000 psi por operac
3009012;Operador por 12 horas o fracción
3009013;Ayudante por 12 horas o fracción
3009014;Cargo Mínimo Tráiler para Operador
3009015;Cargo diario Adicional por día calendari
3009016;Cargo Mensual Tráiler para Operador en L
3009017;Cargo por hidrogrúa para carga y descarg
3009018;Kilometraje unidad pesada para transport
3009019;Válvula ULT FMC 3” 15000 psi Cargo por r
3009020;Cabeza de Fractura - Cargo por reposició
3009021;Tree Saver 10.000 psi Modelo TST1 1002.
3009022;Tree Saver 15.000 psi Modelo TST2 1003.
3009023;Central Hidráulica. Cargo por reposición
3009024;Cargo único por disponibilidad de Tree S
3009025;CARGO BASICO CASING SAVER TSC3 1007 15.0
3009026;Incluye Casing Saver 15.000 psi, Válvula
3009027;CARGO ADICIONAL CASING SAVER TSC3 1007 1
3009028;Cargo por Operación (Etapa de Fractura -
3009029;Cargo por operación cancelada - TSC3 100
3009030;Cargo stand by Herramienta  - TSC3 1007
3009031;"Válvula ULT FMC 3"" 15,000 psi Adicional"
3009032;Cabeza de Fractura 15,000 psi por operac
3009033;Operador por 12 horas o fracción
3009034;Ayudante por 12 horas o fracción
3009035;Tráiler para Operador en Locacion
3009036;trailer en locacion
3009037;Cargo Mensual Tráiler para Operador en L
3009038;Cargo por hidrogrúa para carga y descarg
3009039;REMIS AEL/ NQN PLOTTIER/
3009040;REMIS CUTRAL CO // B MONT
3009041;Hr Espera transp a granel(Bulk-Cement)
3009042;Hr espera unid hasta 3500 Kg
3009043;Mar No Foam
3009044;Obturante F/M/G
3009045;Tarjeta de bloqueo 7.5 a 4.5
3009046;SERV LIMP 3 OPERS SAB-DOM-FER DSPS 17HS
3009047;SERV LIMP 4 OPERS SAB-DOM-FER DSPS 17HS
3009048;Seismic Proc/Anisot veloc model Build PS
3009049;Seismic Proc/Anisot veloc model Build PS
3009050;Pintura Vinilica Bco Oficina
3009051;Fab. e Inst de sop mesa madera
3009052;"Cople FloT 9 5/8""HFX32,3 L80"
3009053;Cargo x tercer carrera seccion producc
3009054;dia adic.x exceso de 11 dias oP Direcc
3009055;C x adic.x exc de11 dias Op Mot Fon&MWD
3009056;Cargo por metro adicional perforado
3009057;Cargo x transporte de Cem para Top Job
3009058;Cargo por bombeador PIT
3009059;hr de espera bombeador
3009060;Mov de UAP
3009061;Cargo por dia de operador de Barrena
3009062;CWD exceso de 5 días
3009063;Cargo x Martillo Stand by exc de 11 dias
3009064;Cargo x Martillo en exceso de 2 días
3009065;tiempo de espera Cementación
3009066;Material antiperdida
3009067;Op Cancelada de Perfilaje
3009068;Prov.agua pipa 30m3 de 0 a 50km
3009069;Prov.agua pipa 30m3 de 51 a 100km
3009070;Prov agua pipa 30m3 de 101 a 150km
3009071;viaje en falso
3009072;estadía en sitio hasta 8 hs
3009073;Toma de Puntos de Presión c/XPT
3009074;Cargo por estación Adicional XPT
3009075;Cargo por Uso de Probeta Quick Silver
3009076;Tool Taxis p/Htas de registros
3009077;Gestoria Vordcab
3009078;Serv. Operac Motogenerador 30 HP
3009079;Gestoria Geoteco
3009080;Provisión Gas LP Geoteco
3009081;Instalac y Desinst Unid. BCP
3009082;Jaula Metálica
3009083;Leasing Unid Motogenerador 30 HP
3009084;Leasing Un Variador Frecuencia 30 HP
3009085;MANTENIMIENTO SURTIDOR COMBUSTIBLE GO
3009086;TEST RAPIDO ANTICUERPOS COVID
3009087;TEST RAPIDO ANTIGENOS COVID
3009088;ALQUILER HILUX 4X4 C/D DX 2.4 TDI 6 M/T
3009089;ALQ HILUX 4X4 D/C DX 2.4 TDI 6 M/T 36 UN
3009090;SW4 4X4 SRX 2.8 TDI 6 A/T 7A AE378JH
3009091;SW4 4X4 SRX 2.8 TDI 6 A/T 7A AE733NU
3009092;HILUX 4X4 D/C DX 2.4 TDI 6 M/T 8 UNI
3009093;Cuadrilla diagrama 7x7 con movilidad
3009094;"ORIFICIO 1.3/4"" X 10 HPP INS.CT Ø18MM"
3009095;Legajo & onboarding
3009096;RETIRO MATERIAL OFICINAS LIMAY
3009097;Cargo registro Full wave
3009098;Interpretación estructural
3009099;SE SAN (NOCT),LIMP L-D 20H-5H C/EQS
3009100;HORA SERV SAN (NOCT) L-D DSPS 5H C/EQS
3009101;Cargo Reparacion rosca 4IF
3009102;OBRA POZO DE AGUA
3009103;MAR BACT-1
3009104;MARCAT
3009105;ADICIONAL CONTRIBUCIÓN EMPLEADOS TPF
3009106;1,1-Localización
3009107;1,2-Apertura y/o ampliac derecho de via
3009108;1,6-Conservación del derecho de vía
3009109;1,7-Detección electromagnética de líneas
3009110;1,8-Sondeos a cielo abierto en material
3009111;2.1.1-Excavación de zanja c/hta Manual
3009112;2.1.2-Excavación de zanja c/maq Mat A&B
3009113;2.1.4-Excavación de zanja c/maq. Mat C
3009114;2.1.5-Excavac zanjas en zonas inundables
3009115;2.2.1-Suministro tubería acero al Carbon
3009116;2.3.1-Doblado/alineado y soldado de tubo
3009117;2,4,1-Bajado/tapado tubería de 4”con maq
3009118;2,5-Sumin de material suave(tierra vega)
3009119;2.7-Fab,coloc/mantenim falsetes alambre
3009120;"2.10.1.2-Sumin,manej/erecc brida 2"""
3009121;2.10.1.3-Sumin,manej/erecc codo 90°
3009122;2.10.1.4- Sumin, manej/erecc codo 45°
3009123;2.10.1.5-Sumin,manej/erecc TEE recta
3009124;2.10.1.7 Sumin,manej/ereccReducción conc
3009125;3.2.1.1-Cruzam cielo abierto camino terr
3009126;3.3.1-Cruzami cielo abierto de línea op
3009127;3.4.1-Cruzamiento a cielo abierto de arr
3009128;3.6.2-Limpieza y aplicación de recubrim
3009129;3.7.3-Fabric. e instalac señalam tipo IV
3009130;4.1-Sumin/instalac válv de compuerta
3009131;4,4-Sumin/instalac válvula retención
3009132;5.1-Prueba hidrostática líneas de conduc
3009133;11.1.1-Sumini/nstalación de ánodo 9 b
3009134;11.2.3-Sumin/instalacion de anodos 17 lb
3009135;11.1.3-Sumin/instalación de ánodo 32lb
3009136;11.1.4-Sumin/instalación de ánodos 48 lb
3009137;"11.2-Sumin/instalac de ánodo grafito 3"""
3009138;11.3-Medic/señalam para instalac postes
3009139;11.4-Suministro e insta poste tipo R
3009140;11,5-Sumin/instalación de poste tipo “RA
3009141;11.7.1-Sumin/inst cable Cuc/aislam600V 1
3009142;11.7.2-Sumin/inst cable Cuc/aislam600V 2
3009143;11.7.3-Sumin/inst cable Cuc/aislam600V 4
3009144;11.8.1-Sumin/inst sold x Al cable cal1/0
3009145;11.8.2-Sumin/inst sold x Al cable cal1/0
3009146;11.9-Sum/inst sold x alum cal 4a1/0AWG
3009147;11.10-Sum/inst soldxAl  cal1/0a1/0AWG
3009148;11.11-Sum/inst soldxAl  cal1/0a4AWG
3009149;14.1-Fab,sum/inst cabezal recolec p/5poz
3009150;14.2-Const ObraCivil p/cabez recolp/5poz
3009151;RECONOCIMIENTO SALARIAL
3009152;MANTENIMIENTO ONS
3009153;Corrosion MIT -MTT - Cargo Prof
3009154;Corrosion MIT -MTT - Cargo Registro
3009155;Corrosion MIT - MTT - Cargo Interp.
3009156;OBRA MOVIEMIENTO DE SUELO
3009157;Rafaelita
3009158;RENTA DEPARTAMENTO MEXICO
3009159;FORESTACION
3009160;SE IN ARENA FRACTURA
3009161;SE OUT ARENA FRACTURA
3009162;SERVICIO DE AREA PROTEGIDA AL RIO
3009163;Servicio de Fluida de Pozo
3009164;Consultas telefónicas Salud MEX
3009165;Consultas generales Salud MEX
3009166;ACIDOS. <300HHP. Prim 4 hs, por un(24hs)
3009167;Cancel-Booster CO2(Incl Un de transp(24h
3009168;Cancel op-Cist criog Incl un transp24hs
3009169;Cancel op-Tks,Cist,p/trat,(Inc transp24h
3009170;Cancel op-Trailer para Personal-(24 hr)
3009171;Cancel op-Un Arenero mayor 800 sacos(24h
3009172;Cancel op-Un Arenero < 800 sacos-(24hs)
3009173;Cancel op-Un de Hidratación-(24 hr)
3009174;Cancel op-Un de Tranp Mezcl,N2oCompu24hs
3009175;Cancel op-Un liviana-(24 hr)
3009176;Cancel op-Un Tranp c/Cap h/10.000kg 24hs
3009177;Cancel op-Un Tranp c/Cap de+10.000kg24hs
3009178;Cancel op-Un Tranp c/Cap de h/1.000kg24h
3009179;Cancel op-Un Tranp c/Cap de h/3.500kg24h
3009180;Cancel op-Un Tranp c/Cap h/5.000kg 24hs
3009181;Cancel op-Un Tranp c/Cap de h/7.000kg24h
3009182;Cancel op-Un Tranp Frac/Bomb-24 hr
3009183;DENSÓMETRO DE LINEA,por etapa 24 hr
3009184;ETAPA SGTE <24h 0-5000 psi. Prim 4hs 24h
3009185;Frac CO2 por HHP.5001-6000psi.Prim 4h24h
3009186;Frac CO2 x HHP 6001-7000 psi.Prim 4hs24h
3009187;Frac CO2 x HHP.7001-8000 psi.Prim4hs 24h
3009188;Frac CO2 x HHP 8001-9000 psi.Prim 4hs24h
3009189;Frac CO2 x HHP 9001-10000 psi.Prim4hs24h
3009190;Frac N2 x HHP. 0-5000 psi.Prim 4 hs (24h
3009191;Frac N2 x HHP. 5001-6000 psi.Prim 4hs24h
3009192;Frac N2 x HHP 6001-7000 psi.Prim 4hs 24h
3009193;Frac N2 xHHP.7001-8000 psi.Prim 4hs 24h
3009194;Frac N2 xHHP.8001-9000 psi.Prim 4hs24 hr
3009195;Frac N2.BLENDER.0-45 bpm.Prim 4hs,xun24h
3009196;Frac N2.BLENDER.0-45 bpm.Prim 4hs,xun24h
3009197;FRAC 70 m3 o más, prim 24hs o fracc 24h
3009198;Por HHP. 5001-6000 psi. Primeras 4hs 24h
3009199;Por HHP. 6001-7000 psi. Primeras 4hs 24h
3009200;Por HHP. 7001-8000 psi. Primeras 4hs 24h
3009201;Por HHP. 8001-9000 psi. Primeras 4hs 24h
3009202;Por HHP. 9001-10000 psi.Prim 4hs 24hs
3009203;Esp Tkes,Cist,para tratam Incl transp24h
3009204;EspTrailer para Personal-(24 hr)
3009205;Esp Un Arenero mayor 800 sacos(24 hr)
3009206;Esp Un Arenero menor 800 sacos(24 hr)
3009207;Esp Un de Hidratación-(24 hr)
3009208;Esp Un liviana-(24 hr)
3009209;Esp Un Transp c/cap 10.000 kg.24hs
3009210;Esp Un Transp c/cap de+de 10.000 kg.24hr
3009211;Esp Un Transp/cap de carga 1.000 kg24 hr
3009212;Esp Un Transp/cap de carga 3.500 kg.24hr
3009213;Esp Un Transp/cap de carga 5.000 kg.24hr
3009214;Esp Un Transp/cap de carga 7,000 kg.24hr
3009215;Ecosol-100 (Ecológico)
3009216;SOLVENTE MUTUAL (SURFACTANTE)
3009217;Drill Max Gel
3009218;Solvente Aromático - Solw 45 (Tolueno)
3009219;Rabon con Grua de 6Ton
3009220;Cbio de Voltaje motores de 5 HP p/presas
3009221;Cbio de Voltaje motores de 50 HP
3009222;comida por persona. (catering)
3009223;Transp de comida (Por evento)
3009224;"Bba Esp/Sand Tolerant 2 7/8"""
3009225;Bono Acuerdo Sindical
3009226;Bono Acuerdo Sindical
3009227;Análisis Riesgo Reparación Mayor
3009228;Análisis Riesgo LDD
3009229;REPARACION DE BOMBA CENTRIFUGA
3009230;DIA TECNICO(HASTA 12HS BASE A BASE)
3009231;DIA AUXILIAR(HASTA 12HS BASE A BASE)
3009232;vuelo privado  BUE/ NEUQUEN / BUE
3009233;VUELO PRIVADO VALOR POR KM
3009234;Servicio Vuelo helicóptero, Zona Neuquén
3009235;Servicio sanitario Zona De Neuquén
3009236;adicionales ( ferry, etc)
3009237;"Varilla Pulida 1 1/2"" de 26Ft de1"""
3009238;INST.EQ.CONTR. PRES.C/INY.GRASA H/10000P
3009239;DIFERENCIA CERTIFICACION
3009240;Ecometría pozos alta presión por DIA LaV
3009241;Ecometría pozos alta presión porDIA S/D/
3009242;ALQ FV 4 3/4 VALVULA SIMPLE STD BY
3009243;Mol alet,plano,cónico,5 1/2”,55/8od3,5 p
3009244;Drill collar liso 4 3/4” od. conex31/2IF
3009245;Comb dif diámetros y conex
3009246;Tubería de Trabajo 2 7/8” WT-26
3009247;Limpieza y Saneamiento de Presas
3009248;Recolección y Disposición de Fluidos
3009249;Recolección y Disposicion de Sólidos
3009250;"Quemador Ecol c/Chisp elec,tub 6"" diam"
3009251;"50mTub6""c/Conex brida150 Psi.Incl C45/90"
3009252;Instal/Puesta Marcha Quem Ecológ y linea
3009253;DesmantelQuem Ecol y Linea Superf de Ctl
3009254;Prueba de Cabezal
3009255;Prueba de Juntas
3009256;Sumin de agua industrial 1.00gr/cc
3009257;FLOCTREAT DR-12140
3009258;PROVISION E INSTALACION PAQ MEMBRANAS
3009259;SCAL18770A
3009260;Cuadrilla Operadores adiconal
3009261;Flex Inox. para bombas Kimray (par)
3009262;Cilindro para bombas Kimray x unidad
3009263;C.B.x unid criog de bbeo N2. Prim 4hs
3009264;C x hora adic de bbeo N2 x hora
3009265;Cargo por enfriamiento.Cargo unit.
3009266;Cargo Básico Grúa por 10 hs h/21tn
3009267;"Uso de Tuberia Op Corr CT 2"""
3009268;Supervisor adicional (Hs.)
3009269;Equipo CTU 2in (Hs) a disposición del cl
3009270;Equipo bombeador a dispos del cliente
3009271;Stand by grua 40 Tn
3009272;Alquiler Grua 80 Tn hr diurna
3009273;Alquiler Grua 80 Tn hora nocturna
3009274;Carreton Grua
3009275;Equipo CTU 2in (Hs) a disposición del c
3009276;Servicio de intern vicente lópez 120 MB
3009277;SERV ADQUISICION DATOS ACTIVIDAD SISMICA
3009278;"Linea 2"" 1502 p/cierre forzado"
3009279;Carbonato de calcio 325
3009280;Construcción de Ducto
3009281;CT Nitrógeno-Un.Tpte Mezcladora,N2 o Com
3009282;Serv integ superv, manten cRenta sin GLP
3009283;Servicio de gestión de gestoría
3009284;"Sistema Gas Lift 5"" por pozo c/dcto."
3009285;Sistema de Inyección de Químicos GLift.
3009286;"Sistema Básico de Packer de 5"""
3009287;"Niple N11-20, SAE 4130, 2 3/8"" GAS LIFT"
3009288;MANDRIL BOT KGDR2 2 3/8 GAS LIFT
3009289;MANDRIL OD REDUCIDO KGDRBCH3 GAS LIFT
3009290;Válvula ciega BOT tipo D-10-RL GAS LIFT
3009291;Válvula de GL Modelo BOT N10 GAS LIFT
3009292;PUP JOINT 2.375 EUE N80 GAS LIFT
3009293;"PUP JOINT, 2 3/8"""" GAS LIFT"
3009294;Ports s/ especificaciones diseño G.LIFT
3009295;ABONO MENSUAL
3009296;MANTENIMIENTOS CORRECTIVOS
3009297;PC Touch Screen Telemetría
3009298;INSTALACION/DESINSTALACION DE EQUIPOS
3009299;INGENIERO JUNIOR
3009300;INGENIERO SENIOR
3009301;Toma de Testigos rotados XL Rock
3009302;cargo por estación adicional XL Rock
3009303;Ensayo Sensibilidad de Arcillas
3009304;RECUPERO DE GASTOS IMPUESTO SELLOS
3009305;RECUPERO DE GASTOS ACUERDO COOPERACION
3009306;Servicios actualiza& acond MC S/ ANEXO I
3009307;Total materiales actuali&acond MC ANEXOI
3009308;BOMBEO EN PTA
3009309;Traslado personal COVID
3009310;Válvula esclusa 2 1/16”-5M nueva
3009311;Válvula esclusa 2 9/16”-5M nueva
3009312;SISMOGRAFO (PROGRAMA MONITOREO SISMICO)
3009313;SISMOGRAFO (PROGRAMA MONITOREO SISMICO)
3009314;PARAFFIN MELTING TOOL (INITIAL RUN)
3009315;OPERARIO
3009316;KILOMETRAJE
3009320;2 CAMPAÑA AUTOMATIZACION SS AL POZO
3009321;Suministro tierra (tierra negra) limpia
3009322;Disposición residuos de manejo especial
3009323;Disposición de aguas negras
3009324;Disposición de sólidos con HC
3009325;Equipo de respiración tipo cascada
3009326;ASISTENCIA TECNICA 2 INYECCIONISTA
3009327;Servicio de Internet Equipos MEXICO
3009328;Instalación Internet MEX
3009329;Desinstalación Internet MEX
3009330;Cargos administrativos Internet MEX
3009331;Cargo x bbeo hasta 5000psi (PIT) prim 4h
3009332;Chofer conductor camioneta en renta
3009333;rec/sal
3009334;OBRA BALANZAS
3009335;"Enrosque  acces TR de 7"""
3009336;"Transporte de TR de 7"" a pozo"
3009337;"Equipo Control de Presion 3""@5kpsi"
3009338;"Equipo Control de Presion 7""@5kpsi"
3009339;Grúa Telescópica de hasta 30Ton
3009340;Cargo de grua jornada 12 hs 80 TONS
3009341;Caja c/pruebas antidoping 25 elementos
3009342;Pago No remunerativo
3009343;Ayudante General 8 hs.
3009344;Supervisor 8 hs.
3009345;Supervisor de HSE en sitio 8 hs.
3009346;Retroexcavadora 8 horas
3009347;OBRA TANQUE AUSTRALIANO
3009348;Excavadora 320 o similar
3009349;Suministro de arena limpia
3009350;Suministro de tierra (Arcilla) limpia
3009351;MATERIAL DE REVESTIMIENTO c/FLETE
3009352;Un. presión al vacío rem.residuos 20-30
3009353;Camioneta p/remoción de residuos
3009354;Un. tipo góndola p/remoción residuos
3009355;un. tipo vactor p/remoción residuos
3009356;Disposición tierra contaminada c/HC
3009357;DISPOS. AGUA CONTAMINADA C/HIDROC.
3009358;DISPOS. AGUA CONTAMINADA C/ADITIVOS
3009359;Unidad tipo Pipa de 30 m3 de agua limpia
3009360;Unidad tipo Pipa de 20 m3 de agua limpia
3009361;Unidad Camión Contraincendios
3009362;Mantenimiento Routers
3009363;Telefonía Fija Trama SIP Buenos Aires
3009364;Telefonía Fija Trama SIP nqn
3009365;SE CTRL PLAG TPF
3009366;BOMBAS
3009367;Med. PyT por 2 Memm Gauge p/uso superf.
3009368;Med. PyT por 2 Memm Gauge p/uso en fondo
3009369;Constatación de Fondo hasta 1500 m
3009370;Det. Fugas tuberias (acustico) h/1500m
3009371;Bajada de impresores hasta 1500m
3009372;Toma muestra liq./sol. de fondo h/1500m
3009373;Fijado y pesca tapones p/ tbg h/1500m
3009374;Gradientes presion est. y din.h/1500m
3009375;Mov. camisa de circulacion hasta 1500m
3009376;ILT con spinner hasta 1500 m
3009377;PLT con spinner hasta 1500 m
3009378;Ensayo Build Up/Fall off c/memmory fondo
3009379;Operación Puncher Tuberia (h/ 1500M)
3009380;Unidad de línea de acero 5K psi
3009381;Unidad línea de acero para calibración
3009382;Registro PT
3009383;Hora Extra Servicio regristro PT
3009384;Hora Extra Servicio con sonda
3009385;Movi. equipo y personal (Poza Rica-Pozo)
3009386;Herramientas y equipos en depósito Vista
3009387;Operación Sliclk Line cancelada
3009388;Líder de Servicio
3009389;Analista Funcional Especialista
3009390;Analista Funcional Senior
3009391;Arquitecto de SOFTWARE
3009392;Arquitecto de SOFTWARE
3009393;Desarrollador SSR
3009394;Desarrollador JR
3009395;Tester SSR
3009396;Desarrollador BI SSR
3009397;Sensor Pason Adicional Casing
3009398;Serv Adic Pason Datos Witsml
3009399;DTM Inicial MED. hasta BDP
3009400;HOUSING FRONT W/DUST (10178360)
3009401;BATERIA LITIO 2X3.6v (10178838)
3009402;Prep Colch Lav x m3.De1.801a2.100g/dm3
3009403;FLOW18012A
3009404;Cuadrilla de Mant gral
3009405;Cuadrilla de Mant Mec
3009406;Serv. Retroescavadora C/Personal
3009407;"valv Bola de 3"" 600 # RTJ, marca NEWAY 3"
3009408;"válv compuerta,de 3"" 600 R.F Neway"
3009409;ESPERA-Un de transp granel (Bulk-Cem
3009410;AJUSTE CERTIFICACION
3009411;Renovación ASA Firepower
3009412;Desarrollador BI SSR
3009413;ANTICIPO POR SECADO DE ARENA
3009414;TROSKIL 2415B
3009415;renta de linea telefonica basica
3009416;Telefonia plan 500 min de llamadas
3009417;SOLUCION SODA CAUSTICA AL 50%
3009418;Marpol 72 L
3009419;DIA OPERATIVO - SIST WT
3009420;Lechada para Top Job
3009421;Tuberia macarroni para Top Job
3009422;Espaciador para operac de cem
3009423;Blend de part p/lech baja dens y alta Re
3009424;Vol adic lech llenado p/TR de 7 a 1420m
3009425;Vol adic lech de amarr p/TR de 7 a1420m
3009426;"PACKER MECANICO 7"""
3009427;STUFFING BOX, 3 8VX1-1/2 DP FIG 800
3009428;CLAMP, 1-1/2 3-BOLT POLISH ROD
3009429;BOP, 3 IN LP M X F 2000 PSI 2.44 ID LP15
3009430;3 frac tank – tanque de almace 500 bls
3009431;JORNADA MUESTRA EN CAMPO
3009432;C.x pileta de acumulación x m3 x día
3009433;MODULOS HABITACIONALES
3009434;PARAFFIN MELTING TOOL (ADDITIONAL RUN)
3009435;SERIVICIO INSPECCIÓN
3009436;SERVICIO TECNICO MANO DE OBRA
3009437;SE REP. VALV ESF 6´S150 T.C
3009438;SE REP. VALV SEG VSE 1 1/2´S-300
3009439;SE REP. VALV DIAF 3´S150 T.C
3009440;Anillo Oval Combinación en acero inoxida
3009441;"Birlo ASTM A193 GR.B7, Longitud de 12"","
3009442;SE REP. VALV ESCL 8´S150 T.C
3009443;SE MANT VALV RET 6´S900 T.A
3009444;SE MONT/DESMONT. VALV SEG VSE 3´S-600
3009445;SE REP. VALV SEG VSE 3´S-600
3009446;Camisa de circulación CLS 2 3/8” EUE x 1
3009447;Renta de bomba falsa 278
3009448;disponibilida de operador jetpump
3009449;"Fabricación de Combinación de 3 1/2"" Mul"
3009450;"Escariador rotatorio para TR 7-5/8"" OD o"
3009451;"Carrete Adapter 7 1/16"" 10K x 5K (dia)"
3009452;"cople 7/8"" a 3/4"""
3009453;DESCUENTO POR ADJ 3 PADS
3009454;DESCUENTO POR ADJ 5 PADS
3009455;DESCUENTO POR ADJ PM+UM
3009456;Permanencia Espera en localización
3009457;"Brida 13 5/8"" 5000 PSI para conductor"
3009458;"Saver Sub 4 1/2""Pin x 4 1/2""Box"
3009459;Maniobra de Reacomodo de Rig
3009460;Supervisor operativo yHSE
3009461;Renta mensual upv 30 m3 transporte
3009462;CELAJE, LOCALIZACIÓN Y SONDEO DEL DUCTO
3009463;EXCAV. MANUAL Y MECÁNICA S/DAÑAR DUCTO
3009464;INSP. VISUAL AL RECUBRIMIENTO EXISTENTE
3009465;RETIRO RECUBR. Y LIMPIEZA MECÁNICA PND
3009466;SEGMENT. SISTEMAS DE PROCESO Y TTE.
3009467;EXTRACCION ARENA CANTERA
3009468;EXTRACCION ARENA CANTERA
3009469;INSPECCIÓN PND - VISUAL DIRECTA
3009470;INSPECCIÓN PND - ULTRASONIDO
3009471;INSPECCIÓN PND - PARTÍCULAS MAGNÉTICAS
3009472;ANÁLISIS DE INTEGRIDAD MECÁNICA x DUCTOS
3009473;INSPECCIÓN BASADA EN RIESGO
3009474;LIMPIEZA MECÁNICA Y APLICACIÓN RECUBRIM.
3009475;C.CALIDAD, PRUEBA DIELÉCTRICA-MED.ESPES.
3009476;TAPADO DE EXCAVACIÓN
3009477;DIFERENCIA TARIFA AJUSTE
3009478;CAPACITACIÓN MANEJO DEFENSIVO IN COMPANY
3009479;CAPACITACIÓN MANEJO DEFENSIVO EXTERNO
3009480;CONFECCIÓN HOJA DE RUTA
3009481;CALIBRACION Y MANT DE EQUIPOS DE LABORAT
3009482;LIMPIEZA DE TANQUES DE COMBUSTIBLE
3009483;FlowDocs Drive Maintenance
3009484;CONSTRUCCIÓN DE LOCACIÓN NUEVO FLARE
3009485;CONSTRUCCIÓN DE LOCACIÓN NUEVO KOD
3009486;AZURE SENTINEL MICROSOFT
3009487;FASE A IMPLEMENTACION AZURE SENTINEL
3009488;MENSUAL FASE B SERVICIOS AZURE SENTINEL
3009489;HORA ADICIONAL AZURE SENTINEL
3009490;Tarifa adic uso Emulsion Inv
3009500;CANC Cist criog (Incluye unidad de Tpte
3009501;CANC-Un Transp Mezc, N2 o CompuVan,12 hs
3009502;CANCEL-Unidad liviana-(12 hr)
3009503;CANCEL Un Transp Frac/Bombeador-12 hr
3009504;T ESPERA-Tanques,Cist, tkes tratam,12hs
3009505;TIEMPO DE ESPERA-Unidad liviana-(12 hr)
3009506;IC-18
3009507;TRAILER PARA PERSONAL /24 hs
3009508;LLAVE CAÑOS AB P/OP.CAPILAR/BES,TIPO5500
3009509;Diferencial Tarifas FLUIDOS Oct20-May21
3009510;CLAR16029
3009511;Movimiento de Suelos y Cerco Perimetral
3009512;Obra Civil,Montaje Electromcánico,Prec
3009513;Equipos de Maniobra y Protección
3009514;Serv programac,gestión coord PCP con GLP
3009515;TRABAJO EN ALTURA SUPERADO LOS 2,5M
3009516;Traslado Baños Portatiles
3009517;Renta Baños Portatiles
3009518;Sumin agua Baños Portatiles
3009519;Succión agua Residual Baños
3009520;Kit limpieza Baños
3009521;Servicio de Vigilancia Nocturna
3009522;Serv. Vigilancia Nocturna 2 turnos
3009523;Copiado de cintas IBM 3490
3009524;Copiado de cintas Exabyte   por tape ent
3009525;Copiado de cintas DLT
3009526;Disponib Un de BM Hidr/hidroneum
3009527;Renta presa 21 m3
3009528;CARGA, TRANSPORTE Y DESCARGA PRESA 36M
3009529;REGISTRO ELECTRICO SECCION FINAL CARGO F
3009530;SERV de ING DE FL PERF(personal obrero)
3009531;Dif. Tarifa SAPEP OCT-DIC equipos 1a10
3009532;Dif. Tarifa SAPEP OCT-DIC equipos 10-17
3009533;GASBLOK D500
3009534;MONTAJE BASES PREMOLDEADAS
3009535;PAT
3009536;Mantenmineto preventivo mecánico a válvu
3009537;mtto a porta chocke
3009538;Servicio Check Valve FB-2 Día adicional
3009539;Servicio Bajante por carrera
3009540;Transporte de arbol de produccion
3009541;"Brida de transición 3 1/8"" 5,000psi X 2"
3009542;Anillo API acero al carbón CAD R-27
3009543;AF-VIANDAS FIN DE SEMANA(DESDE MONTUOSO)
3009544;Cancelac. Tool Taxisa p/MDT (+15%)
3009545;Punto Debil
3009546;inclinometria Profundidad
3009547;inclinometria Registro
3009548;INCORPORACION PERSONAL
3009549;Well Screening & Selection
3009550;Fluido de perf base agua densif 7
3009551;SEGREGRADO GRAVA
3009552;JORNADA ADICIONAL MAQUINARIA VIAL
3009553;Well Data Labs – Completions Analytics
3009554;Well Data Labs – Real-Time Add-On
3009555;Custom Treatment Pressure Confidence Int
3009556;Limpieza Presa retorno+cuad, mater,sumin
3009557;Limpieza Presa auxl + lineas y acces.
3009558;Limpieza Presa de recorte cía SLB
3009559;HH Proceso
3009560;HH Tuberías
3009561;HH Mecánico
3009562;HH Civil
3009563;HH Electrico
3009564;HH Instrumentación
3009565;Instalaciones para Gas Lift + Separador
3009566;Montaje 4to-5to Compresor+Facilidades 6t
3009567;Montaje 6to Compresor + Separador BP
3009568;Rehabilitación cantera TANUZ
3009569;Serv de lavado Geomembrana
3009570;Sensor emboladas
3009571;Colaboraciones Generales
3009572;TRATAMIENTO POR 2DO SEGREGADO
3009573;Diver Max Gel
3009574;IMPLEMENT plataforma drixit
3009575;Tendido de Gasoducto Fuel Gas
3009576;Instalaciones de Superficie de Gasoducto
3009577;Tendido de Gasoducto Evacuación
3009578;Instalaciones de Superficie de Gasoducto
3009579;Servicio PLT
3009580;Servicio Grua , y Rig less
3009581;Procesamiento e interpretacion PLT
3009582;IDIS 300
3009583;Colchon Tempotix
3009584;Cargo por Stand By Unid de Disparo
3009585;FLUI - GREEN-CIDE 25G
3009586;FRAC - FEE MENSUAL (6 stg/day) M+V
3009587;"Reg.presión Temp.Mandril 2 7/8"" mem.gaug"
3009588;Tte/Mov.  personal Base prov. a Vernet
3009589;Tanque Skimmer 640m3 (9,2m x 10m)
3009590;Tanque Emergencia 320m3 (9,2m x 5m)
3009591;Diferencial x reacon/instalac de presas
3009592;Reservoir Modeling - Mechanistic Study
3009593;Bombas Booster de Agua de Inyección
3009594;Bombas Transvase TK Skimmer
3009595;IMPUESTO INTERNO
3009596;EOS Model Development
3009597;Dosificación desemulsionante 500-1000ppm
3009598;Gas HnP EOR - Key Sensivities
3009599;API 80 XR Mongoose Comp OEM Screen
3009600;API 100 XR Mongoose Comp OEM Screen
3009601;API 120 XR Mongoose Comp OEM Screen
3009603;Materiales consumidos PADS 21 y 35
3009604;SERVICIO ING PROGRAMADOR SCADA
3009605;MOVILIDAD YACIMIENTO Y VIATICOS
3009606;COLECTOR 4 ENT VERSION PAD 44
3009607;EMBR 10203
3009608;CORR10468A
3009609;Informe de Diagnóstico  Madurez Digital
3009610;Informe de Roadmap digital del Upstream
3009611;REPARACION DE DUCTOS Y RECIPIENTES prfv
3009612;Suministro de Salmuera sódica de 1,12 gr
3009613;Agua congénita solicitada (Transp)
3009614;Mat perdido en Pozo
3009615;Transp tubería y htas Base desde Reg Nor
3009616;Transp tubería y htas entre pozos
3009617;BORO
3009618;ARSENICO EN AGUA
3009619;CARACTERIZACIÓN DE PARTÍCULAS
3009620;IDENTIFICACION GC-MS
3009621;DEMORA EN YACIMIENTO ATRIBUIBLE A VISTA
3009622;SE REC/SALAR CONT
3009623;TRANSPORTE AEREO
3009624;DIA DE ALINEACION MOTOR BBA MAS DE 500HP
3009625;DIA DE ALINEACION MOTOR BBA HASTA 500HP
3009626;Sis.adquisicion de datos flujo y presion
3009627;Servicio de movilización y Transporte.
3009628;STANDBY DE EQUIPO DE BOMBEO TRIPLEX
3009629;ITEMS OBRAS CIVILES
3009630;PLAN DE MONITOREO
3009631;LAVADO EN CAMPO
3009632;LAVADO EN CAMPO
3009633;TRASLADO
3009634;PLAN DE MONITOREO
3009635;PIPING AC
3009636;PIPING PEAD
3009637;BRIDAS AC
3009638;ACCESORIOS AC
3009639;INSTRUMENTOS
3009640;VALVULAS
3009641;Cargo por hora adicional Grúa h/21tn
3009642;"BOP cuadruple 3 1/16"" 10 kpsi, x día"
3009643;TIEMPO DE ESPERA-Recirculador Batchmixer
3009644;ESPERA-Un de transp,c/capacidad + 20 tn
3009645;"Carr adaptador7 1/16""10kpsi c/sal 4/16"
3009646;Standby Un Pesada para Transp de Piletas
3009647;Safelub
3009648;Pipe on Pipe Friction Reducer
3009649;TTE ULT MILLA ARENA - ADICIONALES
3009650;Analisis numero acido
3009651;Analisis cloruro organico
3009652;Analisis Silicio organico
3009653;CADETERIA CUTRAL CO-PLAZA HUINCOL
3009654;ALQ TRAILER GIMNASIO
3009655;SERV DE MEDICION POZO 24 HRS MENS
3009656;Y11 - RECEPCION BATERIAS Y PILAS
3009657;Y11 - DISP. FINAL BATERIAS Y PILAS
3009658;reconocimiento actualización
3009659;BOMBA EFLUENTES 1 HP
3009660;"Determinación de gravedad API D1298 12"""
3009661;Prueba botellas a dist. concentrac. p.in
3009662;SCAN 3D
3009663;PHASED ARRAY P/DETECCION FALLAS
3009664;ULTRASONIDO CONV PERNO PIE DE BIELA(AIB)
3009665;PART MAGNETIZABLES Y LIQ PENETRANTES
3009666;INSP VISUAL, RELEV EQ Y LIN PLANTAS CONT
3009667;CONSTRUCCIÓN DE DÁRSENA DE ACCESO
3009668;CONSTRUCCIÓN DE CAMINOS DE ACCESO A TP
3009669;CONSTRUCCIÓN DE LOCACION PARA TPF, ANTOR
3009670;CONSTRUCCIÓN DE LOCACIÓN PARA PAD DE PZO
3009671;ACCIONES SUSTENTABLES
3009672;Serv TTE Personal Elo La V 3 Mini bus 24
3009673;Serv TTE Pers. Med L a L (COMBI+ MINBUS)
3009674;Serv TTE Pers. Borde M Lu a vi (combi)
3009675;Serv TTE Pers. TPF COMBIS
3009676;Serv TTE Pers. ELO TURNOS MINI BUS24
3009677;AUTOBOMBA x 12 HS
3009678;AUTOBOMBA x Hora
3009679;AUTOBOMBA Km
3009680;VEHÍCULOS LIVIANOS x Km
3009681;MINI BUS24 L A V CIPO5SALTOS/ELO/CIPO
3009682;MINI BUS24 L A V nqn/cent/elo/nqn/cente
3009683;MINI BUS24 L A V catriel/ELO/CATRIEL
3009684;catriel/ELO/CATRIEL Cambio turno + diur
3009685;COMBI 9 L A V PLO/NQN/CEN/BORDE/PLO/CEN
3009686;COMBI 9 L A V CIPO/5SALT/BORDE M/CIPO/5
3009687;COMBI 9 L A V NQN/BORDE MONT/NQN
3009688;COMBI 9 TURNOS NQN/CENT/BORDE M/NQN
3009689;COMBI 9 TURNOS CIPO/5SALT/BORDE M/CIPO
3009690;COMBI 9 TURNOS NEUQUEN-TPF-NEUQUEN
3009691;TRASBORDO AUTO L A V NQN/CIPO/PLO/CENT
3009692;TRASB SPRINT  NQN/CIPO/PLO/CENT L A V
3009693;TRASB AUTO L A D NQN CIPO PLO 5SALTOS
3009694;TRASB  SPRINT L A D NQN CIPO PLOT CENT
3009695;TRASB  M Y MIER TURNOS AUTO NQN CIPO PLO
3009696;MIN BUS24 L A D NQNCIPO-ELO-CIPO NQN
3009697;MIN BUS24 L A D CAT-ELO-CATRIEL
3009698;SPRINT 9 L A D/ NQNCIPO/ELO/ NQN CIPO
3009699;PICK UP NQN /A.F./ NQN L A V DIURNO
3009700;COMBI 9 L A V CAT / BORDE M/ CATRIEL
3009701;COMBI 9 L A D CAT / BORDE M/ CATRIEL
3009702;TRASBORDOS SERVICIO ELO TURNOS
3009703;Serv TTE Personal Elo La V 3 Mini bus 24
3009704;Serv TTE Pers. Med L a L (COMBI+ MINBUS)
3009705;Serv TTE Pers. Borde M Lu a vi (combi)
3009706;Serv TTE Pers. TPF COMBIS
3009707;Serv TTE Pers. ELO TURNOS MINI BUS24
3009708;Cuadrilla montaje L a V ELO/ BDP, 2 PERS
3009709;Serv TTE Pers. ELO TURNOS MINI BUS24
3009710;Cuadrilla i&C 7X7  + 5X 2
3009711;comedor & baño borde Montuoso
3009712;Cuadrilla i&C 7X7  + 5X 2
3009713;oficina taller borde Montuoso
3009714;Cuadrilla i&C 7X7  + 5X 2
3009715;horas extras por persona al 50%
3009716;horas extras por persona al 100%
3009717;vianda adicional
3009718;remis por viaje en horas extras
3009719;alquiler mensual
3009720;CANON INICIAL
3009721;Provisión e instalación de Mástil reticu
3009722;Instalación de inst de infra para Intern
3009723;EIA - Informe de Estudio de Impacto Ambi
3009724;A3a - Informe de Auditoría Ambiental
3009725;RBCA - Informe de análisis de riesgo
3009726;Jornada de inspección ambiental
3009727;ANA LABO TPH-suelos (C6-C36) TNRCC 1005
3009728;ANA LABO TPH-AGUA( C6-C36) - TNRCC 1005
3009729;ANA LABO TPH-SUELO C6C36 DRO ARO TNRCC
3009730;ANA LABO TPH-AGUAC6C36 DRO ARO TNRCC
3009731;ANA LABO BTEX-suelos - EPA 3810HS EPA 80
3009732;ANA LABO BTEX-agua - EPA 3810HS EPA 8015
3009733;ANA LABO Apertura de cadena AH (adi tnrc
3009734;ANA LABO PAH discriminados-suelos/agua (
3009735;CONSTRUCCION DE LOCACIONES
3009736;LICENCIA SOFTWARE hardlock
3009737;Licencia prosper 64 bit, renta
3009738;Licencia gap 64 bit, renta
3009739;Licencia MBAL, Renta
3009740;COMBI 11 L A VA PLO NQN CEN/ BORDE/PLO N
3009741;COMBI 11 L A VA CIPO 5SAL/BORBE M / CIPO
3009742;COMBI 11 L A V NQN BORDE NQN
3009743;Prov agua pipa 20m3 de 101 a 150km
3009744;acceso por unidad al pozo
3009745;DIA DE CUADRILLA 2 OPERA L A V
3009746;TRANSP UNIDAD LIVIANA
3009747;Transporte Camión Con Hidro
3009748;Hora de hidrogrúa en locación
3009749;Uso de herramienta WPK Jornada 8 horas
3009750;Materiales para servicio de mantenimient
3009751;Geotab Dispositivo de seguimiento
3009752;Antena satelital IOX-SATIRDV2
3009753;Licencia mensual por vehiculo Geotab
3009754;tanque de almacenamiento de GLP
3009755;SL -  Kickover tipo OK6
3009756;CARGO BASICO (APLICA POR VIAJE AL POZO)
3009757;CARGO POR ESPERA DE UNIDAD Y PERSONAL
3009758;CARGO TRANSPORTE UNIDAD LIVIANA
3009759;CARGO TRANSPORTE UNIDAD MEDIANA
3009760;CARGO TRANSPORTE UNIDAD DLS
3009761;INSTALAC EQUIPO DE PRESION DUAL PACK OFF
3009762;INSTALACION EQUIPO DE PRESION 10K
3009763;CARGO POR CARRERA EQUIPO DE PRESION 10K
3009764;CARGO PROFUNDIDAD DETERMINACION DE PROFU
3009765;CARGO PROFUNDIDAD CANASTA CALIBRADORA
3009766;CARGO PROFUNDIDAD EVALUACION CEMENTO CBL
3009767;CARGO REGISTRO EVALUACION DE CEMENTO CBL
3009768;CARGO PROFUNDIDAD RAYOS GAMMA
3009769;CARGO REGISTRO RAYOS GAMMA
3009770;CARGO PROFUNDIDAD FIJACION TAPON O PACKE
3009771;CARGO POR CARGA LENTA
3009772;CARGO PROFUNDIDAD CORTADOR EXPLOSIVO
3009773;CARGO PROFUNDIDAD CORTADOR POWERCUTTER
3009774;CARGO DETONADOR E IGNITER DE SEGURIDAD
3009775;CARGO POR PROFUNDIDAD PUNZADO
3009776;"CARGO LONGITUD CAÑON 1 11/16"" A 2 1/8"""
3009777;CARGO PROFUNDIDAD DSL LIVE
3009778;CARGO REGISTRO CCL
3009779;CARGO REGISTRO PRESION-TEMPERATURA
3009780;CARGO POR CARRERA PUNTO DEBIL ELECTRICO
3009781;CARGO POR ACTIVACION PUNTO DEBIL ELECTR
3009782;EQUIPO AUXILIAR GRUA
3009783;SERVICIO DE TORQUE
3009784;SERVICIO DE PRUEBA HIDRAULICA
3009785;CARGO POR CARGO PUNZADO
3009786;SERVICIO AUDIOVISUAL
3009787;SEPARADOR DE BAJA
3009788;CUADRILLA OPERADORES ADICONAL EMC-11
3009789;CERCO PERIMETRAL OLÍMPICO PARA SET
3009790;CONSTRUCCIÓN DE SET
3009791;EQUIPAMIENTO LABORATORIO
3009792;HS INGENIERIA DE CAMPO
3009793;HS INGENIERIA DE GABINETE
3009794;.
3009795;HILUX 4X4 D/C DX 2.4 TDI 6 M/T
3009796;LOCACION Y CAMINO CB-1004
3009797;SALDO POR REDETERMINACIÓN DE TARIFAS
3009798;Acceso dedicado a Internet 150MB limay
3009799;Instalacion internet of limay 150 mb
3009800;Adicionales de obra V-1001
3009801;SERVICIO CALIBRACION ALTAIR PRO 2X
3009802;SERVICIO CALIBRACION 4X, 5X Y FIJOS
3009803;Adicionales de obra V-1002
3009804;SERV CALIBRACION ALCOHOLIMET DRAGER 6820
3009805;KILOMETRO
3009806;HP´S + BTEX´S + HTP - MATRIZ: AGUA
3009807;CONCENTRACION CLORUROS
3009808;ARSENICO (TOTAL) - EPA 3051 A/ 7061 A
3009809;MERCURIO (TOTAL) - EPA 3051 A/ 7061 A
3009810;PLOMO (TOTAL) - SM 3111 B
3009811;CARBONATOS
3009812;BICARBONATOS
3009813;DUREZA TOTAL
3009814;SULFATOS
3009815;FENOLES
3009816;CIANUROS
3009817;CROMO HEXAVALENTE
3009818;IMPLEMENTACION PLATAFORMA MACRO
3009819;Base de Diseño
3009820;Lay Out general
3009821;Memoria descriptiva de Proyecto
3009822;Costeo del Proyecto (Clase5)
3009823;Ing. Factib. Matril de Opc. De Alternat
3009824;Diagrama de Flujo de bloques
3009825;Balance de Masa y Energía
3009826;Pruebas de Botella (solo med H2O libre)
3009827;Memoria de calc. hidraulic prelim. De eq
3009828;Filosofía de Operación y control
3009829;Lista de equipos
3009830;Visita al Sitio Nuevo
3009831;Lay Out Accesos, caminos/veredas
3009832;Planta de Lodo de 300m3 c/embudo (s/oper
3009833;montaje inicial de planta
3009834;demov final Planta
3009835;DTM entre loc
3009836;generador ST By
3009837;viaje por Mov eq adic
3009838;vaporización de piletas
3009839;SERVICIO DE INSTALACION
3009840;Servicio mensual basico 10x5
3009841;Montaje desmontaje diferentes jornadas
3009842;Montaje desmontaje misma jornada
3009843;jornada 2 tecnicos campo sin viat y tte
3009844;jornada 2 Ing campo sin viat y sin tte
3009845;movilidad personal a campo (ida y vuelta
3009846;viaticos por persona por jornada campo
3009847;jornada hidroelevador
3009848;ACUERDO BONO COVID
3009849;ACUERDO BONO COVID
3009850;Internet dedicado 100 MB
3009851;MANT GENERADOR PC25 ULACT MED
3009852;MANT GENERADOR 900F RCI MED
3009853;MANT GENERADOR D PP-139 JQ
3009854;MANT GENERADOR PDG-187 JQ
3009855;MANT GENERADOR PP-20 ULACT ELO
3009856;MANT GENERADOR SDSC225S CPTO ELO
3009857;MANT GENERADOR LG165CS LIMAY
3009858;HORAS HOMBRE SERV MANT GENER EMERG
3009859;KM RECORR.POR MANT EMERGENCIA
3009860;Construccion SET de PAD44 y su LMT
3009861;MATERIALES VARIOS ENTREGA EN POZO
3009862;HANGER DOBLE PACK-OFF ROSC 4130 5K PSI
3009863;VALVULA DE INYECCION CCI-1A
3009864;BARRA GUIA 316 SS
3009865;MISCELANEOS INSTALACION DE SUPERFICIE
3009866;"TUBING CAPILAR DUPLEX 2205 1/4""X0,035"
3009867;SERVICIO INSTALACION TUBING CAPILAR
3009868;SERVICIO DESINSTALACION TUBING CAPILAR
3009869;SERVICIO LIMPIEZA Y PH TUBING CAPILAR
3009870;SERV DESINST-LIMPIEZA Y PH EN CAMPO-INST
3009871;Diferencial Retroact. Jun-Sep21 Fluidos
3009872;DIA CAMION
3009873;Cámara de espuma de 5000 LPM
3009874;Cámara de espuma de 3000 LPM
3009875;Suministro Agua Industrial 1.00 gr/cc
3009876;"Molino de aletas, plano, cónico, 5 1/2"""
3009877;"Escariador rotatorio para TR 7-5/8"" OD"
3009878;Combinaciones diferentes diám y conex
3009879;Tubería de Trabajo 2 7/8” WT-26
3009880;Drill collar liso 4 1/8” od. con2 7/8
3009881;Limpieza y Saneamiento de Presas
3009882;Recolección y Disposición de Sólidos
3009883;Stand By eq de Fluidos
3009884;Fluido Base agua dens. 1,08
3009885;Pecan Nut Plug fino
3009886;Potassium Chloride
3009887;Stand by s/personal Environm Solution
3009888;Gamma Ray Espectral prof.
3009889;Gamma ray espectral reg
3009890;Compresores SERTCO 125-150 HP
3009891;Insumos mmto. Compresores 125-150 hp
3009892;Compresores SERTCO 75 HP
3009893;Insumos mmto. Compresores 75 hp
3009894;Compresores CHCi - CHCg 45-60 HP
3009895;Insumos mmto. CHCi-CHCg  45 - 60 HP
3009896;Compresores CHCe 12,5 HP
3009897;Insumos mmto. CHCe  12,5 HP 100%
3009898;Compresores CHCe  12,5 HP dcto. 5%
3009899;O&M compresor boca de pozo 75-150 HP
3009900;O&M compresor boca de pozo 12,5-60 HP
3009901;KM DTM compresores boca de pozo
3009902;Provisión de Tablero Baja Tensión
3009903;Tratamiento de Efluente/Monitoreo - ALUV
3009904;Mov. Inicial,conex e instal. de Campamt.
3009905;Instal y conex de Campamento
3009906;Instalación Trailer de Adicional
3009907;Desmovilización final de Servicio
3009908;Evacuación de líquidos cloacales
3009909;Muestreo y Analisis de Efluentes
3009910;Sistema de Riego
3009911;SERVICIO DE MONITOREO DE ALARMAS
3009912;"Equipo CTU 1 1/2"" disposición de cliente"
3009913;REC. SALARIALES
3009914;ASISTENCIA Y GENERACION DE CONTENIDO
3009915;LOGISTICA PLANTA DE LAVADO
3009916;LOGISTICA PLANTA DE LAVADO
3009917;Rental Compresor recip. eléctrico 45KW
3009918;Rental Compresor Tornillo eléctrico 22KW
3009919;Prov. y Mje. cubierta metálica
3009920;"CDW 12 1/4"" Metro Adicional"
3009921;Resumen acuerdo petolero
3009922;LIMPIEZA Y DESINFECCION TANQUE DE AGUA
3009923;Biocida - B720
3009924;Diferencial Retroact. Ene20-Sep21 Bundle
3009925;Instalación inicial sensor en eq.torre
3009926;PC Touch Screen casilla maquinista
3009927;Alquiler Camioneta HILUX 4x4 DX DC
3009928;Diferencial Retroact. Ene20-Oct21 DRILL
3009929;AGUA CON HC (Y8)
3009930;Provisión de equipos , insumos materiale
3009931;DIA DE CUADRILLA 2 OPERA L A V
3009932;Servicios (Ing, cálculo fact. enlace,PEM
3009933;DIA DE CUADRILLA 2 OPERA L A V
3009934;Provisión de equipos , insumos materiale
3009935;Radio movil Digital Motorola SGM 6100UHF
3009936;Radio bases Motorola SGM 6100 UHF
3009937;Radio portatil Dig Motorola DGP 8050eUHF
3009938;Licencia IP Site Connect
3009939;ALQUILER DE CABINA
3009940;LEY IMPOSITIVA 3311/2021
3009941;STANDBY EQUIPO WEL TEST 24 HORAS
3009942;MATERIALES ELECTRICOS
3009943;ALQUILER GENERADORES
3009944;SERVICIOS DE ADECUACION OFICINAS
3009945;DBN-1487
3009946;IPB953
3009947;IC7001
3009948;SERV MENSUAL BASICO
3009949;ALQ EQUIPO DOSIFICADOR
3009950;CARGA Y DESCARGA CON MALACATE
3009951;CARGA Y DESCARGA CON MALACATE
3009952;TRANSPORTE GAS
3009953;TRANSPORTE DE GAS
3009954;PROE27000
3009955;SE MANT CRMATOGRAF PM200
3009956;SE MANT CRMATOGRAF
3009957;ABONO MENSUAL INTERNET
3009958;SE REP. VALV SEG VSE 3' S-600 TC
3009959;MONT/DESMONT. VALV SEG VSE 3' S-600 TB
3009960;25-175-RHAC-24-5-0- BM GSTP
3009961;SERVICIO DE DESARME E INSPECCION BM
3009962;SERVICIO DE ARMADO Y REPARACION BM
3009963;Transporte plana con brazo hiap-VHSA-VER
3009964;"Tendido de GASODUCTO 6"" TPF AMo – EPF Bd"
3009965;Instalaciones de Superficie de GASODUCTO
3009966;"Interconexiones de GASODUCTO 6"" TPF AMo"
3009967;"Flow lines de Pozos 3"" (800m):"
3009968;Salmuera Sódica con dens 1.05 a 1.10gr/c
3009969;Salmuera Sódica Viscosa 1.01 a 1.04gr/cm
3009970;Salmuera Sódica Viscosa 1.05 a 1.10gr/cm
3009971;"Escariador conv p/TR de 4 1/2 o 5 1/2"""
3009972;"Escariador conv p/ TR- 6 5/8"" o 7"""
3009973;"MOLINO plano para TR 4 1/2"" o 5 1/2"""
3009974;"MOLINO plano para TR de 6 5/8"" o 7"""
3009975;"P hid juntas tub 2 3/8"" 3 1/2"" 2-10 kpsi"
3009976;Prueba de cabezal con UPH
3009977;Prueba de Arbol de válvulas con UPH
3009978;DEPOSITOS PORTATILES (2 MODULOS)
3009979;LMT Tendido y vinculación de una línea
3009980;Montaje de Subestaciones Transformadoras
3009981;Montaje de Bancos de capacitores
3009982;Montaje de Reguladores Automáticos
3009983;Cierre de Ingeniería Spark Diciembre
3009984;Cierre de Ingeniería Spark Ajuste
3009985;Cierre de Ingeniería Spark Enero
3009986;Cierre de Ingeniería Spark Enero
3009987;"Flow lines de Pozos AM-01/AM-05 3"" 450m"
3009988;"Línea Conducción Colector de Pozos 4"""
3009989;Colector de Pozos
3009990;Diferencia de tarifas Gas Lift
3009991;Transporte Inicial del Eq Reparación
3009992;Transporte final del Eq Reparación
3009993;Conjunto de BOP 11 5M doble y esferico
3009994;Salmuera Potasica con dens 1.05 a 1.10gr
3009995;Salmuera Potasica Viscosa 1.01 a 1.04gr/
3009996;Salmuera Potasica Viscosa 1.05 a 1.10gr/
3009997;Transporte Conj BOP
3009998;Recargo xAg espum p/sist contra incendio
3009999;PERMISOS DE TRABAJO A1/A2
3010000;Tarifa Stand by con personal eq WO
3010001;tarifa Stand By sin/personal  Eq WO
3010002;Tarifa Fuerza mayor eq WO
3010003;Tarifa Operativa Eq WO
3010004;TRAILER COMEDOR
3010005;Renta de varillas para contactar
3010006;BASE BEAM  D) DTM HASTA 15 KM
3010007;BASE BEAM  E) KILOMETRO EXCEDENTE
3010008;"Tendido de OLEODUCTO 12"" PTC CB –LE"
3010009;"Instalaciones de Sup. de OLEODUCTO 12"""
3010010;"Tendido de FIBRA OPTICA A OLEODUCTO 12"""
3010011;"Instalaciones de SuP de OLEODUCTO 12""PTC"
3010012;HS EXTRAS 2 PERS 50%
3010013;HS EXTRAS 2 PERS 100%
3010014;Rental Scrubber de Succión
3010015;VARILLERO - FLUSH BY
3010016;Transporte de Varillas
3010017;Acceso a pozo
3010018;Renta de varillas de succión
3010019;ENLACE 20 MBPS AGUADA FEDERAL
3010020;cargo instalación
3010021;Imagen pozo (Dual OBMIl)-Cargo por prof
3010022;Imagen de pozo (Dual OBMIl)-Cargo x reg
3010023;Imagen pozo(Dual OBMIl)-Procesam.Básico
3010024;Imagen de pozo (Dual OBMIl)-Proces.
3010025;Espectrometría (NEXT)-Cargo por prof
3010026;Espectrometría (NEXT)-Cargo por reg
3010027;Toma de muestras (MDT)-Cargo por prof
3010028;Toma de muestras (MDT)-Cargo x muestra
3010029;Sónico compresional (DT)-Cargo por prof
3010030;Sónico compresional (DT)-Cargo por reg
3010031;Sónico Dipolar-Sónico Scanner-Cargo prof
3010032;Sónico Dipolar-Sónico Scan-Cargo x reg
3010033;Sónico Dipolar-Scan-Cx reg Mod anisotrop
3010034;Sónico Dipolar-Scan-Cx reg Modo anisotro
3010035;Dieléctrico (ADT)-Cargo por prof
3010036;Dieléctrico (ADT)-Cargo por reg
3010037;Estudio de hidráulica
3010038;ALQUILER MENSUALTRAILER
3010039;ALQUILER BAÑO Y LIMPIEZA
3010040;VACIADO DE TANQUES
3010041;SERVICIO DE AGUA MINERAL
3010042;CALENTADOR ELECTRICO DE GAS
3010043;Tarifa A operativa C&S/ Barras de sondeo
3010044;Tarifa C- Espera con personal
3010045;Tarifa E Espera S/ personal
3010046;Tarifa E Tarifa especial
3010047;GUARDIA PASIVA POR OPERARIO (S-D-F)
3010048;Cargo por transporte de explosivos
3010049;Tarifa Coring,  por metro  cortado
3010050;Tarifa stand by Coring
3010051;Mov Demov equ de Coring
3010052;Cargo diario Operador de Coring
3010053;Incentivo x día inferior a 21
3010054;Penalidad más de 21 días h/7 días
3010055;ENLACE 15Mbps aguila mora
3010056;ENLACE 10 MBPS AGUILA MORA
3010057;Servicio diario de geotab
3010058;"BBA.ALTERNATIVA PISTON 4""PAQ"
3010059;ALTERNATIVA PISTON 5”
3010060;Análisis salinidad iones-agua RFL 192
3010061;Det. azufre en crudo ASTM D4294 RFL122
3010062;Punzados Circulation C x Prof
3010063;Punzados Circulation cargo x tiro
3010064;"Cortador Jet 2 7/8"" C x Prof"
3010065;"Cortador Jet 2 7/8"" Cargo x corte"
3010066;Servicio de Auditoria
3010067;Km adic de 20 km
3010068;Grúa de 45 tn
3010069;Adic por  x perf pozos dirigido
3010070;Desarraigo personal
3010071;Brigada topográfica México
3010072;Estudio de ingeniería MEX
3010073;Acondicionamiento de Gas
3010074;Data Scientist 80 horas
3010076;PARA02162A
3010077;TABLEROS ELECTRICOS
3010078;Mob/DemCT 2 3/8 NonPostFrac related ops
3010079;Mob/Dem PFMS for NonPostFrac related op
3010080;Mob/Dem FPDO for NonPostFrac related ops
3010081;Mov + Dem (desde Base, incl ambas y todo
3010082;Mob/Dem Aux eq( tanks,filters),per truck
3010083;WO/RL CT 2 3/8interv,NonPostFrac related
3010084;WO/RL PFMS interv,NonPostFrac related,Op
3010085;WO/RL FPDO interv, NonPostFrac related,
3010086;WO/RL SWT interv, NonPostFrac related,Op
3010087;WO/RL CT2 3/8 interv,NonPostFrac related
3010088;RL PFMS interv, NonPostFrac related,Stby
3010089;RL FPDO interv, NonPostFrac related,StBy
3010090;WO/RL SWT interv, StandBy time
3010091;Surge tank
3010092;Closed tankW/gas buster,incl mob/dem,min
3010093;Closed tank W/degasser W/gas sensor,incl
3010094;Closed tank W/flame arrestor, incl mob/d
3010095;J312, Goma Xanthan
3010096;N2, Nitrógeno
3010097;CONTRIBUCION EXTRAORDINARIA MAR-22
3010098;Servicio de Saneamiento
3010099;RECINTO DE RESIDUOS BORDE MONTUOSO
3010100;REPOSICION DE CEBADERAS TPXICAS
3010101;Niple de asentamiento N11-25
3010102;CONTRIBUCION EXTRAORDINARIA COVID-19
3010103;SERVICIO DE MENSAJERÍA
3010104;FLUI - VINSEAL FINE
3010105;FLUI - VINSEAL MEDIUM
3010106;FLUI - VINSEAL COARSE
3010107;FLUI - GRANDE SEAL M
3010108;FLUI - GRANDE  SEAL COARSE
3010109;ASIGNACION EXTRAORDINARIA NO REMUNERATIV
3010110;Empalme de cintas transportadoras
3010111;Kit de equipos para bloqueo
3010112;Fee mensual por manten preven y correct
3010113;Fee  rental  de equipos por pozo
3010114;Fee  mant preve y correct por pozo
3010115;Fee mensual por uso de plataforma
3010116;B720 - Biocide
3010117;B720 - Biocide
3010118;M307 - Biocide (antes B737)
3010119;Plug&Play Perf Sys,Ad charge p/cluster
3010120;Plug&Play Orient Perf Sys ch/cluster
3010121;ReacXion Complete 5,5” (17,0-23,0#)
3010122;ReacXion Slim 5,5” (20,0-23,0#)
3010123;ReacXion Nano 5,5” (20,0-23,0#)
3010124;Expensas varias
3010125;COMPRA DE EQUIPO AA E INSTALACION
3010126;COLECTA DE SEMILLAS
3010127;CONTRIBUCIÓN EXTRAORDINARIA
3010128;SERVICIO DE CATERING
3010129;Reductor de fricción Fusion3000
3010130;Cuponera
3010131;Reparación de Anclas 4 1/2
3010132;"Reparación de Anclas 5"""
3010133;"Reparación de Anclas 5 1/2"""
3010134;"Reparación de Anclas 7"""
3010135;"Reparación de Anclas 9 7/8"""
3010136;rec/sal
3010137;Sincropool Remis de 0 a 1.000
3010138;gestion combis & flota serv mant mensual
3010139;Credito para nuevos usuarios
3010140;TOYOTA COROLLA VX
3010141;Procesamiento Shear Monopolo
3010142;Procesamiento Shear Monopolo
3010143;O&M AERCOM CAN
3010144;USD/MWh Por 5 años / volumen fijo (A)
3010145;USD/MWh Por 10 años / volumen fijo (A)
3010146;USD/MWh Período ago23 a abril 25
3010147;USD/MWh Período abril 25 -fin contrato
3010148;carga de equipo
3010149;MAYORES COSTOS (DIFERENCIA TARIFA)
3010150;CALIBR PTE MED AGA 3 2 Report INTI-SAC
3010151;ECHOMETER MODEL E (WICH COMPUTER)
3010152;MOVILIZACION
3010153;LIMPIEZA DEL DUCTO HRU-TGS
3010154;LIMPIEZA DEL DUCTO PTC ELO-OLDELVAL
3010155;INSP C/PIG INTELIGENTE DUCTO HRU-TGS
3010156;INSP C/PIG INTEL DUCTO PTC ELO-OLDEVAL
3010157;INFORME PRELIMINAR Y FINAL
3010158;HOJA DE INSPECCION ADICIONAL
3010159;JORNADA STAND-BY
3010160;DESMOVILIZACION
3010161;CARGO X TANSPORTE-BMO Convoy WL/DSL
3010162;CARGO X TANSPORTE-AF-Convoy WL/DSLx mov
3010163;CARGO X TANSPORTE-AM-Convoy WL/DSL x Mov
3010164;CARGO OPERACIÓN-Instalac de Packer x op
3010165;CARGO STAND BY-Espera unidad y/oPersonal
3010166;CARGO SERVICIO TORQUE Y ANDAMIO Por Op
3010167;Rehabilitación de camino de acceso
3010168;Terraplén
3010169;Gravón
3010170;Grava
3010171;GR  Correlación
3010172;Cargo por Bbeo adic
3010173;Transmisión WITSML (Log 5 Seg)
3010174;Estación Trabajo Estándar
3010175;Transmisión 3ras Cías (WITS/Modbus)
3010176;Transm mensual (WITS/Modbus)
3010177;vehículo adicional
3010178;UPS + banco de baterías
3010179;"String Hta Limp Spin Cat De 1 11/16"""
3010180;Salmuera Potasica dens 1.01 a 1.04 gr/cm
3010181;Honorarios Profesionales
3010182;CONSULTORIA DE ALOCACION Y PRODUCCION
3010183;P Corrosión (MIT/MTT) - C Prof
3010184;PCorrosion (MIT/MTT) - C Reg
3010185;P Corrosión (MIT/MTT) - C Interpret
3010186;SERVICIO DE LIMPIEZA
3010187;SERVICIO DE VIANDAS
3010188;bomba centr.de trasvase c/mot electrico
3010189;Alquiler Toyota Hilux 4x4 D/C
3010190;Kilometros excedentes
3010191;EQ1060 ECHOMETER MODEL (W/computer
3010192;Alquiler  Toyota Hilux 4x4 D/C
3010193;Kilometros excedentes
3010194;Suscripción anual R1Y-BE(I-U) monit Lice
3010195;Suscripción anual R1Y-L1(I-U) monit Lice
3010196;Suscripción anual R1Y-L3-4(I- u)Moni Lic
3010197;Suscripción anual
3010200;Insumos para limpieza de oficinas
3010201;STAND BY
3010202;ABONO MENSUAL REPORTE AVL-PROACTIVO FULL
3010203;SOLW 90 (Solvente Mutual)
3010204;"B2 FAST DISSOLVE FRAC PLUG 5-1/2""20-23#"
3010205;EMBR02453A
3010206;EMBR18321A
3010207;SERVICIO DE INGENIERIA
3010208;Mantenimiento preventivo por torre
3010209;dia de servicio técnico mant correctivo
3010210;Día de Servicio Mantenimiento
3010211;gastos de movilidad (ARS/KM)
3010212;viaticos por dia para 2 personas
3010213;Mantenimiento y evaluación del estado de
3010214;Estación portatil de combustible
3010215;Construccion de camino principal
3010216;DIFERENCIA TARIFA
3010217;DIFERENCIA TARIFA
3010218;SERVICIO PICK-UP LABORATORISTA
3010219;Legajo & onboarding por legajo
3010220;Lodo Ac. ME/VE men11,5 ppg dcto. -10%
3010221;Lodo Ac. ME/VE men11,5 ppg dcto. -5%
3010222;Lodo Ac. ME/VE men11,5 ppg dcto. -7%
3010223;SEPARADOR SUCCION TPF
3010224;PROVISIÓN DE AGUA
3010225;LINEA DE CONTROL ENTRE COLECTORES
3010226;Disponibilidad Equipo W.Testing
3010227;Memory de Superficie Mensual
3010228;Memory de Superficie Mensual Back Up
3010229;Sistema de Calefacción Mensual
3010230;Monitoreo Trazador FBA
3010231;PRUEBA CONCEPT MED MULTIFASICO
3010232;LIMPIEZA DEL DUCTO JQ-TGS
3010233;INSP C/PIG INTELIGENTE DUCTO JQ-TGS
3010234;FLUI - SPERSENE CF
3010235;SNACKS SALUDABLES
3010236;MATERIALES VARIOS
3010237;MATERIALES VARIOS
3010238;MASAJES
3010239;AJUSTE POR DECIMALES
3010240;AJUSTE CERTIFICACION
3010241;EVENTUAL BASE CENTRAL VALOR HORA
3010242;EVENTUAL BASE CENTRAL VALOR VIANDA
3010243;EVENTUAL BASE CENTRAL TASA IMPOSITIVA
3010244;EVENTUAL CUSTODIA YACIMIENTO
3010245;EVENTUAL CUSTODIA YACIMIENTO VALOR HORA
3010246;EVENTUAL CUSTODIA YACIM. VALOR VIANDA
3010247;EVENTUAL CUSTODIA YACIM. TASA IMPOSITIVA
3010248;Ensayos laboratorio
3010249;Flow rate above 80bpm and up to 100bpm
3010250;Tarifa A Operativa C&S/ Barras de Sondeo
3010251;Tarifa C Espera C/ personal
3010252;Tarifa E Espera S/ personal
3010253;Tarifa especial
3010254;Tarifa Fuerza Mayor
3010255;Bomba  20-125-RHBC-24-4+1-1 RV
3010256;Bomba  20-150-RWBC-24-4-1 RV
3010257;Bomba  20-125-RHBC-24-4 RV
3010258;Bomba  20-150-RWBC-24-4 RV
3010259;Bomba  25-175-RHBC-24-4 RV
3010260;Bomba  25-200-RXBC-24-4 RV
3010261;Bomba  25-175-RHBC-24-4 RV
3010262;Bomba  25-200-RXBC-24-4 RV
3010263;Bomba  25-175-RHBC-24-4 RV
3010264;Bomba  25-200-RXBC-24-4 RV
3010265;Bomba  25-175-RHBC-24-4 RV
3010266;Bomba  25-200-RXBC-24-4 RV
3010267;Bomba 25-275-THO-24-4
3010268;Bomba  25-200-RXBC-34-4 RV
3010269;Bomba  25-175-RHBC-34-4 RV
3010270;Bomba  25-150-RHBC-34-4 RV
3010271;Bomba 20-150- RWBC-24-4 RV Petrovalve
3010272;Bomba 20-150- RWBC-24-4 RV SI-NITRIDE
3010273;N11-20
3010274;N11-25
3010275;N11-30
3010276;Red SAE 4140 HH 2 3/8” EUE x 2 7/8” EUE
3010277;Red SAE 4140 HH 2 7/8” EUE x 3 1/2” EUE
3010278;Repuestos Misceláneos
3010279;"Armado bomba reparada, menor/igual a2"""
3010280;Armado bomba reparada, Mayor/igual a2.25
3010281;"Idem Bomba nueva 2"""
3010282;"Idem Bomba nueva 2"" 25"
3010283;Desarme de bomba y recup. de materiales
3010284;Asistencia en campo
3010285;operador
3010286;Librado de bomba aprisionada en tubing
3010287;Corte y roscado de barril
3010288;Km solo ida bomba transp, camión semirem
3010289;Servicio de Asistencia Tecnica IT
3010290;Asistencia tecnica dia extra l a v CDMX
3010291;Asistencia tec dia extra l a v y s CDMX
3010292;Asistencia tec dia extra s,d o fer CDMX
3010293;Asistencia tecnica dia extra l a v VH
3010294;Asistencia tecn dia extra l a v y s VH
3010295;Asistencia tec dia extra s,d o fer VH
3010296;Serv mensual para cumplimiento SOX y GRC
3010297;Serv mensual Analisis avanzado Cibersegu
3010298;Serv mensual Soporte 2/3 Herramienta Cib
3010299;Serv mensual de ABM usuarios
3010300;IMAA - BANDURRIA NORTE
3010301;IMAA - AGUADA FEDERAL
3010302;COMBI 9 alen-planta lavado allen L  V
3010303;Pick up L A Vplanta lavado allen
3010304;SERVICIO O&M MOTOCOMPRESORES
3010305;LÍDER ESPECIALIDAD INSTRUMENTACIÓN
3010306;INGENIERO SENIOR INSTRUMENTACIÓN
3010307;INGENIERO JUNIOR INSTRUMENTACIÓN
3010308;PROYECTISTA SENIOR INSTRUMENATACIÓN
3010309;DIFERENCIA POR AJUSTE DE TARIFAS
3010310;Implementación IBM PLANNING
3010311;SOPORTE POST IMPLEMENTACION
3010312;WT-Swivel Cargo por prof.
3010313;WT-WRD Cargo x operación
3010314;WT Stroker Cargo x Op de pesca
3010315;Ing. Campo Stand By
3010316;Op Incompleta
3010317;Tendido OLEODUCTO 12”
3010318;"Instalacion de superficie OLEODUCTO 12"""
3010319;"CAÑO DE ACERO 10"" 5.6MM"
3010320;"CAÑO DE ACERO 10"" 9.2MM"
3010321;FILTRO INOXIDABLE
3010322;Lodo Bse Ac. Int ME/VE men11,5 ppg -10%
3010323;Lodo Bse Ac. Int ME/VE men11,5 ppg -5%
3010324;Lodo Bse Ac. Int ME/VE men11,5 ppg -7%
3010325;Implementación PLANVIEW
3010326;Perf pozo c/Aire Reverso a 55 m Lump sum
3010327;Costo por metro adicional
3010328;ZANJA DE GUARDIA
3010329;AJUSTE DIFERENCIA DE TARIFA
3010330;Recop. y análisis información Seg.Corp.
3010331;Cargos administrativos Seg.Corp.
3010332;Suscripción anual PLANVIEW
3010333;SETUP FEE
3010334;ARENA CRUDA + TRANSPORTE
3010335;CONSTRUCCIÓN CAMINOS INTERNOS
3010336;MANTENIMIENTO DE CAMINOS INTERNOS
3010337;COSTO DE STANDBY
3010338;WT C x Tractoreo subsecuente < 3000m
3010339;OPEX- AMBULANCIA-ENFERMERO-CHOFER
3010340;OPEX- TRAILER VIVIENDA
3010341;OPEX- TRAILER ENFERMERIA
3010342;OPEX- SERVICIO DE ALCOHOLIMETRO
3010343;CAPEX- AMBULANCIA-ENFERMERO-CHOFER
3010344;CAPEX- SERVICIO DE ENFERMERO NOCTURNO
3010345;CAPEX- TRAILER VIVIENDA
3010346;CAPEX- SERVICIO DE ALCOHOLIMETRO
3010347;CAPEX- MOVILIZACIÓN INICIAL O FINAL
3010348;CAPEX- CONEXIÓN TRAILER/AGUA/ELECTR.
3010349;Adic por emulsion inversa
3010350;Disponibilidad de camión varillero
3010351;Servicio de presa metálica
3010352;Acceso a pozo 2
3010353;Servicio de Pipa de agua
3010354;"Tendido de GASODUCTO 6"""
3010355;"Instalaciones de SuP de OLEODUCTO 6"""
3010356;"Interconexiones de GASODUCTO 6"""
3010357;"Flow lines de Pozos 3"""
3010358;CONTRIBUCION SINDICAL GENERACION EE ELO
3010359;JORNADA DE GRUPO DE 2 OPERARIOS
3010360;PP Cat. I- Hora extra 50%
3010361;PP Cat. I- Hora extra 100%
3010362;PP Cat. J- Hora extra 50%
3010363;PP Cat. J- Hora extra 100%
3010364;PP Cat. I- Hora extra 50%
3010365;PP Cat. I- Hora extra 100%
3010366;OPERADOR ADICIONAL AF
3010367;COLUMNAS DE ILUMINACIÓN
3010368;CUADRILLA 5 PERSONAS DIAGRAMA 3D/2 NOCHE
3010369;ALQUILER EQUIPOS
3010370;ALQUILER MENSUAL TRAILER POR UNIDAD
3010371;ALQUILER PILETAS MENSUAL POR UNI
3010372;TRANSMITTERS RENTAL
3010373;Bomba Wilden ALQUILER MENSUAL
3010374;JORNADA DE GRÚA 150 TN
3010375;DTM De Grúa 150 Tn
3010376;MOVIMIENTO DE UNIDAD PESADA (TRAILER)
3010377;Movilización o Desmo por pileta
3010378;Cuadrilla de Montaje o Desmontaje Pileta
3010379;Preserv. Estabilizacion Nucleo (no cons)
3010380;FLUI - Retro Oct 21 a Enero 22
3010381;Reporte Mantenimiento de Flota
3010382;Reporte Gerenciamiento de Viaje x vehícu
3010383;Reporte Global 1: Gerenc, MTKDOC y MF.
3010384;SERVICIO COS CATRIEL
3010385;Camión varillero - Operación menor
3010386;Presa metálica
3010387;Acceso a pozo general
3010388;Transporte de material 1
3010389;Transporte de material 2
3010390;Transporte de material 3
3010391;Agua industrial en pozo
3010392;RECONOC. MAYORES COSTOS BES MAYO22
3010393;RECONOC. MAYORES COSTOS BES JUN22
3010394;ESPUMIGENO ESB339
3010395;ESPUMIGENO ESB1590
3010396;"Carrete bridado de 4""Ø 600#"
3010397;SERV CARTELERIA DIGITAL
3010398;RELEVAMIENTO
3010399;Unidad bombeo alta Presión (UAP)c/per 6H
3010400;Preparación Colchón lavador 1050-1500
3010401;Cloruro de calcio
3010402;AUSPICIO PUBLICITARIO
3010403;Estatuillas VISTA
3010404;Servicio de Soporte Técnico 2° Nivel MEX
3010405;Pres.  Estabilizacion testigos rotados
3010406;Transporte de Nucleo
3010407;Transporte de testigos rotados
3010408;Tomografia Computada Energia Dual-Núcleo
3010409;Tomografia Computada Energia simple Test
3010410;Registro Rayos Gama Espectral en nucleo
3010411;Foto Nucleo 360° luz Blanca o ultraviole
3010412;Foto núcleo diámetro completo
3010413;Slabeo de Nucleo no consolidado
3010414;Corte de Testigo y seccion - consolidado
3010415;Corte de Testigo y seccion -no consolido
3010416;Limpieza Dean Stark
3010417;Almacenamiento de nucleo
3010418;Almacenamiento de testigos
3010419;Fotografia HDI 2D de Nucleo
3010420;Fotografia Fluorescente HDI 2D de Nucleo
3010421;Tomografia Computada de Nucleo
3010422;Extraccion virtual de testigos
3010423;RCA: Permeabilidad Prosidad dens. grano
3010424;Permeabilidad
3010425;Porosidad
3010426;Densidad de grano
3010427;Permeabilidad de Klinkenberg
3010428;Saturacion de Fluidos
3010429;Mojabilidad Amott
3010430;Mojabilidad USBM
3010431;Mojabilidad combinada (Amott y USBM)
3010432;Presión capilar por Inyección Mercurio
3010433;Presión capilar de Plato Poroso
3010434;Presion capilar por Centrifuga
3010435;Parametros electricos de formacion
3010436;Indice de Resistividad (RI)
3010437;Perm. relativa estado no-estacionario TA
3010438;Perm. relativa estado no-estacionario CR
3010439;Difr. Ray X (XRD) c/fraccion de Arcillas
3010440;Difr. Ray X (XRD) Mineralogia de Bulk
3010441;Fluorescencia de Rayos X
3010442;Preparación de sección o corte delgado
3010443;Preparación Sección Delgada Pleno diam.
3010444;Análisis petrográfico de sección delgada
3010445;Microscopia Electronica de barrido (SEM)
3010446;Descripción sedimentaria de Núcleo
3010447;Test de esfuerzo compresivo No-confinado
3010448;Test esfuerzo compresivo Triaxial (TCS)
3010449;Velocidad Acústica Vs & Vp
3010450;Velocidad Acústica Vs & Vp con test comp
3010451;RM Pro (Para Analisis Mohr Coulomb)
3010452;Multi-etapa (Para análisis Mohr-Coulomb)
3010453;Test de dureza Brinell
3010454;Ensayo compres. volumen poral Uni-axial
3010455;Ensayo de Compresibilidad volumen poral
3010456;Ensayo empotramiento de agente sostén
3010457;Cilindro de pared gruesa
3010458;Resist. tracción indirecta (Braz. Test)
3010459;Op.&Mant FFDS+Aux serv (Pad 2 Pz 18dias)
3010460;"Monoflex 5-1/8"" 15K (Pad 2 pozos 18dias)"
3010461;Serv mensual Pruebas de Penetración
3010462;Slick line por día
3010463;Slick line hora adicional
3010464;TTE ULT MILLA ARENA - FLOTA MENS OPERTVA
3010465;TTE ULT MILLA ARENA - FLOTA MENS STNDBY
3010466;TTE ULT MILLA ARENA - CAMION ON CALL
3010467;TTE ULT MILLA ARENA - CTO TN
3010468;GALLETITAS SURTIDAS TIPO DIVERSIÓN
3010469;GALLETITAS RELLENAS (AMOR-RUMBA-SONRISA)
3010470;SERV EVENTUAL DIARIO TTE PETROLEO 12HS
3010471;GALLETITAS SALADAS
3010472;SERV MENSUAL DE TRANSPORTE PETROLEO 12 H
3010473;GALLETITAS FRUTIGRAND
3010474;SERV MENSUAL DE TRANSPORTE PETROLEO 24HS
3010475;SERVICIO AGUA INDUSTRIAL
3010476;PROVISION PACK 5 CONTENEDORES 4M3 MENS
3010477;PROVISION CONTENEDORES 4M3 ADICIONAL DIA
3010478;CAMION DIARIO CHUPA CHASIS 9M3 12HS
3010479;CAMION MENSUAL CHUPA CHASIS 9M3 12HS
3010480;CAMION MENS CHUPA CHASIS 9M3 C/ACOPL 12H
3010481;CAMION DIA CHUPA CHASIS 9M3 C/ACOPL 12H
3010482;SERVICIO LIMPIEZA CISTERNA HASTA 35M3
3010483;SERV MENS CISTERNA 35M3 C/EQ VACIO 12HS
3010484;SERV DIA CISTERNA 35M3 C/EQ VACIO 24HS
3010485;TE X 25
3010486;MATE COCIDO X 25
3010487;CAFÉ MOLIDO X 1 K
3010488;SERV CISTERNA 35M3 C/EQ VACIO 12HS
3010489;BARRAS DE CEREAL X 1
3010490;TURRONES X 1
3010491;SUPERVISOR OPERATIVO ADICIONAL
3010492;ALFAJORES X 1
3010493;LECHE X 1L
3010494;SERV DIA CAMION TRACTOR C/HIDROG 40T 24H
3010495;LECHE EN POLVO X 800
3010496;FRUTA x k
3010497;TTE ARENA LAVADA PLAV-PSEC - TN
3010498;FACTURAS X DOCENA
3010499;SERV MENS TRACTOR C/HIDRO 40T Y SEMI 24H
3010500;JUGO CITRIC X 500 CC
3010501;JUGO CITRIC X 1L
3010502;SERV DIA TRACTOR Y SEMI PLAYO 24HS
3010503;SERV MENS TRACTOR Y SEMI PLAYO 24HS
3010504;SERV DIA CAMION TRACTOR Y SEMI PLAY 12H
3010505;SERV MENS CAMION TRACTOR Y SEMI PLAY 12H
3010506;MERMELADA PORCIONADA X108 U
3010507;QUESO UNTABLE PORCIONADO X 108
3010508;DULCE DE LECHE PORCIONADO
3010509;MANTECA PORCIONADA
3010510;TOSTADA X 200 GR
3010511;YERBA PLAYADITO X 1K
3010512;JUGO CITRIC X 1L
3010513;HORAS NORMAL - NOVATIUM
3010514;HORA NORMAL - SERV TECNICOS
3010515;Cargo p/etapa unidad bombead. 1951-2550
3010516;Cargo p/etapa unidad bombead. menor 1950
3010517;O&M Gasoducto TTY
3010518;CAMINO Destape capa vegetal 10cm espesor
3010519;CAMINO Desmonte, nivelación y compactaci
3010520;CAMINO Terraplén, nivelación y compactac
3010521;CAMINO DE ACCESO provision de Suelo
3010522;CAMINO Contruccion con material granular
3010523;CAMINO provision de material granular
3010524;CAMINO transporte de Material bateas25m3
3010525;CAMINO planos CAO
3010526;LOCACION Destape capa vegetal 10 cm espe
3010527;LOCACION Desmonte, nivelación y compacta
3010528;LOCACION Terraplén, nivelación y compact
3010529;LOCACION provisión de suelo
3010530;LOCACION Construcción de capa impermeabl
3010531;LOCACION Construcción de locación
3010532;LOCACION provision Material granular
3010533;LOCACION Transporte material batea35m3
3010534;LOCACION planos CAO
3010535;BODEGA DE BOCA DE POZO construccion
3010536;FOSA DE QUEMA construccion NOC
3010537;FOSA DE QUEMA construccion CONVENCIONAL
3010538;PARRILLAS DE BODEGAS construccion
3010539;MUERTO DE ANCLAJE construccion
3010540;CARTELERÍA Nqn
3010541;CARTELERÍA Rio negro
3010542;DEFENSAS ALUVIONALES Berma
3010543;DEFENSAS ALUVIONALES Talud de contención
3010544;DEFENSAS ALUVIONALES Colchonetas
3010545;DEFENSAS ALUVIONALES Geobolsas tejidas
3010546;DEFENSAS ALUVIONALES Gaviones
3010547;DEFENSAS ALUVIONALES Zanja de Guardia
3010548;DEFENSAS ALUVIONALES Planos CAO e Inform
3010549;SUSTENTABLES Recuperación arido de loc
3010550;SUSTENTABLES retiro material batea 25m3
3010551;SUSTENTABLES Distrib y nivelación capa v
3010552;Jefe de Obra
3010553;Topografo
3010554;Administrativo de obra
3010555;Tecnico de SSHH
3010556;Tecnico de calidad
3010557;Obrador
3010558;Jefe de Obra dia
3010559;Topografo DIA
3010560;Administrativo de obra DIA
3010561;Tecnico de SSHH DIA
3010562;Tecnico de calidad DIA
3010563;Obrador DIA
3010564;Movilización inicio contrato
3010565;Desmovilización fin servicio
3010566;Traslado entre yacimientos
3010567;CALIDAD Plan de Inspección Ensayos (PIE)
3010568;Ensayos: clasificación unificada de suel
3010569;Ensayos: Proctor Estándar
3010570;Ensayos: Densidad Seca in situ
3010571;Ensayos: Plato de carga para Valor Sopor
3010572;Ensayos: impermeabilidad de subrasante
3010573;Ensayos: esponjamiento
3010574;Ensayos: resistencia de hormigón
3010575;Mano de obra 50%
3010576;Mano de obra 100%
3010577;Reestructruracion Operacion y Superv.
3010578;Mantenimiento Correctivo Adicional
3010579;Campamento EMC11/TPF/APO
3010580;PEDIDOS ESPECIALES
3010581;Alquiler de tubería
3010582;Uso de CRT
3010583;SERVICIO PUBLICITARIO EN PAGINA 12
3010584;SL- colgador X – XN por día
3010585;Servicios de valor agregado Soporte IT
3010586;AJUSTE POR DIFERENCIAS
3010587;SERVICIO GESTIÓN DE RESIDUOS
3010588;PROVISIÓN DE AGUA POTABLE (40m3)
3010589;PROVISIÓN DE AGUA EN BIDONES
3010590;ALQUILER DISPENSER DE AGUA
3010591;BIDÓN DE AGUA EXCEDENTE
3010592;PALAS CARGADORAS
3010593;OPERADORES TURNO DIURNO
3010594;OPERADOR TURNO NOCTURNO
3010595;Consultor Sr Ing datos data engineer
3010596;Consultor Sr Arquitectura de Datos (Data
3010597;Consultor Sr en REACT
3010598;project leader
3010599;SERV QUIMICO - CAM C/CHOF+AYUD L-V
3010600;RECORTE PERFORACION BASE AGUA (Y13)
3010601;"AISLACION DE CAÑERIAS DESDE 12"" HASTA 16"
3010602;"HOT TAP 12"""
3010603;JORNADA GRUA 180/230TN
3010604;Frac CO2. Un. Sobrealim CO2. Primeras 4h
3010605;Frac CO2. Un. Sobrealim CO2. Primeras 4h
3010606;Traslado STAIB yac y base ida y vuelta
3010607;HORA HOMBRE REPARACION
3010608;REPUESTOS Y MATERIALES
3010609;Hora CNC/torno en MDQ HH + HM
3010610;Jornada 1 persona en vehículo propio
3010611;KM RECORRIDO
3010612;Mantenimiento cuatrimestral (SIN TRASLAD
3010613;Traslado STAIB IDA Y VUELTA
3010614;Arnes de cuerpo completo 5 puntos
3010615;Amortiguador de impacto
3010616;Preserv. Estabilizacion Nucleo (cons)
3010617;Slabeo de Nucleo
3010618;Hielo Seco
3010619;Personal Técnico en campo (stand by)
3010620;Geólogo especialista en campo (stand by)
3010621;Transporte con Plana
3010622;Limpieza Flow Trogh miscible (Ambiente)
3010623;Limpieza FlowTrogh miscible (reservorio)
3010624;Traslado de núcleos
3010625;Empaques de muestras de pared
3010626;Empaques de muestras de núcleo
3010627;Lavado de muestras p/fluido perf. BsAgua
3010628;Lavado de muestras p/fluido perf. BsAcei
3010629;Remoción de lodo
3010630;Molienda para TOC y pirólisis
3010631;Carbono orgánico total
3010632;Pirólisis programada por SRA
3010633;Reflectancia a la Vitrinita de roca tota
3010634;Reflectancia a la Vistrinita/Kerógeno vi
3010635;Interpretación de datos geoquímicos
3010636;Análsis tamaño de grano técnica láser
3010637;Fotografías a muestra de tapón
3010638;Preparación de salmuera sintéctica
3010639;Prep. y caracterización de crudo muerto
3010640;DTM AFE - BMO
3010641;BLOQ/APER/DESG/LIMP/CIE TK PULM - 2000M3
3010642;PRODUCTO QUIMICO PECOM
3010643;Norpa Floc N1594
3010644;Norpa Floc K (K1134/1148)
3010645;Visitas en campo Mensuales
3010646;Análisis mensual fisicoquímico
3010647;Análisis mensual bacteriológico
3010648;Soporte técnico especialista
3010649;LIBRAP LS
3010650;OFICINAS MONTUOSO
3010651;Alcances tendidos eléctricos y SET
3010652;Det. HC totales petróleo HTPS NMX-AA-117
3010653;BONO CONTRIBUCION EXTRAORDINARIA
3010654;HORAS EVENTUALES
3010655;Norpa Floc N1594
3010656;Cuadrilla Adic. Mantenim. ONE TEAM
3010657;Provisión de Generador
3010658;Modulo de Conmutación
3010659;Traslado de Equipo
3010660;350 spider 4 1/2-13 3/8 Stand By día
3010661;IMPERMEABILIZACIÓN DE TANQUE
3010662;Mensualiz Servicio Managed Service
3010663;Costo hora adicional fuera horario habit
3010670;HONORARIOS POR SERVICIO
3010671;SL - Ensayo de PyT GE GD 2htas.
3010672;Mantas cementíceas
3010673;ESPERA-Uni Arenero menor 800 sacos 12 hs
3010674;TIEMPO DE ESPERA-Un de Hidratación 12 hs
3010675;ESPERA-Un Transp con capacidad 1000 kg
3010676;"PDC 4"" 2 3/8 REG PIN"
3010677;Conector externo 2 7/8
3010678;DFCV 2 7/8
3010679;Desconector hidráulico 2 7/8
3010680;Fresa convencional mayor a 120 mm plana
3010681;Fresa especial rectifcadora cónica
3010682;X-over PAC 2 3/8 PIN x REG 2 3/8 BOX
3010683;REDETERMINACIÓN DE TARIFA
3010684;LMT 33KV LOMA CAMPANA - SET5
3010685;Op.&Mant FFDS+Aux serv (Pd 3Pzs-27dias)
3010686;Adicional Interconexión V-32
3010687;Relevamiento y prospección arqueológica
3010688;PRODUCTO QUIMICO NORPATAGONICA
3010689;Alquiler unidad AB581MM
3010690;TTE ULT MILLA ARENA - PRECARGA
3010691;Implementaciíón y capacitación ISTM
3010692;Programa mejora continua
3010693;saas Servdesk 50 perfiles & insight (500
3010694;Módulo Sensores(óptico/refracción/temp)
3010695;Módulo Toma muestras ( 6 tks de 700 cm3)
3010696;toma de muestra-Cargo por profundidad
3010697;Cargo por toma de  muestra (1 litro)
3010698;Cargo por hora de bombeo (estimado 4hs)
3010699;Medición de gases Emitidos Chimenea
3010700;Muestra y analisis cromat gas Cmo MG
3010701;Medición de SH2
3010702;Medición de Azufre Total
3010703;Medic.de Veloc. de Gas Y Caudal
3010704;Medición de Humedad de Gas
3010705;Costo día operativo
3010706;Km recorridos a Yac- Enttre Lomas
3010707;Diferencial Retroact. Nov-Dic 2021 DRILL
3010708;SERVICIO DE INFORME PERICIAL
3010709;KM RECORRIDO
3010710;CAMIONETAS
3010711;Licencia prosper 64 bit, Perpetua
3010712;Licencia gap 64 bit, perpetua
3010713;Licencia MBAL, perpetua
3010714;SL mensualizado - Prorrateo por día
3010715;SL mensualizado - Prorrateo por hora
3010716;SL - HORA NO OPERATIVA
3010717;SLICK LINE STAND BY
3010718;SLICK LINE - ADICIONAL CALIBRE #3
3010719;SLICK LINE - ADICIONAL MOV. VALV <500M
3010720;SLICK LINE - ADICIONAL CALIBRE #4
3010721;AMBU-ENFER-TRAILER-VIANDA-TRASLADO
3010722;SL - ADICIONAL MOV. VALV 500-1000 M
3010723;SL - ADICIONAL MOV. VALV E/ 1001-1500 m
3010724;SL - ADICIONAL MOV. VALV E/ 1501-2000 m
3010725;SL - ADICIONAL MOV. VALV E/ 2001-2500 m
3010726;SL - ADICIONAL MOV. VALV E/ 2501-3000 m
3010727;Obras Electrificación BPO -Ampliación LC
3010728;FERIADO TRABAJADO
3010729;AZUCAR x KG
3010730;TE x 50
3010731;DIFERENCIA/AJUSTE DE TARIFA
3010732;Detalle de Materiales extraordinarios
3010733;Detalle de servicios Extraordinarios
3010734;suscripción anual
3010735;Wet Sand - costos ingeniería
3010736;Punto débil Cargo por profundidad
3010737;RCI Toma de Presion
3010738;TRANSPORTE Y DESCARGA GAS LICUADO PETROL
3010739;Valor estadia diaria
3010740;Frac Stacks Lump sum PAD 4P  (paq.c/cab)
3010741;Frac Stacks día adicional PAD 4pz
3010742;Frac Stacks Día ad_PAD 4Pz S.by s/pers.
3010743;Frac Stacks Día Ad. PAD 4Pz S.by c/pers.
3010744;"Válvula 5 1/8"" 15 Ksi (2 días prefr xpz)"
3010745;Frac Stacks torqueado
3010746;Frac Stacks mov. e instalación torqueado
3010747;Frac Stacks Lump sum 4Pz (paq. s/cab)
3010748;AJUSTE POR DIFERENCIAS
3010749;EPP Polaina viborera
3010750;EPP Cubrenuca adaptable al casco
3010751;EPP Tirante barboquejo
3010752;MONTAJE DE COLUMNAS DE ILUMINACIÓN
3010753;PP Cat. J- Hora extra 50%
3010754;PP Cat. J- Hora extra 100%
3010755;Diferencial tarifas Ene-Jun22 x Qcos.xL
3010756;Diferencial tarifas Ene-Jun22 x Qco.RENT
3010757;PAR GUARDARROSCAS TUBING (PIN+BOX)
3010758;PAR GUARDARROSCAS VARILLA (PIN+BOX)
3010759;Lineas de Alta Presión
3010760;TRASLADO DEL PATIN
3010761;TRASLADO DE LA PASTILLA GAMMA
3010762;TAREAS POR MONTAJE/DESMONTAJE DE EQ
3010763;ALQ EQ MPFM(INCL CONEXIONADO Y COMUNIC)
3010764;DIA ESPECIALISTA MULTIFASICO PEM Y CALIB
3010765;RELEVAMIENTO E INFORME
3010766;MEDICIÓN DE PUNTOS DE APOYO
3010767;SERV CISTERNA 30M3 24HS P/EVACUAR PRODUC
3010768;Obras viales circulacion y control de ca
3010769;custodia personal
3010770;MAYOR FUNCION H-K (SAND/VILLA/LARA)
3010771;M3 TRANSPORTADO
3010772;EXTRACCION METRO ADICIONAL CAP
3010773;Ducto Evacuación de PAD20E hasta PAD10E
3010774;Ducto Evacuación de PAD30E hasta PAD20E
3010775;Ducto GL a PAD10E
3010776;Recupero y Ajuste IIBB
3010777;Serv Consultoría Anticipo
3010778;Finiquito Serv de consultoría
3010779;Equipo de Presion BOP
3010780;TLC Specialist Operator
3010781;AJUSTE RETROACTIVO
3010782;SALVACAIDA RETRACTIL T5
3010783;CARRO CARAN IPN
3010784;DETECTOR GAS ALTAIR 4X MSA
3010785;Licenciamiento geociencias (suscripción)
3010786;MOVILIZACIÓN E INSTALACIÓN DE TRAILER
3010787;EDULCORANTE X CAJA
3010788;Operación 12 Horas contínuas ARS/MWH
3010789;Operación 24 Horas contínuas ARS/MWH
3010790;Horas Extras que excedan 12 hr contínuas
3010791;Operación 12 y 24 Hr contínuas USD/MWH
3010792;Montaje cajón en Tanque Cortador/Lavador
3010800;CORR10095EC
3010801;Rodamientos
3010802;Banda Elástica
3010803;Sello Mecánico
3010804;Junta
3010805;CMR MagniPHI (TLC Surcharge Prof)
3010806;GR TLC Surgacharge Prof Correlacion
3010807;nforme post-job. -(12 hr)
3010808;Servicio de Ingeniero. -(12 hr)
3010809;CBL-VDL-GR registro
3010810;Basico CBL-VDL-CCL-GR1700-600M SIN PLUMA
3010811;CBL-VDL-CCL-GR1700-600M SIN PLUMA x m ad
3010812;Equipo de presión hasta 5000 psi
3010813;Basico equipo de control de presión 3Kps
3010814;Cargo x presion 1001-3000psi x carrera
3010815;Cañon 3 3/8 Carga TC27R
3010816;CARGO POR FIJACION DE TAPON
3010817;Fijado de TPN/PKR a traves de casi prof
3010818;Op.&Mant FFDS+Aux serv (Pad 2 Pz)
3010819;Perf Direcc Interm 8.75in BHA Mot A.Mora
3010820;TRAILER ADICIONAL
3010821;CUADRILLA MONTAJE O DESMONTAJE PILETAS
3010822;Microseismic data products, stress maps
3010823;Microseismic data products, strain and d
3010824;Microseismic data products, SRV
3010825;Perforación mecánica T.muestra de suelo
3010826;Perforación manual T.muestra de suelo
3010827;Fabricación de rebalse
3010828;Ensayo SPT
3010829;Ensayo DMT
3010830;Sondeos geo eléctrico
3010831;Medición del nivel freático
3010832;Ensayos: resistencia al corte
3010833;Ens. químicos agresividad al hormigón
3010834;Ens. Compresión simple testigos rocosos
3010835;Ens.Medicion de resitividad eléctrica
3010836;Ens Valor Soporte Relativo a densidad p.
3010837;Ensayos: esponjamiento
3010838;Dimensionamiento de la locación
3010839;Intervención realización ensayos suelo
3010840;Movilidad para realizar ensayos de suelo
3010841;AJUSTE MANO DE OBRA
3010842;DIFERENCIA DE TARIFAS
3010843;Superv.+ soporte técnico Pruebas BCP-BM
3010844;Almacenamiento equipos en bodega
3010845;Servicio en turno nocturno
3010846;Instalación área perimetral seguridad pz
3010847;Fabr. armado pint. cuadro producción
3010848;Reportes diarios estado cond.pozo L-S 8h
3010849;Consultoría para operaciones de proyecto
3010850;Carga de material para camino
3010851;Mano de Obra Tareas Generales
3010852;Mano de Obra Maquinistas
3010853;Servicio soporte NQN R
3010854;Servicio soporte BUE
3010855;FEE REEMBOLSABLE
3010856;Field Support 01 BA
3010857;Field Support 02 BA
3010860;Mejoramiento Dársena de Acceso en RN151
3010861;Acceso Diferenciado al Área - Puesto
3010862;Camino Circulación hacia/desde PTC CB
3010863;Playas de Estacionamiento Para Camiones
3010864;HORA CONSULTORIA RENOVABLES
3010865;Alqu. Toyota Hilux 4x4 D/C 07/22
3010866;Montaje Planta 300m3
3010867;Desm y desmov final de Planta 300m3
3010868;bomba centr.de trasvase c/mot electrico
3010869;INSTALACION DE INTERNET
3010870;SERV MENSUAL INTERNET
3010871;SERV MENSUAL DE IPP PUBLICA FIJA
3010872;Standby Tanque/Pileta
3010873;C BASICO H/30 PODS X ET,SLICFRA1 a 10
3010874;C. ADICIONAL PODS > 30 X ETAPA
3010875;C BASICO H/30 PODSXET, SLICFRAC 11a20et
3010876;C BAS H/30 PODS X ETAPA, SLICFRAC21a30et
3010877;C BA H/30  PODS X ETAPA,SLICFRAC +de30et
3010878;SLICFRAC AUGER LAUNCHING SYS - X DIA Ope
3010879;SLICFRAC AUGER LAUNCHING SYS-C/STAND BY
3010880;SLICFRAC WL DEPLOYM TOOL(SIST WL)XCarrer
3010881;SLICFRAC WL DEPLOYTOOL(SIST WL)STAND BY
3010882;SERV COLOCACION Y RETIRO MANTAS OLEOF
3010883;SERVICIO CAMION PORTACONTENEDOR
3010884;SERV MENSUAL VHF
3010885;INSTALACION Y PEM SISTEMA VHF DIGITAL
3010886;Control de roedores en CAN
3010887;SERVICIO LABORATORISTA (3 EN 8X4)
3010888;WAVE ALQUILER MENSUAL TERMINAL PORTATIL
3010889;Abono mensual Wave PTX
3010890;OPERARIO CARGADERO 12 HORAS ROT C/REL
3010891;SUPERVISOR  12 HORAS ROT C/RELEVO
3010892;TRAILER OFICINA
3010893;SUPERVISOR  12 HORAS ROT C/RELEVO
3010894;TRAILER  OFICINA
3010895;TRAILER COMEDOR
3010896;TRAILER BAÑO
3010897;TRANSPORTE DE PERSONAL
3010898;PLANTA TRATAMIENTO EFLUENTES
3010899;Bono por Disponibilidad
3010900;SERV CUADRILLA D PERSONAL LIMPIEZA PILET
3010901;SERV OPERARIO ADICIONAL OPERAC 12HS
3010902;PARA11679
3010903;HIDROLAVADORA CON VAPOR P/LIMP EQ CONTAM
3010904;HIDROLAVADORA CON VAPOR P/LIMP EQ CONTAM
3010905;Materiales de Frack Stack Desgastados
3010906;OPERADOR ADICIONAL AF S/TRANSPORTE
3010907;C. well stroker. por operación+3000mts
3010908;MOV LINEA DE CONTROL ENTRE COLECTORES
3010909;DESMOV LINEA DE CONTROL ENTRE COLECTORES
3010910;DTM ENTRE POZOS HASTA 20KM
3010911;Bomba Electrosum. para succión de lodo
3010912;ReacXionSlim 5”(21,4#)OD:3,43”7K250F
3010913;HORAS EXTRAS
3010914;DIFERENCIA/AJUSTE MAYORES COSTOS
3010915;MANT GENERADOR  PC 164-AF
3010916;PLANTA TRATAMIENTO EFLUENTES
3010917;MANT GENERADOR  PP-13 AF
3010918;"CHOKE MANIFOLD 3 1/16"" 10 KPSI API 6A 8V"
3010919;SERVICIOS VARIOS WELL TESTING
3010920;SERV INTER DEDICADO Y SIME 150 MBPS
3010921;hidrogrua
3010922;"carga por cañon 3 3/8"""
3010923;TTE ARENA CRUDA - TN
3010924;ALLEN-PLA lavado - allen LA V 19 ASIEN D
3010925;TRASBO VILLA REGINA-BALSA / BALSA-VILLA
3010926;TRASBO ALLEN-GENERAL ROCA / GENERAL ROCA
3010927;SOLVENTE PRE LIMPIEZA (GO o KERO)
3010928;SOLVENTE HUMECTANTE PLUS A
3010929;SOLVENTE PARAFINAS PLUS B
3010930;SOLVENTE LIMPIEZA PLUS C
3010931;SODA CAUSTICA SOLUCION 10%
3010932;BICARBONATO SODIO POLVO
3010933;BACTERICIDA
3010934;DIVERGENTE CLORUROS
3010935;DIVERGENTE BENZO
3010936;INHIBIDOR ARCILLAS
3010937;FLUID PACKER
3010938;OTROS PRODUCTOS
3010939;SERVICIO BOMBEO JORNADA 8 HS
3010940;SERVICIO BOMBEO TRASLADO A YACIMIENTO
3010941;SERVICIO BOMBEO TRASLADO A YACIMIENTO
3010942;Reconocim. Mayores NR costos Ago22
3010943;Reconocim. Mayores NR costos Sept22
3010944;AJUSTE ADIC, POLINOM, MAYORES COSTOS
3010945;AGUA MINERA X 500CC
3010946;AGUA SABORIZADA X 500 CC
3010947;MAYORES COSTO/DIFERENCIA TARIFA
3010948;Diferencial Tarifas FLUI Feb-Jun22
3010949;VARIABLE SEMI C/HIDRO C/CHOFER LaL 12HS
3010950;VARIABLE CUADRILL PICK UP + OPERARIO 12H
3010951;MENSUAL SEMI CON HIDRO DE 8 A 20HS
3010952;MENSUAL CUADRILLA PICK UP + OPERAROP 12H
3010953;CROMATOGRAFIA GASEOSA C9+
3010954;Bacheo - mezcla asfáltica
3010955;Riego de liga con mezcla para poreo
3010956;SERVICIO ASESORAMIENTO ECONOMICO
3010957;MAYORES COSTO/DIFERENCIA TARIFA
3010958;servicio básico estable 10x5
3010959;jornada 2 técnicos en campos
3010960;movilidad por km (p/ jornada de técnicos
3010961;Viáticos por persona por día
3010962;Hora de ingeniero
3010963;BONO 0 NPT (C/10.000 TN)
3010964;Recupero Cuota Extraordinaria Sindical
3010965;Compresores GL
3010966;Skid de Servicios
3010967;Hta. Auxiliar Caliper (Kinley CAL-MIT)
3010968;Proc. Interpretación de datos
3010969;Htas. de corrosión
3010970;ReacXion Slim 5” (20,0-23,0#) Prueba
3010971;Lista de documentos
3010972;Plot plan
3010973;Listado de materiales
3010974;Memoria de cálculo espesor ducto
3010975;Ductos eléctricos planta local. y secc.
3010976;Serv Ingenieria en Planta hasta 40HH
3010977;Serv Ingenieria Oficina YOKO hasta 40HH
3010978;Serv Ingenieria Planta +40 hasta 80HH
3010979;Serv Ingenieria Ofic YOKO +40 hasta 80HH
3010980;Serv Ingenieria en Planta mas de 80HH
3010981;Serv Ingenieria Oficina YOKO mas de 80HH
3010982;BMO- ALQUILER EXPENDEDORAS
3010983;Ropa REMERA blanca
3010984;Ropa BERMUDAS
3010985;DIFERENCIA DE TARIFAS
3010986;DIFERENCIA TARIFA MANIFOLD
3010987;Mit Sondex CT en Horiz. h/4000 mts
3010988;Multifinger cáliper
3010989;Operador epecialista SL
3010990;Down Hole LIH SL Mit Sondex
3010991;SERVICIO DE ABASTECIMIENTO DE AGUA 3M3
3010992;Tendido ducto Acero
3010993;MAYORES COSTO/DIFERENCIA TARIFA
3010994;"LINEA 6"" ANSI 300 BRIDADA x METRO x DIA"
3010995;"MOV/DESMOV LINEA 6"" ANSI 300 BRIDADA"
3010996;"Copperhead Bridge Plug 7"" 20/26# 10k"
3010997;Avalúos individuales
3010998;Viáticos por avalúos
3010999;Diferencia de Tarifas
3011000;CONTROL DE ROEDORES TPF
3011001;CONTROL DE ROEDORES AGUADA F-TRAILERS
3011002;DESINSECTACIÓN AGUADA F - TRAILERS
3011003;DESINSECTACIÓN AGUADA F- BODEGAS-CAMARAS
3011004;DESINSECTACIÓN BASURAL BORDE MONTUOSO
3011005;MONITOREO PREDICTIVO
3011006;SENSOR INALAMBRICO DE VIBRACIÓN
3011007;GATEWAY MODELO GWc.Fw10.
3011008;Provisión de Radios móviles
3011009;PICK UP NQN /A.F./ NQN L A V DIURNO
3011010;SPRINT 11 LA V  CAT/ BM/ CAT
3011011;SUPERVISOR WT-TPF
3011012;ADICIONALES WT-TPF
3011013;SERVICIO MÉDICO
3011014;AZUFRE TOTAL EN CRUDO
3011015;NÚMERO ÁCIDO TOTAL
3011016;SÓLIDOS EN SUSPENSIÓN 'IN SITU'
3011017;ALQUILER PLACA BASE ALTURA VARIABLE
3011018;HONORARIOS PROFESIONALES
3011019;"Plug ReacXion Nano5”(18,0-21,4#)3,85""OD"
3011020;Mobilization of AvantGuard
3011021;AvantGuard Service
3011022;Calibre , CCL Cargo Profundidad
3011023;Equipcontrol de presión 3000 psi
3011024;TANQUE TIPO API
3011025;"Válvula 2"" 2M + Niple 2"""
3011026;Ensayo generador
3011027;Ensayo transform demedición corriente mt
3011028;Ensayo transform demedición tensión
3011029;Ensayotransforma potencia MT Y AT
3011030;Ensayo protecciones propias de  trans
3011031;Ensayo aisladores pasatapa para 132 kv
3011032;Blindobarras (las tres fases
3011033;Transformadores medición AT(132kv x fase
3011034;. formadores de tensión
3011035;Ensayo de transformadores de tensión.
3011036;Descargadores en MT
3011037;Descargadores AT
3011038;Seccionadores de maniobras de MT, PAT AT
3011039;Interruptores de MT y AT
3011040;Sistema banco baterias24VCC, 125 VCC 240
3011041;Medición sist puesta tierra(est transf
3011042;Protecciones del generador. Por modulo
3011043;Protecciones del Transformador
3011044;.Protección diferencial de línea por mod
3011045;Ensayos de sistema de control
3011046;Ensayos convertidores, V, I , f, (simpl
3011047;ensayo transduc 2 variabl W, Q
3011048;Registro variabl eléct x ptos medición/h
3011049;Interruptores de BT
3011050;Ensayo de Motores electricos de MT
3011051;Ensayos de corriente alterna en el estat
3011052;Transporte de laboratorio portatil, jorn
3011053;LICENCIA EMERSON
3011054;Seguro del instrumental por jornada
3011055;Viaticos de dos profesionales (ingeniero
3011056;software programación CRUDO ETapa1
3011057;Fee mensual
3011058;AJUSTE POR DECIMALES
3011059;Alquiler Trailer n° 218 habitación doble
3011060;Alquiler Trailer n°289 - Baños/ducha 12m
3011061;Fee mensual Aurion
3011062;Aqueon trypion +soporte mensual
3011063;fraceon
3011064;Suscripción Webex Suite anual
3011065;Rec/ Actual
3011066;MAQUINA EXPENDEDORA -ELO
3011067;MAQUINA EXPENDEDORA -BMO
3011068;"Punzado cañon 3-3/8""-4"",cargo por carga"
3011069;SERVICIO DE BAÑO QUÍMICO CON LIMPIEZA
3011070;Manipulador Telescópico marca JCB modelo
3011071;Pala marca JCB modelo 1.0 m3 para 540.17
3011072;Canasta marca Star modelo 1,20 X 1,20
3011073;SOLVENTE AROMATICO
3011074;HUMECTANTE NORPA PLUS C
3011075;SOLVENTE ALIFATICO
3011076;SERVICIO LOGISTICA
3011077;PALAS CARGADORAS - DOBLE TURNO
3011078;RCI Large Volum Pump C x Prof
3011079;Sampleview C x Prof
3011080;Portatanque C x Prof
3011081;RCI AUXILIARY POWER SUB C x prof
3011082;SAMPLEVIEW Cargo por Op
3011083;PORTA TANQUE Priming  (6 tks de 700cm3)
3011084;Referente Técnico Eléctrico (sup)
3011085;"Cxdisparo c7pistola entub 4½""F60 HMX AP"
3011086;"Monoline 5-1/8"" 15k (4 wells Pad)"
3011087;"Monoline 5-1/8"" 15k (6 wells Pad)"
3011088;Op. &Mant FFDS+Aux serv (5 well 45 days)
3011089;"MonoFlex 5-1/8"" 15k (3 wells x 27 days)"
3011090;Frac stack + zipper (Pad 2 well 18 days)
3011091;Frac stack + zipper (Pad 3 well 27 days)
3011092;Frac stack + zipper (Pad 5 well 45 days)
3011093;Diferencial tarifas Frac Dic21-Jul22
3011094;Diver Max S
3011095;Rec/ Actual
3011096;PLANTA DE LAVADO - ALLEN
3011097;ADICIONALES
3011098;OPERARIOS ELÉCTRICOS
3011099;GASTOS DE VIÁTICOS
3011100;DIFERENCIA TARIFA
3011101;adicionales carreras de barrena
3011102;Pc/MDF 675 barr 8 3/8/97/8”+MWD(lump sum
3011103;DIFERENCIA DE TARIFAS
3011104;Projecto Manager
3011105;Perf c/Mot fondo C/Barr 83/8+MWD Lumpsum
3011106;EXTRACCION Y ROTURA X 3 CENTRALIZADORES
3011107;MED - SERV GERENCIAMIENTO DE QUIMICOS
3011108;DIFERENCIA TARIFA
3011109;Cargo por prof. LARGE VOLUME PUMP (RCI)
3011110;Cargo por prof. SAMPLEVIEW (RCI)
3011111;Cargo por prof. PORTATANQUE (RCI)
3011112;Cargo por prof. AUXILIARY POWER SUB (RCI
3011113;Cargo por operación SAMPLEVIEW (RCI)
3011114;Cargo x op PORTA TANQUE Priming(6tks)RCI
3011115;LEVANTAMIENTO GO
3011116;CAFÉ INSTANTANEO x 170 gr
3011117;DUAL SIM
3011118;CAFÉ INSTANTANEO x 170 gr
3011119;ALQUILER Brida adaptadora a 5000 psi
3011120;Gestion de contratistas venta de crudo
3011121;Compresor de Aire y Secadora
3011122;4X4 DX 2.4 TDI 7 6MT
3011123;4X4 DX 2.4 TDI 7 6MT
3011124;DESARENADORES - DIA
3011125;VSS - DIA
3011126;CHOKE MANIFOLD - DIA
3011127;SANDBOX - DIA
3011128;LINEAS DE ALTA - DIA X METRO
3011129;LINEAS DE BAJA - DIA X METRO
3011130;SEPARADOR- DIA
3011131;BOMBA CENTRIFUGA - DIA
3011132;LUMINARIAS - DIA
3011133;DADOS DE HORMIGON - DIA
3011134;TEE Y CODOS - DIA
3011135;DTM - UNIDAD
3011136;PILETAS WT - MES
3011137;GRUAS DTM PILETAS - JORNADA
3011138;DTM GRUAS - UNIDAD
3011139;DTM PILETAS - UNIDAD
3011140;LAVADO DE PILETAS - UNIDAD
3011141;SERVICIO DE LIMPIEZA INDUSTRIAL
3011142;PATRULLA DE VIGILANCIA CAMPAMENTO AÑELO
3011143;SERVICIO COS CATRIEL
3011144;ADICIONALES tpf
3011145;Uniones de aluminio
3011146;VISITA ANUAL MANT  (2tecnicos x1 dia PT
3011147;Repuestos Motor CLARKE, P/VISITA PREVEN
3011148;VISITA ANUAL MANT2tecnicos x1 dia RCI BM
3011149;Redeterminación de tarifa
3011150;PILA ENERGIZER LITIO CR2 (CR2PF)
3011151;RECEP Y ALMAC FLOWBACK - NOCTURNO
3011152;TRAT Y DISP FINAL FLOWBACK
3011153;TRAT Y DISP FINAL FLOWBACK - NOCTURNO
3011154;TRAT Y DISP FINAL AGUA CON HC (Y8)
3011155;MARCP LCD ALTAIR 4X
3011156;ENSAMBLE LCD ALTAIR 4XR
3011157;Instalación sensores en WO
3011158;Sensor Nivel adicional WO
3011159;AJUSTE POR COSTOS MAYORESL
3011160;REC. ADICIONAL POR PERSONA
3011161;REC. ADICIONAL POR MES POR PERSONA
3011162;REC. ADICIONAL POR MES POR PERSONA
3011163;Motogenerador G3512 Gas
3011164;Motogenerador G3512B Diesel
3011165;Banco Resistencias 100 KW
3011166;Uso Emulsión inversa - adicional
3011167;Pozo Desv./horizontal - adicional
3011168;Aquiler mensual de Predio VH CAPEX
3011169;Aquiler mensual de Predio VH CAPEX
3011170;Servicio para Planta de Lodo Externa
3011171;Afectación Propietarios México
3011172;Crane Hook marca JLG p/ G5-18A
3011173;Precom, Com y PEM
3011174;Equipos/Materiales
3011175;Gestión de Proyecto
3011176;O&M EEC 12
3011177;Rental EC 12 - Operativo
3011178;SERVICIO DE TORNERÍA
3011179;ODORIZANTE
3011180;TRANSPORTE ADICIONALES
3011181;INSTALACION CABEZALES SECCION A
3011182;INSTALACION CABEZALES SECCION B
3011183;INSTALACION CABEZALES SECCION C
3011184;Cierre de pozo y armadura produccion
3011185;Servicio tecnico 12 hs
3011186;Kilometraje liviano
3011187;Prueba hidrostatica PH registrador dig.
3011188;Conector rápido para BOP (Alquiler)
3011189;Kilometraje pesado
3011190;OSCV11017A
3011191;CAPACITACIÓN MANEJO DEFENSIVO
3011192;IPB953
3011193;INHIBIDOR DE INCRUSTACIONES (IC5091)
3011194;AMBULANCIA Y ENFERMERO NOCTURNO
3011195;Análisis comp. aceite crudo PE-HCL-PA100
3011196;SE PH HASTA 5 PRUEBAS ó 12 JORNADAS
3011197;SERVICIO ADICIONAL PATRULLA
3011198;CISTERNA 30m3 TRANSP PETROLEO 12H X MES
3011199;SE HIDROLAVADO
3011200;Asistencia de Técnicos por día
3011201;Técnico de Seguridad
3011202;Servicio diario de Manipulador
3011203;Transporte de manipulador ida y vuelta
3011204;Capacitacion tecnica al personal
3011205;Servicio de Tornería
3011206;Empalme en frío
3011207;Empalme en Caliente
3011208;Revestimiento de Tambor
3011209;PCD300 INHIBIDOR Y DISP PARAFINAS
3011210;VISITA ADIC YAC - VEH LIV DIA HABIL
3011211;IPB651CT - DISPERSANTE PARAFINAS
3011212;CY50WCT - INHIBIDOR DE CORROSION
3011213;SO4207 - SECUESTRANTE DE OXIGENO
3011214;Motogenerador G3512B Diesel - stand By
3011215;Alq. banco cargas ficticias Stand by
3011216;Flete a Sitio (montaje  y desmontaje)
3011217;Renta oficinas VH - INDIVISOS EXPENSAS
3011218;BBS C/BY PASS - DIFERENCIA
3011219;CONTROL DE ROEDORES- DEPOSITO JARDINERIA
3011220;DESINSECTACIÓN CARGADERO PLANT TRA.CRUDO
3011221;MAYOR FUNCION F-H (CHANDIA)
3011222;manguera R2 con conexion articulada
3011223;DRILL - PERF.SECC.SUPERF12 1/4 mot y MWD
3011224;Goma Xanthan
3011225;Transporte de Llave Hidráulica
3011226;Pre Movilización
3011227;"Fabric de Combinac de 31/2""EUE Px27/8""bo"
3011228;"Fabric de Combinac 31/2""EUE Pinx27/8 Pin"
3011229;Transporte de tubería
3011230;Renta de Llave hidráulica
3011231;Dia op. llave hidr hasta 3 1/2 con contr
3011232;Prueba de medio arbol y cabezal
3011233;Alquiler Generador de 400 KVA
3011234;SL-Op.Cancelada s/mov (antes 20Hs di/an)
3011235;SL-Op.Cancelada c/mov sin inic-trabajo
3011236;Ram fijo de 3 ½” para BOP doble 11” 5000
3011237;Cloruro de Calcio Líquido
3011238;Carga-Desc.Ttte. mat. 30 Ton c/cuadrilla
3011239;Carga-Desc.Ttte. mat. 15 Ton c/op-maniob
3011240;Maniobras diversas c/grúa 24Ton op.y man
3011241;BOLSA DE TELA PARA MUESTRA DE GEOQUÍMICA
3011242;CAJA PLÁSTICA HERMÉTICA PARA BOLSAS
3011243;"TENDIDO DE DUCTOS ACERO 3"" y 4""."
3011244;"TENDIDO DE DUCTOS ACERO 6"""
3011245;"TENDIDO DE DUCTOS ACERO 8"""
3011246;"TENDIDO DE DUCTOS ACERO 10"""
3011247;"TENDIDO DE DUCTOS ACERO 12"""
3011248;"TENDIDO DE DUCTOS ACERO 16"""
3011249;"Tendido ducto ERFV 3"" y 4"""
3011250;"Tendido ducto ERFV 6"""
3011251;"Tendido ducto ERFV 8"""
3011252;"Tendido ducto ERFV 10"""
3011253;"Tendido ducto ERFV 12"""
3011254;"Tendido ducto ERFV 14"""
3011255;"Tendido ducto flexible 3""y 4"""
3011256;Act comp Cruces de caminos
3011257;Act comp Cruces de caminos c/tunelera
3011258;Proteccion Aluvional - Diques
3011259;Proteccion Aluvional - Bernas I > 8%
3011260;Proteccion Aluvional - Gaviones y Colcho
3011261;Informe Tecnico de cons de protec ductos
3011262;Tendido Tritubo para Fibra Optica
3011263;Tendido de Fibra Optica directo
3011264;Tendido de Fibra Optica en tritubo
3011265;Zanjeo en Suelo Duro
3011266;Tareas de Prot Catódica
3011267;Pref y Mont caño acero sin reves int
3011268;Pref y Mont caño acero con reves int
3011269;Estructura metalica
3011270;Hormigon Armado
3011271;Plateas y veredas de transito
3011272;Cerco Perimetral
3011273;Camara de Inspeccion
3011274;Cámara de Hormigon
3011275;Movimiento de Suelos para pequeñas locac
3011276;Montaje eléctrico BT
3011277;Instrumento cableado
3011278;Instrumento wireless
3011279;Desarrollo de Ingenieria
3011280;Cartelería
3011281;Movilización/Desmovilizacion trailers
3011282;Movilización/Desmovilizacion equipos
3011283;Precio mensual de Unidad de Campamento
3011284;Transporte de material calcáreo
3011285;Fee compra materiales
3011286;HONORARIOS PROFESIONALES
3011287;BONO SINDICAL
3011288;C Basico ULA Pos Perf Mecanicas
3011289;Perf Mecanica Adicional
3011290;Fumigación PTC Medanito
3011291;Fumigación CAN
3011292;HONORARIOS PROFESIONALES
3011293;Cem Fit Heal
3011294;CemPRIME SCRUB
3011295;Servicio MPD para pozos pilotos
3011296;Moviliz Operacion Convencional
3011297;JOR CAL Y MANT ELO/BMS DIA LAB 8 A 17 HS
3011298;JOR CAL Y MANT AF DIA LAB 8 A 17 HS
3011299;JOR CAL Y MANT PM93 DIA LAB 8 A 17 HS
3011300;JOR CAL Y MANT PM96 DIA LAB 8 A 17 HS
3011301;JOR CAL Y MANT PM530 DIA LAB 8 A 17 HS
3011302;JOR CAL Y MANT FT300 DIA LAB 8 A 17 HS
3011303;JOR CAL Y MANT PM200 DIA LAB 8 A 17 HS
3011304;NALCOOL 2000
3011305;Drilling Spool 11-5M a 11-5M
3011306;Despalmes en terreno natural con maquina
3011307;Corte terreno nat. matl tipo B maq.pesad
3011308;Acarreo terracerías produ. corte h/5Km
3011309;Conformacion y compactacion al 90% terr.
3011310;Estabilización terreno natural cal 3%
3011311;Formación, nivelación compact. terraplen
3011312;Arrope con material producto de corte
3011313;"Acarreo y suministro de gravon de 6"" a f"
3011314;Form./compact. pedraplen gravón 62 finos
3011315;"Acarreo-suministro base hidrah. 1 1/2"""
3011316;"Extend. nivelado base hidrah. 1 1/2""fino"
3011317;Materiales y construcción de contrapozo
3011318;Concreto para construcción de firme
3011319;Fabricación e instalación cerca 5 alambr
3011320;Suministro-colocación portón acc.vehicul
3011321;Suministro-colocación tapas concreto
3011322;Sum.e instalación señalamientos concreto
3011323;CONTRIBUCION EXTRAORD AGO-OCT-DIC 22
3011324;CONTRIBUCION EXTRAORD DIC 22
3011325;Suministro-accarreo mat. Banco Tortuguer
3011326;Formación-niv. comp. terrap. Mat.banco
3011327;AJUSTE TARIFA
3011328;Carga transporte tuberia acero al pozo
3011329;"Sumin,manej/erecc brida cuello sold. 4"""
3011330;"Sumin,instal. espárrago B7 p/brida 4"""
3011331;"Sumin,instal. espárrago B7 p/brida 2"""
3011332;"Empaque tipo flexitalic para brida de 4"""
3011333;"Empaque tipo flexitalic para brida de 2"""
3011334;"Sum. Kit juntas aislantes Pikotek VCS 4"""
3011335;"Sum. Kit juntas aislantes Pikotek VCS 2"""
3011336;Estudio/diseño sistema protección catód.
3011337;"Soldadura a tope en tuberias 4"" diametro"
3011338;"Soldadura a tope en tuberias 2"" diametro"
3011339;"END x rad.ind. cedula 80 diám. junta 2"""
3011340;"END x rad.ind. cedula 80 diám. junta 4"""
3011341;Recubrim. anticorr. sist.1 tub/acc acero
3011342;Ademe madera p/excavación de más 2mt prf
3011343;Suministro arena para relleno
3011344;Mocheta de concreto 1,5 x 25 c/pl.acero
3011345;"Fabricación curvas en tubería de 4"""
3011346;Montaje o Montaje repet o Desmontaje-15%
3011347;Montaje y  Desmontaje misma jornada-15%
3011348;Horas a demanda
3011349;Rec/ Actual
3011350;50%EQ SOLD C/AYUDANTE, CANISTA YMOV
3011351;100%EQ SOLD C/AYUDANTE, CANISTAYMOV
3011352;100%CAMION CON HIDROGRUA 12 TN
3011353;50%CAMION CON HIDROGRUA 12 TN
3011354;50%SE OFICIAL CAÑISTA C/EQUIP,TJAS P/ARM
3011355;100%OFICIAL CAÑISTA C/EQUIP,TJAS P/ARM C
3011356;MOVILIDAD POR KILOMETRO 50%
3011357;MOVILIDAD POR KILOMETRO 100%
3011358;servicio mensual de Higiene y Seguridad
3011359;RETROACTIVOS
3011360;Supervisor mov suelo
3011361;Rec/ Actual
3011362;CBL y Correlación Prof Min 600 m
3011363;Rafaelita
3011364;Metasilicato Acido de Sodio
3011365;"Tapon superior 9 5/8"""
3011366;SL-Operación cancelada 65% (antes 20hs)
3011367;SL-Operación cancelada 80% (c/mov.s/tra)
3011368;Asist Tecn RG-op-0001-0000238 Desm final
3011369;Hora normal operador de equipos
3011370;SmartDRILL Perf Excelente
3011371;SmartDRILL Perf promedio
3011372;SmartDRILL Perf baja
3011373;FLETE CON HIDRO
3011374;Servicio tecnico en campo basico (2 per)
3011375;ALQUILER DE SEPARADOR TRIFASICO
3011376;SKID DE BOMBAS WILDEN
3011377;GENERADOR ELECTRICO 80kVA
3011378;GENERADOR ELECTRICO 130kVA
3011379;GENERADOR ELECTRICO 180kVA
3011380;MOTO COMPRESOR
3011381;ELECTRO COMPRESOR
3011382;ESD
3011383;SISTEMA IGNICION FOSA DE QUEMA
3011384;PLC
3011385;CISTERNA GAS OIL
3011386;CISTERNA AGUA
3011387;Comunicación (Antena de enlace GH)
3011388;Planta Tratamiento Efluentes
3011389;Pick Up
3011390;TABLERO DISTRIBUCIÓN 160 kVA
3011391;MANIFOLD DE INTERCONEXION DE PILETAS
3011392;GENERADOR ELECTRICO 40kVA (PAD 1)
3011393;COMPRESOR ELECTRICO (PAD 1)
3011394;TABLERO DISTRIBUCIÓN 160 kVA (PAD 1)
3011395;C. x Tractoreo Subsecuente + de 3000,
3011396;Cx op con explosivos
3011397;"Cargo por movilizacion lineas de 6"""
3011398;"Costo Linea de 6"" Bridada mts/dia"
3011399;REC. ADIC. POR MES POR PERS DIC y FEB
3011400;NQN-AGUADA F-DIURNO-PICK UP
3011401;NQN-AGUADA F-DIURNO- COMBI
3011402;PUNTO DE ENCUENTRO NQN - SENILLOSA
3011403;SGTO VIDAL-VILLA MANZANO-PNTO ENCUENTRO
3011404;Pre-Frac serv. with non-frac crew loc.
3011405;Monthly fee pers.&eq. up to 40 stg/month
3011406;Monthly fee pers.&eq. 41 and 90 stg/mth
3011407;Monthly fee pers.&eq. 91 and 130 stg/mth
3011408;Monthly fee pers.&eq. 131 stg/mth above
3011409;FRAC - B720 Biocide
3011410;J702 - High Viscosity Friction Reducer
3011411;"FRAC - Dissolvable 5"" ReacXion Slim SW"
3011412;"FRAC - Dissolvable 5"" ReacXion Nano"
3011413;"FRAC -Composite Plug (5"" FracXion Micro)"
3011414;"FRAC - Retrievable PlugCW-2 5"" per day"
3011415;"Monoline 5-1/8"" 15K  4wellspad"
3011416;"Monoline 5-1/8"" 15K  6 wellspad"
3011417;"Monoflex 5 1/8"" 4wellspad x 30 días"
3011418;"Monoflex 5 1/8"" 4wellspad addit. Day per"
3011419;Greasing remote manifold (4o 6well pad)
3011420;Op.&Mant FFDS+Aux serv (Pd 5Pzs-45 dias)
3011421;"Monoflex 5-1/8"" 15K (Pad 3 pozos 27dias)"
3011422;FracStack+Zipper Manifold 2wells 18days
3011423;FracStack+Zipper Manifold 3wells 27days
3011424;FracStack+Zipper Manifold 5 wells 45days
3011425;FRAC - L065 – Liquid Scale Inhibitor
3011426;FRAC L069 – Solid Scale Inhibitor
3011427;J711 High Viscosity Friction Reducer–HS
3011428;WellWatcher Stim, Plug setting/Ball land
3011429;WellWatcher Stim, Diversion confirmation
3011430;WellWatcher Stim, Others
3011431;OPTIQ Streamline Acquisition MonitorWell
3011432;Conveyance of 3rd party tools/CIS Servic
3011433;Post Frac ded.MES CT2 3/8FPDO+PFMS
3011434;Post Frac ded.DIA CT2 3/8FPDO+PFMS
3011435;Post Frac ded.LSum CT2 3/8FPDO+PFMS
3011436;Dif. Tarifas H108 - Nov-Dic 2022 PTV
3011437;Dif. Tarifas Frac hasta Jul22-Ago22
3011438;PAGO EXTRAORDINARIO
3011439;Hrs Extras 50%
3011440;Hrs Extras 100%
3011441;Carga de datos Microsísmica
3011442;Entrega infrome final Rep. Sísmico
3011443;Pre-procesamiento de datos Rep.Sísmico
3011444;Migración de datos PSDM Rep.Sísimico
3011445;SERV MANT PREVENTIVO AA
3011446;REPARACIONES EQUIPOS AA
3011447;Materiales para obras electromecanicas
3011448;"FLOAT COLLAR,HFX™,9 5/8""K55,BTC,32.3-53"
3011449;"PLUG, TOP,9.625""-NATURAL RUBBER/PHENOLIC"
3011450;"PLUG,BOTTOM,7"" NR-NATURAL RUBBER/PHENOLI"
3011451;"PLUG, TOP,7.""NR-NATURAL RUBBER/PHENOLIC"
3011452;"Float Coll,7""IIIC SV-20-32#LCXLC BXP K55"
3011453;"FLOAT SHOE, 7""IIIC SV-20-32# LC K55/j55"
3011454;Punto Debil (ACTIVACION)
3011455;MEDICINA LABORAL
3011456;Alquiler Trailer n°252  12 Mts
3011457;Alquiler Trailer n°285 Baño 6 Mts
3011458;EQ.GENERACIÓN ELÉCTRICA 3KVA-SOLAR 100%
3011459;EQ. GEN. ELEC. 10KVA - SOLAR 70 % - 30%
3011460;ASISTENCIA EN CAMPO - PUESTA EN MARCHA
3011461;ELO - PERSONA ADICIONAL EN CARGADERO
3011462;Proteccion Aluvional - Bernas I<= 8%
3011463;AG FE - VIANDAS (Chañar a Benevento)
3011464;AG FE - TRASLADO DE PERSONAL
3011465;AG FE - GS ADICIONALES PERSONAL
3011466;AG FE - INSUMOS VARIOS EXTRAS
3011467;CONTRIBUCION EXTRAORD ENE 23
3011468;COMPL.MOV/DEMOV same Vista field 50%
3011469;COMPL.MOV/DEMOV diff. VE field area 75%
3011470;GESTIÓN FLOTA
3011471;HONORARIOS PROFESIONALES
3011472;DSL - Servicio de andamio en pozo
3011473;DSL - Cargo servicio tapón PEAK SIM
3011474;"DSL - Tapón PEAK SIM V5 RTBP 2 3/8"""
3011475;"DSL - Tapón PEAK SIM V5 RTBP 2 7/8"""
3011476;"DSL - Tapón PEAK SIM V5 RTBP 3 1/2"""
3011477;DSL - Colgador PEAK HiEX
3011478;DSL - Set de memory (M&Bup)
3011479;COMBI TURNOS NQN-AFE-NQN
3011480;Cargo por transporte, Pluma
3011481;Cargo por Presion, 3001 a 5000 psi
3011482;Cargo por Presion, 5001 a 10000 psi
3011483;Grua en espera
3011484;CBL y Correlación, registro (min. 300 m)
3011485;Hta. Radioactiva NEUTRON,Prof.(min.600m)
3011486;Hta RadioactivaNEUTRON,Registro(min.300m
3011487;Perfil de temp,c.x registro continuo
3011488;"Punzado cañon 1 11/16""-2 7/8"""
3011489;"Punzado cañon 4 5/8"""
3011490;Punzado, cargas RT36H Extra II
3011491;Tubing Punch, cargas TP37H3
3011492;Rayos Gamma de punzado,Prof.(min.600 m)
3011493;Rayos Gamma de punzado,por carr(min.300
3011494;Carga de poder lenta
3011495;Dump Bailer cuchara cement,Prof.(min.600
3011496;"Precio de Tapon N 5-1/2"" C/Kit"
3011497;"Precio de Tapon K 5-1/2"" C/Kit"
3011498;DESM LINEAS DE COND EXISTENTES (pulg.m)
3011499;LIMPIEZA SPOOLES (pulg.m)
3011500;TENDIDO DE LINEA DE COND EN ERF (pulg.m)
3011501;CAO + CARPETA DE CALIDAD
3011502;"TEND LINEA COND ACERO SOTERRADA E/2""y 3"""
3011503;"TEND LIN COND EN ACERO CARB SOTE 4"" Y 6"""
3011504;"TEND LIN COND EN ACERO CARB SOT 8"" Y 12"""
3011505;"AISLACION DE CAÑERIAS DESDE 3"" HASTA 4"""
3011506;"AISLACION DE CAÑERIAS DE 6"""
3011507;"AISLACION DE CAÑERIAS DESDE 8"" HASTA 10"""
3011508;"AISLACION DE CAÑERIAS DESDE 12"" HASTA 16"
3011509;"SOLD EN TALLER PREF Y CAÑ SCH80 hasta 8"""
3011510;"SOLD EN TALLER PREF Y CAÑ SCH80 mayor 8"""
3011511;SOLD EN TALLER PREF Y CAÑ SCH 20/40 C/RI
3011512;SOLD EN TALLER PREF Y CAÑ SCH 80/120C/RI
3011513;"HOT TAP 12"""
3011514;Provisión Revestimiento Interno
3011515;SOPORTES LIVIANOS (H/ 30Kg/M) EN ACERO
3011516;SOP SEMI PESADOS (+30Kg H 60Kg/m) ACERO
3011517;SOPORTES PESADOS (+60Kg H 150Kg/M) ACERO
3011518;SOPORTES EXTRA PESADOS (+150KG/M) ACERO
3011519;PROV CERCO PERIM PARA INST TIPICAS(MLIN)
3011520;PUERTA DE ACCESO DE 2 HOJAS X 6M DE ANCH
3011521;PUERTA DE ACCESO DE 1 HOJA X 1,2 M ANCH
3011522;union tee, ancho 300mm, ala 150mm,
3011523;PUERTA DE ACCESO DE 1 HOJA X 1,2 M ANCH
3011524;curva vertical fija, descendiente, ancho
3011525;curva vertical fija, descendiente, ancho
3011526;curva vertical fija, ascendente, anc 300
3011527;curva vertical eslabonada, de 6 eslabone
3011528;Tapa para tramo recto, ancho 300mm
3011529;Tapa para curva plana horizontal 90°
3011530;Tapa para curva plana horizontal 45°
3011531;Tapa para union tee, ancho 300mm
3011532;Tapa para curva vertical fija, descenden
3011533;Curva vertical articulada para bandeja
3011534;"derivaciones en ""t"" para bandejas; a 150"
3011535;"curva horz para bandeja; a 45° anc 150mm"
3011536;bandeja porta cables tipo escalera
3011537;"derivaciones en ""t"" para bandejas;a 300"
3011538;CAJA CUAD ALEACION 570x355x215MM 4ACC
3011539;Caja cuadrada de aleación de aluminio
3011540;Caja cuad de aleación de aluminio zoloda
3011541;Montaje de columna de iluminación tipo a
3011542;Montaje de punta Franklin. Incluye coloc
3011543;TRANSP MATERIAL CAMION C/HIDRO C/CHOFER
3011544;JORNADA GRUA 60TN
3011545;MOV Y DESMOV GRUA 60TN
3011546;JORNADA GRUA 80TN
3011547;MOV Y DESMOV GRUA 80TN
3011548;MOV Y DESMOV GRUA 120TN
3011549;MOV Y DESMOV GRUA 180/230TN
3011550;JORNADA GRUA 120TN
3011551;JORNADA GRUA 180/230TN
3011552;MANIP TELESCOP JLG 0 A 30 MTS
3011553;MOV Y DESMOV MANIP TELESCOP
3011554;JORNADA DE EQUIPO DE SOLDADURA
3011555;JOR RETRO EX CARG S/NEUM TIPO CAT C/OP
3011556;JOR CAMION SEMI E HIDRO C OPERADOR CALIF
3011557;JOR SUPERVISOR CON MOVILIDAD
3011558;JOR REFERENTE HSE (TEC SEG) CON MOVILID
3011559;JOR REFERENTE QA/QC (TEC CALIDAD) C/MOV
3011560;Plataforma para trabajo en altura
3011561;Manipulador telescópico tipo JLG hasta 4
3011562;Autoelevador 7 tn
3011563;FEE POR SUMINISTRO DE MATERIALES 60fpf
3011564;FEE POR SUMINISTRO DE MATERIALES 30fpf
3011565;TRASLADO DE TRAILER KM RECORRIDO
3011566;TRASLADO DE TRAILER CARGA/DESCARGA
3011567;TRASLADO DE TRAILER CARGA/DESCARGA
3011568;TRASLADO DE TRAILER HORAS DE ESPERA
3011569;PRECOMMISIONADO DE INSTALACIONES
3011570;ASISTENCIA PARA COMISIONADO Y PUESTA EN
3011571;HAZOP
3011572;TRASLADO DE TRAILER DIA DE ESPERA
3011573;STRESS ANALISIS
3011574;VERIFICACIONES DE PROCESO
3011575;TRASLADO DE TRAILER INSTALACIÓN
3011576;TRASLADO DE TRAILER DIA DE ESPERA
3011577;ALQUILER BASE PARA TRAILER
3011578;SOLDADURA EN TALLER PREF Y CAÑ SCH80/120
3011579;SOLD EN TALLER PREF Y CAÑ SCH80/120 C/RI
3011580;SOLD EN TALLER PREF Y CAÑ SCH20/40 C/RI
3011581;PARO PROGRAMADO (TIE-IN) HASTA 2 INTERVE
3011582;PARO PROGRAMADO (TIE-IN) HASTA 4 INTERVE
3011583;CAJA CUAD ALEACION 570x355x215MM 4ACC
3011584;Caja cuadrada de aleación de aluminio.
3011585;Caja cuadrada de aleac de alum ZOL 265
3011586;JORNADA GRUA 120TN
3011587;MOV Y DESMOV GRUA 60/80TN
3011588;MOV Y DESMOV GRUA 120TN
3011589;Canasta de 1,2 x 1,2 capacidad 450 kg (4
3011590;Crane hook para manipulador telescopico
3011591;Caja cuadrada de aleac de alum ZOL 570
3011592;Caja cuadrada de aleac de alum ZOL 265
3011593;Caja cuadrada aleac alum ZOL 265 12b
3011594;Caja cuadrada aleac alum ZOL 265 18b
3011595;Caja cuadrada aleac alum delga 265 10b
3011596;Caja cuadrada aleac alum ZOL 265 8b
3011597;Caja cuadrada aleac alum ZOL 570 12b
3011598;Caja cuadrada aleac alum ZOL265 10b
3011599;Caja cuad aleac alum ZOL265 12b bpn16
3011600;Caja cuad aleac alum ZOL265 18b bpn16
3011601;Caja cuad aleac alum delg265 10b bpn16
3011602;Caja cuad aleac alum ZOL197 8b bpn4
3011603;JORNADA GRUA 80TN (INCL MOV Y DESMOV)
3011604;JORNADA GRUA 60TN (INCL MOV Y DESMOV)
3011605;JORNADA GRUA 120TN (INCL MOV Y DESMOV)
3011606;SERVICIO DE CONSULTORÍA
3011607;SERVICIO DE CONSULTORÍA
3011608;CAMION REGADOR MES 25/30m3 de 7 a 16hs
3011609;CENTRAL DE OPERACIONES ELO
3011610;CERTIFICADO CALIB, REV CALIB X EQUIPO
3011611;SERVICIO DE CUSTODIA DE CASAS
3011612;SERVICIO DE CUSTODIA DE CASAS
3011613;M3 TRANSPORTADO Bahia Blanca
3011614;Stand by hora adicional
3011615;Serv Integ Recortes Perf. B agua >100 km
3011616;Serv IntegFluidos Perf. B agua >100km
3011617;Servicio Integ Presas/Contrapozos>100km
3011618;Viaje en falso
3011619;Renta de presa metálica
3011620;Flete entrega o retiro de presa
3011621;renta de retroescavadora
3011622;Serv Integ Recortes de Perf.B agua<100km
3011623;Serv Integ Fluidos de Perf. B agua<100km
3011624;Servicio Integ Presas/Contrapozos <100km
3011625;"Prov Tapón Reperf Al mod NTH 6 5/8"""
3011626;"Prov de Ret Reperf Al mod CRH 6 5/8"""
3011627;"C Bas TPN Rec Mec Mod TPR-1 6 5/8""17-24#"
3011628;"C Bas PKR Rec Mec ModTKR-1 6 5/8""17-24#/"
3011629;"C adic TPN Rec Mec Mod TPR-1 6 5/8""17-24"
3011630;"C adic PKR Rec Mec Mod TKR-1 6 5/8""17-24"
3011631;Trailer Oficina 12 mts-8 puestos de trab
3011632;EMBR17577A
3011633;SERVICIO DE CONSULTORÍA
3011634;Servicios IT - Paquete 1000 hs./mes
3011635;"FLOAT COLLAR,9.625""36# API BW BXP K55/J5"
3011636;"PLUG,TOP,7.0""NATURAL RUBBER PHENOLIC"
3011637;"REAMER GUIDE SHOE,9.625""X11.0” CUTTING O"
3011638;M307 - Biocide
3011639;Generación de energía 60 Kva Dic 22
3011640;2 Generación de energía 60 Kva
3011641;Cisterna Combustible
3011642;"REAMER GUIDE SHOE,9.625""X11.5”"
3011643;YERBA AMANDA
3011644;YERBA MATE
3011645;EXCAVADORA TIPO CAT 320
3011646;COPIA DE LLAVE
3011647;Análisis Geoquímico
3011648;"Serv. de bajada de TRxevento9-5/8""(HC&ht"
3011649;PROC. INTERPRET. DATOS
3011650;HTP + GRASAS Y ACEITES (EPA 418)
3011651;"kit cementacion offline 5"""
3011652;instalación de BPU
3011653;INVERSIONES INFRAESTRUCTURA
3011654;Alquiler doble Pack Off
3011655;"Cargas21/8""PIRANHA PREM4/6SPF-90/60ºDP H"
3011656;"Hta Cementac Offline 9 5/8"""
3011657;"14HT Valvula esclusa <3 1/8"" hasta 5000p"
3011658;REDETERMINACIÓN DE TARIFA
3011659;INSTALACION/DESINSTALACION DE EQUIPOS
3011660;SERVICIO CORTE Y ##ROSCADO 9 /8” BTC TXP
3011661;"FLOATCOLLAR,9.625""IIIC LSV-36 PPF API B"
3011662;Perforación sección Producción8”MWD+MDF
3011663;Perforación sección Producción8”MWD+MDF
3011664;Bombeo Misc./Prueba Pres.hasta 12hs
3011665;Bombeo Misc./Prueba Pres.hora subsig
3011666;Bombeo Misc. Prueba Pres.Stand by
3011667;Mesa Soporte Nivel 2 hasta 30hs/mes
3011668;Mesa Soporte Nivel 2 más 30hs/mes
3011669;Consultoría Geofísica/Datos sísmicos 4Hs
3011670;Acondicionamiento de Gathers
3011671;Inversión mínima 100km2 - 8 pozos
3011672;AVO mínimo 100Km2 - 8 pozos
3011673;Otros adicionales -Consultoría Geofísica
3011674;PROVISION CERCO PERIM TIPICO EQ AIB
3011675;Cuadrilla Adic. Mant Instrum. Plantas
3011676;Serv. Integral Bombeo Mecánico/BCP c/dct
3011677;TRASLADO DE TRAILER
3011678;Análisis extendido gas nat. GPA 2286-14*
3011679;Muestreo gas nat. loc.terr (L.prod/Sep)
3011680;Unidad Lact
3011681;Unidad de rechazo
3011682;"Sistema Gas Lift 5 1/2""  por pozo"
3011683;"Sistema Gas Lift 5"" por pozo sin dcto."
3011684;Unión tee, ancho 300mm tipo escalera
3011685;Tapa para curva vertical fija, ascendent
3011686;MINI-EXCAVADORA
3011687;CONSTRUCCION CAÑERIAS ROSCADAS
3011688;JORNADA GRUA 60 TN
3011689;MOV Y DESMOV MANIP TELESCOP
3011690;Adicional por trabajos jornada día Sabad
3011691;Adicional por trabajos jornada día Domin
3011692;Tte Gasolina c/cisterna 35m3 12hs
3011693;SERVICIO IOT ANUAL
3011694;Magna Prover - smvp para Unidad LACT
3011695;Medidor Ultrasonico para Ulact
3011696;Instrumentacion para Ulact
3011697;Flete Ulact
3011698;Flete Unidad de Rechazo
3011699;Instrumentación unidad de rechazo
3011700;Asistencia por 7 dias puesta en marcha
3011701;TTE ULT MILLA ARENA - FLOTA MENS OPERTVA
3011702;Servicio de Gestoría
3011703;CAFE EN SAQUITOS X 20
3011704;LECHE STICKS
3011705;ADICIONALES
3011706;Auto-diagnóstico y producciones inferida
3011707;Módulo Drawdown management
3011708;Módulo producción no localizada
3011709;. Inflow performance sumideros
3011710;Instalación & Set-up
3011711;Servicio de mantenimiento on-call a Oper
3011712;Suscripción mensual licencia de uso
3011713;TCP primeros 3 mts
3011714;metros adicionales
3011715;"Intermedio 2 3/4"" Temporaria"
3011716;Cabezas de disparo Act. p/pres c/venteo
3011717;Niple de circulación y producción 2 3/8
3011718;Especialista  TCP
3011719;Instalación de frac tank en locación
3011720;Tractocamión con remolque tipo cama baja
3011721;renta de Grúa de 65 tn por mes
3011722;Alquiler de Bomba Wilden
3011723;Soldadura de cople de 9 5/8”
3011724;VARIACIÓN CAMBIARIA
3011725;Serv Tecnico Auc de recolecc muestras
3011726;Servicio técnico de Rep ante CNH
3011727;OPERARIO TAREAS GENERALES
3011728;MARTILLO ELECTRICO
3011729;MINI-EXCAVADORA
3011730;Repuestos
3011731;Suscripción envío datos RT perforación
3011732;Malla API 80
3011733;Malla API 120
3011734;Malla API 140
3011735;CONTROL GEOLÓGICO -STAND BY CON PERSONAL
3011736;CONTROL GEOLÓGICO -STAND BY SIN PERSONAL
3011737;ESPERA ENTRE POZOS SIN PERSONAL
3011738;CALCIMETRÍA POR MUESTRA
3011739;CARGO POR MOVILIZACIÓN / DESMOVILIZACIÓN
3011740;DTM FINAL ENTRE POZO HASTA 30KM
3011741;COSTO KM ADICIONAL
3011742;BOLSA DE TEFLÓN PARA MUESTRAS
3011743;PREPARACION, LAVADO Y ATRICION ARENA
3011744;Tte. materiales 30ton con cuadrilla MEX
3011745;Manejo y tte. de tubería de prod./acces.
3011746;Tte. materiales 15ton con op./man. MEX
3011747;Tte. con grúa 24ton operador y man.MEX
3011748;"Zapata perforadora Back Up 9 5/8"""
3011749;Servicio Registro Rayos Gamma en MWD
3011750;Punto Libre,  Por estación
3011751;Registro Doble Laterolog prof
3011752;Registro Doble Laterolog registro
3011753;Perfil dielectrico Prof
3011754;Perfil dielectrico Reg
3011755;Grua 30 ton
3011756;Sonico de evaluación de cemento
3011757;SERVICIO DE EFERMERÍA AM
3011758;Servicio de gestoría
3011759;REC.  SALARIALES -  TGS
3011760;SEP/FILTRADO DE SOLIDOS (BBS c/ByPass)
3011761;MEMBRESÍA 2022
3011762;MEMBRESÍA 2023
3011763;C x Registro GeoGuide CBL
3011764;C x Prof. De Reg GeoGuide CBL
3011765;Cargo por operación
3011766;Transm.de Param.de Perf y Masterlog Inte
3011767;"Serv Introducc TR7"" (Llave de entubar)"
3011770;BARITINA 4.2
3011771;CAL HIDRATADA
3011772;MARCEL
3011773;MARFYBER FINO
3011774;MARSEAL
3011775;MARSPHAL T
3011776;BURRITO
3011777;CONTRIBUCIONES EXTRAORDINARIAS
3011778;Tarifa C-1 Espera con personal activo
3011779;DTM hasta 30 km
3011780;DTM parcial
3011781;DTM sobre misma línea superando 30 mts
3011782;DTM misma locación cambio linea de pozo
3011783;Módulo Drawdown management
3011784;Auto-diagnóstico & Anomalías
3011785;Módulo producción no localizada
3011790;Geomembrana Suministro
3011791;Geomembrana Instalacion
3011792;SERVICIO DE MANTENIMIENTO DE CAMINOS
3011793;Van de fractura
3011794;Conector WITSML
3011795;Conexión a Servidor
3011796;Consultoría rigminer
3011797;Desarrollo rigminer
3011798;SRV: ENDEREZADO DE TBG
3011799;DISPOSICION FINAL SOLIDOS CONDICIONADOS
3011800;TRAT.LODOS Y FONDO DE TANQUE  C/HC
3011801;DISP.FINAL LODO Y FONDO TANQUE C/HC- LAB
3011802;TTE ARENA LAVADA PLAV-AÑELO - TN
3011803;TTE ARENA LAVADA PLAV-BDP - TN
3011804;Arena bruta extraída
3011805;Serv. Integral Bombeo Meco/BCPc/dct 2023
3011806;Bakerlock (Inc 15%)
3011807;FLUIDO BASE AGUA DENS HASTA1.08 Perdido
3011808;PECAN NUT PLUG FINO,50LB
3011809;CALCIUM CARBONATE F,M,G bolsa 25kg
3011810;Aditivo de Control de Gas para baja Temp
3011811;SERVICIO DE MANTENIMIENTO
3011812;Scrum Master
3011813;Data Scientist
3011814;Data Engineer
3011815;Ajuste Tarifas - Retroactivo
3011816;"metro excedente perf en sección 9 5/8"""
3011817;Servicio soporte NQN NR
3011818;Preinstalación Sist de Control solidos
3011819;Servicio de Grua tercerizada por Simmons
3011820;EQ CHUPA 8M3 - 12HS DÍA
3011821;Alambrado CB1003
3011822;Mallas Api 60-JMONXR084J
3011823;Mallas Api 80-JMONXR120J
3011824;Mallas Api 100-JMONXR0165J
3011825;AI Soft. cloud - Optimización SLA
3011826;AI Soft. cloud Personalización - Límite
3011827;AI Soft. cloud Personalización - Adicion
3011828;Prov.agua pipa 20m3 de 51 a 100km
3011829;Ajuste Monthly Fee - Trimestral
3011830;Desinstalación de Frac Tanks
3011831;Stand By unid tractoCamión
3011832;TABLERO ELECTRICO ADICIONAL
3011833;ALQUILER TRAILER COMEDOR 6 MTS
3011834;PROVISION CERCO PERIM TIPICO EQ AIB
3011835;Espumante FMW3077
3011836;Espumante FMW7753
3011837;Alq. casetas,trailers, toilets y otros
3011838;Serv corte,torqueo,PIT &Otros
3011839;GASTOS MOVILIDAD INSPE
3011840;VIATICOS INSPE
3011841;RETROACTIVOS
3011842;Registro de parámetros en eq. Torre
3011843;Adicional Nivel
3011844;Acuerdo Cierre - mutuo
3011845;Ac. Cierre - Servicio seg. y vigilancia
3011846;Acuerdo Cierre - alquiler oficinas
3011847;Frac Stacks Lump Sum PAD 1PZ
3011848;Frac Stacks Día Adic. PAD 1PZ
3011849;Frac Stacks Lump Sum PAD 2PZs
3011850;Frac Stacks Día Adic. PAD 2Pzs
3011851;Frac Stacks Lump Sum PAD 3PZs
3011852;Frac Stacks Día Adic. PAD 3Pzs
3011853;Frac Stacks Lump Sum PAD 5PZs
3011854;Frac Stacks Día Adic. PAD 5Pzs
3011855;Frac Stacks PAD 1Pz - S.by sin personal
3011856;Frac Stacks PAD 1Pz - S.by con personal
3011857;Servicio de Internet y Pason
3011858;Frac Stacks PAD 2Pzs - S.by sin personal
3011859;Frac Stacks PAD 2Pzs - S.by con personal
3011860;Frac Stacks PAD 3Pzs - S.by sin personal
3011861;Frac Stacks PAD 3Pzs - S.by con personal
3011862;Frac Stacks PAD 5Pzs - S.by sin personal
3011863;Frac Stacks PAD 5Pzs - S.by con personal
3011864;Tubo Cond 4.5 0.339 B/X42 BVL 30 D
3011865;DTM hasta 20 Km -Workover
3011866;Exceso de kilometraje(+de 20km) Pulling
3011867;Tarifa Horaria Condición Climática pull
3011868;Tarifa Horaria Reparación y Mant Pull
3011869;DTM Interpad
3011870;Desmovilización WO
3011871;Movilización Pull
3011872;Desmovilización Pull
3011873;Desarraigo Pull
3011874;DEFOAMER AF-177
3011875;Fabricación Manifold de vinculación p/p
3011876;Pick-Up 4x4 D/C DX - Abril/2023
3011877;Estadia de Unidad cada 12 hs
3011878;"Metro excedente de Lump Sum 8 3/4"""
3011879;Metro excedente MDF + MWD
3011880;Hydrahib
3011881;Ajuste Tarifas - Retroactivo
3011882;"Servicio Entubación 2900m Csg 5 1/2"""
3011883;Cargo Stand by equipamiento
3011884;Cargo Stand por operador
3011885;Memory de Superficie (1er día)
3011886;Memory de Superficie (siguiente día)
3011887;Memory de Superficie back up (1er día)
3011888;Memory de Superficie back up (Sigui-día)
3011889;Antiespumante (ABC11)
3011890;INHIBIDOR DE CORROSION CY8760W
3011891;INHIBIDOR DE CORROSION CYB808
3011892;Ajuste conectorpara Zafiro
3011893;FLETE AEREO AIAH / EZE
3011894;FLETE AEREO
3011895;SEGURO DE LA MERCADER
3011896;FLETE AEREO + INLAND
3011897;SEGURO TRANSPORTE INTERNACIONAL
3011898;GASTOS FORWARDER BUENOS AIRES
3011899;GASTOS FORWARDER EN BUENOS AIRES
3011900;BIOCIDA BX936
3011901;BIOCIDA BXC1133
3011902;SECUESTRANTE SULFHIDRICO BSH8080
3011903;SOLVENTE TRIETILENGLICOL
3011904;Plottier - Río Neuquén y Viceversa
3011905;ING. Plan inst. sistema med. y modular
3011906;INGENIERIA  Básica Proceso
3011907;INGENIERIA - Básica Mecánica
3011908;INGENIERIA - Básica Tubería
3011909;INGENIERIA - Básica Civil
3011910;INGENIERIA - Básica Eléctrica
3011911;INGENIERIA - Básica Instrumentos
3011912;ADICIONALES UM ARENA
3011913;"Perf Secc Producc 8 3/4"" MWD +RSS"
3011914;ALQ DE ANDAMIOS M3
3011915;NEUTRON PULSANTE - CARGO PROFUNDIDAD
3011916;NEUTRON PULSANTE - CARGO REGISTRO
3011917;ACUSTICO DIPOLAR - CARGO PROFUNDIDAD
3011918;ACUSTICO DIPOLAR - CARGO REGISTRO
3011919;Interpretacion NP Modo SIGMA
3011920;Interpretacion NP GAS VIEW
3011921;EMULACION Curvas OH
3011922;Proceso Acustico DTC/DTC
3011923;NEO Red Neuronal
3011924;Lubricador
3011925;FMO6000
3011926;SE MANT CRMATOGRAF PM15
3011927;Alq. Brida adaptadora Csg c/d Packoff
3011928;PROVISIÓN DE TRAZADOR AGUA LIQUIDO
3011929;PROVISIÓN DE TRAZADOR PETROLEO SOLIDO
3011930;EQUIPO DE BOMBEO PARA INYECCION DE TRAZA
3011931;Torqueadora Hidráulica
3011932;EQUIPO DE BOMBEO PARA INYECCION DE TRAZA
3011933;20 BOTELLAS PARA MUESTRA DE AGUA / PETRO
3011934;MOB / DEMOB DE PERSONAL PARA LA INYECCIO
3011935;MOB / DEMOB DE EQUIPAMIENTO Y PRODUCTOS
3011936;PERSONAL DE CAMPO / 2 OPERADORES EN TURN
3011937;PERSONAL DE CAMPO - STAND BY EN LOCACION
3011938;RETIRO DE MUESTRA EN OFICINAS DE ANELO
3011939;ANALISIS DE MUESTRA  (AGUA/PETROLEO)
3011940;"""CONFECCIÓN Y PRESENTACIÓN DE REPORTE ME"
3011941;"Cortador JET para tubing 3 1/2"""
3011942;Exceso de kilometraje (+ de 20 km) WO
3011943;Tarifa Horaria Condición Climática WO
3011944;Tarifa Horaria Reparación y Mantenim WO
3011945;Desarraigo WO
3011946;POWER SWIVEL Venture Tech-XK-150TN
3011947;Grampa collarin/Sustitutos DC/Cuñas PM
3011948;ELEVADOR CUÑA NOV HYT
3011949;"RATCHET BOP11""-Acces hy torc(según disp)"
3011950;Malla 80 API
3011951;Malla 120 API
3011952;Malla 200 API
3011953;RETROACTIVOS
3011954;Alquiler Trailer n°331 Oficina doble 12m
3011955;Alquiler Trailer n°332 Oficina doble 12m
3011956;Alquiler Trailer n°329 Oficina doble 12m
3011957;Alquiler Trailer n°337 Oficina doble 12m
3011958;Alquiler Trailer n° 259 Baño 6 Mts
3011959;Alquiler de Trailer n° 293 Comedor 6mts
3011960;Alquiler de Trailer n° 343 Oficina 6mts
3011961;Implementación - Digitalización Facturas
3011962;Proces. Facturas - Rango 2001-4000
3011963;Proces. Facturas - Rango 4001-6000
3011964;Proces. Facturas - Rango 6001-8000
3011965;Lubricador PBMO
3011966;Prueba humedad y rocío en laboratorio
3011967;Chequeo presión apertura hta. fondo
3011968;Restauración de herramienta por 24 horas
3011969;Restauración de muestras - dia adicional
3011970;Punto de burbuja - Temperatura de fondo
3011971;Liberación inst. c/Análisis comp.h/C36+
3011972;OBM Estudio de Contaminacion OBM
3011973;Estudio de Masa Constante (CCE)
3011974;Estudio Lib. Diferencial incl.comp.gases
3011975;Análisis composicional hasta C36+
3011976;Prueba de Separación: Una Etapa + Tanque
3011977;Prueba de Separación Etapa adicional
3011978;Viscosidad Fluido x EM vs.pres. TempYac.
3011979;Chequeo presión apertura hta. fondo Gas
3011980;Restauración herramienta 24 hs.Gas Cond.
3011981;Restauración muestras -dia adicional Gas
3011982;Punto de rocío a temperatura  yacimiento
3011983;Análisis composicional hasta C36+ GAS
3011984;Agotamiento vol. constante-incl.comp.gas
3011985;Gravedad API
3011986;Asfaltenos
3011987;Densidad @15°C
3011988;GC Finger Printing
3011989;Viscosidad cinemática temp. especif.
3011990;Punto de fluidez
3011991;Presión de vapor Reid
3011992;Contenido de resina
3011993;Gravedad específica
3011994;Agua y sedimentos
3011995;Contenido de agua
3011996;Contenido de parafinas
3011997;Punto de inflamacion
3011998;Liberación agua presurizada p/GWR
3011999;Liberación inst.muestra agua env.atmosf.
3012000;Estudio Fisicoquímico del agua
3012001;Sólido Disuelto Total
3012002;Solidos totalmente suspendidos
3012003;Oxígeno disuelto
3012004;Servicios transferencia muestras fluidos
3012005;Botella monofásica de muestra PVT
3012006;Botella HPHT de Inconel H2S
3012007;Adicionales con recargo  en %
3012008;Botella HPHT de Inconel H2S
3012009;EQ CHUPA 9M3 - 12HS DÍA
3012010;TRAILER HABITAC. 12 MTS
3012011;TRAILER  MATERA 6 MTS
3012012;MOVILIZACION TRAILERS
3012013;PH con registro principal
3012014;Punzado, cargas TC25R
3012015;jornada de camion traslado skid de regen
3012016;jornada de camion traslado storre contac
3012017;Media Jornada de equipos de izaje en yac
3012018;Asistencia a Comisionado y PEM
3012019;Corte/biselado Csg Externo
3012020;Corte/biselado Csg Interno
3012021;limpieza de presas
3012022;Consumo de HP PAGEWIDE ##772DW
3012023;Consumo de HP PAGEWIDE ##772DW
3012024;Alquiler Trailer Oficina
3012025;SERVICIO DE CONSULTORÍA HSE
3012026;ADICIONAL CONSULTOR SEMI SENIOR
3012027;ADICIONAL CONSULTOR JUNIOR
3012028;Km trailer vivienda (exceso Lump Sum)
3012029;PROVISION MATERIALES
3012030;Tarifa Stand by 50%
3012031;Ajustes Tarifas - retroactivo
3012032;SE TECNICO MTO COMPRESORES sab y dom
3012033;TRASLADO TECNICO MTO.COM sab y dom
3012034;CISTERNA30m3 mov de prod,con MO Tratayen
3012035;Limpieza/Vaporizado/Descontaminación
3012036;Transporte 30m3 12h diurnas CB BBlanca
3012037;Cisterna  CB a Bblanca  Stand By
3012038;CISTERNA 30m3 para Evacuación/TransP AM
3012039;Provisión de Aloj 2 choferes AM
3012040;Mov + Mont/Demov Trailer casa P/Camp AM
3012041;Generación de EE para Trailer
3012042;Mov+Monto Demov Grupo Generador AM
3012043;Gasol p/op 24h Generador de EE de AM
3012044;Agua Dulce para Campamento AM
3012045;Mov/ Desmov Planta Agua Dulce en Camp ÁM
3012046;Planta Tratam PTEC en AM
3012047;Mov + Desmov de PTEC en Campamento AM
3012048;"Drill pipe 5"" conexión N50"
3012049;Contrib.extraord. PETREX 5929
3012050;Servicio de Pala y Operario
3012051;Servicio técnico Stand by 12 hs.
3012052;"Adapter 2-1/16 10K X 2"" 1502"
3012053;"Adapter 3-1/16 10K X 3"" 1502"
3012054;"Adapter 1"" 13/16 10K X 2"" 1502"
3012055;Sistema Int.BM unidades de corta
3012056;ACEITE GIRASOL x 1LT
3012057;ACEITE DE OLIVA x 1LT
3012058;JUGO DE LIMON x 180 U
3012059;CAJA KETCHUP INDIVIDUAL X 196 U
3012060;MAYONESA INDIVIDUA x 192 U
3012061;PALO DE ESCOBILLON ALAMBRE
3012062;SALSA DE SOJA x 500 CC
3012063;SAL FINA x 1000 U
3012064;SAL FINA x 500 U
3012065;SAVORA INDIVIDUAL x 196 U
3012066;VINAGRE
3012067;RETROACTIVO
3012068;SERV GERENCIAMIENTO DE QUIMICOS
3012069;Det.cuantit. y cualit. de compuestos
3012070;Grupo Electrogeno 180 Kva
3012071;Determinacion de BARIO
3012072;CATRIEL-BORDE MONTUOSO / BORDE MONTUOSO-
3012073;Flete entrega/retiro presa en pozo
3012074;Retroactivos IT
3012075;SERV. ALQUILER MAQ. EXPENDEDORA DE EPPS
3012076;Y8 - AGUAS CONTAMINADAS
3012077;Servicios Legales Extraordinarios
3012078;"Perf8 3/4""s.prod C/motr+MWD TR 7"" s/mart"
3012079;TRANSPORTE RECHAZO BAUTI
3012080;SERV TRANSPORTE PESADO
3012081;SE ENGRASE C MO H/5 APLICACIONES
3012082;SE ENGRASE ADICIONALES
3012083;SE ALQ EQUIPO DE RESCATE
3012084;SE REEMP PUERTO DE ENGRASE VALVULA
3012085;TRABAJO EN ESPACIO CONFINADO
3012086;SERVICIO HERMETICIDAD POR JORNADA
3012087;SERVICIO HERMETICIDAD POR JORNADA ADICIO
3012088;Servicio de Motoconformadora
3012089;Volteo 7 m3 y 14 m3
3012090;"Suministro/inst. tubería cédula 40-12"""
3012091;"Suministro/inst. tubería ADS corr. 12"""
3012092;RETROACTIVOS  GENERACION EE ELO
3012093;OPERADOR 7X7 CON PREV POR DESPIDO
3012094;Traslado operador desde Neuquén a YBM
3012095;Fee Adm. para contrb. Extraordinaria 10%
3012096;Marcación Diseños
3012097;Fumigación Terrestre Mecanizada
3012098;Rastra en Lineo
3012099;Subsolado
3012100;Rastra total Malezal
3012101;Rastra total Tacuru
3012102;Taipeo con ripper
3012103;Repase de Taipa
3012104;Rotobator
3012105;Rastra en Lineo para D4 (diferencia)
3012106;Taipeo con ripper para D4 (diferencia)
3012107;Rotobator para D4
3012108;Cortafuegos para quema
3012109;Quema para habilitación
3012110;Horas de tractor para confeccion de cami
3012111;Control de hormigas integrado
3012112;Control químico pre-plantación mecanizad
3012113;Replantación 10%
3012114;Fertilización Nativas
3012115;Control de hormigas S+D
3012116;Control de hormigas Dirigido
3012117;Control Químico de Malezas en Lineo
3012118;Control mecanico de Malezas entre Lineo
3012119;Control Químico de Malezas en Lineo D4
3012120;Macheteo Manual lineo completo
3012121;Macheteo Manual lineo completo para D4
3012122;Construcción de cortafuegos
3012123;Alambrados
3012124;Plantines Mixta
3012125;Plantines Pura
3012126;Herbicidas
3012127;Hormigicida
3012128;Trabajos Ambientales
3012129;Excavadora
3012130;Motoniveladora
3012131;Traslados de equipos
3012132;Retro Excavadora
3012133;Construcción de alcantarilla de 0,8
3012134;Construcción de alcantarilla de 0,1
3012135;Equipos de Incendio
3012136;Equipamiento
3012137;Certificacion Carbono VCS
3012138;Mano Obra Plantacion
3012139;Camión Volcador
3012140;Jornada operario
3012141;Trasporte Plantines
3012142;Renta eq. superf. Bombeo Hidráulico
3012143;Instalación y puesta en operación de la
3012144;Fulcrum
3012145;Cementación P.Tipo S.by post/franq.
3012146;Barril ad. tapón cemento conv.h/2.1
3012147;"Perf.Dir. Int. 8 3/4"" BHA Motor AM ad.tr"
3012148;"Reg.eléct. sección final - PVert. 6 1/8"""
3012149;Inducción / SP - Cargo por profundidad
3012150;Inducción / SP - Cargo por registro
3012151;Equipo de Presión 3 kpsi - Cargo Fijo
3012152;ALQ MENS TRAILERS (precio por las 2 un)
3012153;Consultoría Senior
3012154;Consultoría Semi Senior
3012155;Consultoria Supervising Senior
3012156;Servicio para Planta de Lodo Externa MES
3012157;Fluido remanente - Intermedia h/11,5 ppg
3012158;Fluido remanente - Productiva h/11,5 ppg
3012159;Alquiler Generador de 400 KVA x 15 días
3012160;SPERSENE CF
3012161;Motobomba
3012162;SL-Fabricación X-over canasta calibr.
3012163;Alquiler Trailer 6 mts
3012164;CISTERNA30m3 12hs Regador AM/AF
3012165;Cont. Detachable Base Plate Wld C.pipe
3012166;Cont. Casing Hanger Housing ASSY, 9 5/8
3012167;SLIP & BOWL ASSY, C-21, 11x7,K-U,EE,GSP
3012168;Cont. Packoff Assy UH, LR, W/ FS/S SEAL
3012169;Cont. SLIP & BOWL ASSY, C-21, 11 X 5
3012170;Cont. PACKOFF ASSY, UH, LR, W/ CFS/S SEA
3012171;TRASLADO BMO
3012172;TRASLADO AF
3012173;Ajustes No remunerativos BES - May23
3012174;Ajustes No remunerativos BES - Jun23
3012175;NQN RINCON EMILIO-PLAZA DE LAS BANDERAS
3012176;apertura y cierre de equipos con torqueo
3012177;AFMR20178
3012178;Adic. ayudante Chofer porta contenedores
3012179;Provisión gas Combustible
3012180;Intalac y operac unid de bbeo mecanico
3012181;Servicio Remis BES
3012182;Rental Compresor BES
3012183;"Corte de TR de 7"" c/eq de oxicorte"
3012184;"Corte de TR de 9 5/8"" C/eq de oxicorte"
3012185;"Corte de TR de 13 3/8"" C/eq de oxicorte"
3012186;Llave de Torque pozos V 1005 y 1006
3012187;Llave de Torque pozo 1052
3012188;Modif de linea de flote
3012189;SERVICIO DE SUPERVISIÓN
3012190;Motoconformadora
3012191;Mano de Obra cuadrilla mecánica
3012192;"CPO ON-OFF 2-1/16"" 1"" OME 1 5M T22"
3012193;"Lump sum Convencional para12 1/4"""
3012194;Fee x servicios de terceros autorizado
3012195;Transp de Presa 300BLS de V293aV1052
3012196;Transp tub desde base MD en VH a PozoV32
3012197;Recolección/Disposicion de Fluidos
3012198;Diferencial Tarifas (rtros) Nov-Dic 2022
3012199;Diferencial Tarifas (rtros) Ene-Abr 2023
3012200;"Lump Sum 9 5/8"" convencional"
3012201;Serv carga/transp/desc de mat plataf1,5T
3012202;Serv transp en pick up de SIVA a Vernet
3012203;BANDEJA DE GALLETITAS
3012204;BANDEJA DE SANDWICH DE MIGA
3012205;Barrel RW 1.500 x 24 1026 NCC
3012206;tratamiento  de Gas
3012207;CAPACITACIÓN - DISEÑOS
3012208;CAPACITACIÓN - DICTADO DE CAPACITACION
3012209;PROCEDIMIENTOS Y MANUALES
3012210;PLATAFORMAS DE SIMULACIÓN
3012211;PLATAFORMAS DE SIMULACIÓN - MANT Y SOP.
3012212;SOPORTE Y CONSULTORIA - SR
3012213;SOPORTE Y CONSULTORIA - SR EN YACIMIENTO
3012214;SOPORTE Y CONSULTORIA - SSR
3012215;SOPORTE Y CONSULTORIA - SSR EN YACIMIENT
3012216;SOPORTE TECNICO INFORMÁTICO
3012217;Factor de ajuste de densidad de lodo
3012218;Válvula de alivio de presiones RL-10
3012219;Cargo Servicio Calibración válvula IPO
3012220;Transporte de válvulas p/mandriles GL
3012221;Audit.en AMBA y radio de 100km
3012222;Audit. en GBA y radio de 100km
3012223;Audit. en Cordoba y radio de 100km
3012224;Audit. Rio Negro/Nqn y radio de 100km
3012225;Audit. en Rosario y radio de 100km
3012226;Audit. La Pampa y radio de 100km
3012227;Audit. Santa Cruz y radio de 100km
3012228;Km adicional al radio
3012229;Hora de Preparación de Auditoria
3012230;transp. Gas Natural Tramo LTIS - EXXON
3012231;transp. Gas Natural Tramo BdC - EXXON
3012232;transporte y tratamiento de Gas - TOTAL
3012233;"Inspeccion API7G2 de DP de 4"" rango 3"
3012234;Inspecc dimensional x Part magn DCollar
3012235;Inspecc de HWDP dim y PM inc en Center P
3012236;Inspecc de combinac (15 usadas en proy)
3012237;ABONO MENSUAL - ALUV
3012238;BAJA TOTAL POR CORROSIÓN
3012239;REEMPLAZO DE M5 LECTOR ID ROTO
3012240;SOLUCIÓN CAMBIO DE HOLDER MTK5 DISPLAY
3012241;Reventa parcial capacidad transporte Gas
3012242;"Submuestreo 1"" a partir tapón diam. c/N"
3012243;Tomografía Energía Simple para Mecánica
3012244;Tomografía Energía Simple para Mecánica
3012245;Recargo aplicación de presión geomecánic
3012246;Prep.e integr. reporte– Integ.básica 10%
3012247;Instalación Sección A-B Colgador 9 5/8
3012248;Instalación Sección A-B Colgador 7”
3012249;Inst Secc A-B Colgador 5”+ConjuntoCierre
3012250;Instalación árbol de producción por csng
3012251;montaje  de planta
3012252;Success Service Hora normal
3012253;Succes Service Hora Extra
3012254;Sporte Odata
3012255;Ingeniería de detalle
3012256;Ingeniería in situ
3012257;Topografía
3012258;Conformes a obra (CAO) + Data Book
3012259;"Tendido ducto Acero de 3"" (flow line)"
3012260;RENTAL CICLADORES
3012261;Dia técnico 12hrs (2 oper + camioneta)
3012262;"CPO 2 1/16"" 5kPSI"
3012263;"CPO 2 9/16"" 10kPSI"
3012264;"CPO 3 1/16"" 10kPSI"
3012265;"Tendido ducto Acero 2 7/8"""
3012266;Conformes a obra (CAO) + Data Book
3012267;"Tendido ducto Flexi-pipe de 3"" (flow lin"
3012268;"Tendido ducto Flexi-pipe 2 7/8"""
3012269;Estructura tipo de H muertos de anclaje
3012270;Estructura tipo de H (colector,tableros)
3012271;Estructura tipo de H para iny de quimico
3012272;Estructura tipo de H para sep ctrl
3012273;Estructura tipo de H para dist gas lift
3012274;Estructura tipo de H para FO
3012275;Const y mont de est metalica para colect
3012276;Const y mont de est metalica sep ctrl
3012277;Const y mont de est metalica gas lift
3012278;prov y mont de cercos moviles
3012279;Provisión y montaje de plataformas pozo
3012280;Canalizaciones eléctricas y de instrumen
3012281;Cerco Perimetral - De tejido de alambre
3012282;Porton doble hoja
3012283;Puerta
3012284;Tendido de tritubo para Fibra Óptica
3012285;BHA reembolsables
3012286;Prefa Colector de Producción 1 pozo
3012287;Prefa Colector de Producción 4 pozo
3012288;Montaje de Colector de Producción
3012289;Tracing: cableado y conexionado 40W/m
3012290;"Aislación térmica para caño de diam 3"""
3012291;"Aislación térmica para caño de diam 4"""
3012292;"Aislación térmica para caño de diam 6"""
3012293;Montaje de Instrumentacion y Control
3012294;Asistencia para Precom/Comm y Configurac
3012295;Montaje eléctrico BT
3012296;Vinculación Fibra Óptica a PAD
3012297;Montaje eléctrico BT
3012298;Equipo para intervención y montaje del p
3012299;Cañero PVC
3012300;Montaje de Separador de Control
3012301;Montaje de Tanque Sumidero
3012302;Asistencia tareas mecanicas en sitio
3012303;Montaje Distribuidor de gas lift
3012304;Montaje Skid de Instrumentos
3012305;PROVISIÓN DE TRAZADOR AGUA SOLIDO
3012306;CUADRILLA 2 PERSONAS CARGADERO BMO
3012307;Modulo de desempeño energético
3012308;Transporte de Presa de PozaRica a Vernet
3012309;Trailer Oficina 12 metros - Equipado
3012310;RETROACTIVO
3012311;Trailer Oficina 12 metros - Equipado
3012312;(PIT, LOT)cargo x bombeo,+ de 500 psi
3012313;"Tapon superior 5 5"""
3012314;TTE ARENA LAVADA AÑEL-PSEC - TN
3012315;Ajustes/Grat. No remunerativos BES Jul23
3012316;Ajustes/Grat. No remunerativos BES Ago23
3012317;Ajustes/Grat. No remunerativos BES Sep23
3012318;Servicio Básico Estabe 5x2
3012319;SBE Vehiculo 4x4
3012320;Activación de guardias
3012321;SBE Horas Extras al 100%
3012322;SBE Viajes en remis NQN-BDP
3012323;Servicio Expert.ata Gobernance mes 1 a 3
3012324;Servicio Expert.ata Gobernance mes 4 a 6
3012325;Servicio Expert.ata Gobernance mes 7 a 9
3012326;STAS - Evacuación emergencias Helicópter
3012327;J755 – HVFR (Pilot Test)
3012328;J755 – HVFR (provided in totes)
3012329;WO/RLCT23/8interv NonPostFrac Rel Dedic
3012330;WO/RL PFMS interv,NonPostFrac Rel Dedic
3012331;WO/RL FPDO interv, NonPostFrac rel dedic
3012332;SE SEMI/HIDRO MENS L A L 12 HS
3012333;CUADRILLA MENSUALIZADA C/PICK L A L
3012334;Ingreso y gestiones para el tram de ASEA
3012335;Ingreso y gestiones necesarias para el t
3012336;Elab MIA-P,p/activ desemp/const/mant/ab
3012337;Ingreso y gestiones para el tram de ASEA
3012338;Elab Estudio de Riesgo Amb,prev acc
3012339;TREN DE SEPARACION PRIMARIO
3012340;AF-SERV. RECORRIDO DE LIMPIEZA INTERNA
3012341;VALOR DEL KM POR TRASLADO DE INSUMOS
3012342;COMPRESORES DE ALTA
3012343;UNIDAD DE DESHIDRATACION
3012344;LIQUIDO - RENTA DE EQUIPOS
3012345;AUXILIARES - RENTA DE EQUIPO
3012346;GENERACION ELECTRICA RENTAL
3012347;Envio muestras al extr p/anal.roca/fluid
3012348;Movilización & Montaje Inicial Well Test
3012349;Desmontaje & Desmovilización Final Testi
3012350;Kilometro adicional Well Tsting
3012351;DTM Sistema de Alta Presión por Pozo
3012352;Cargo Operativo Sistema de alta Presion
3012353;Cargo Stand By Sistema de alta presion p
3012354;DTM Sistema de alta presion por PAD (4)
3012355;Cargo Oper. Sis. Alta Presión PAD 4 pozo
3012356;Cargo Stand by Sist alta presion PAD (4)
3012357;DTM Sistema de Media Presión
3012358;Cargo Operativo Sistema de media Presion
3012359;Cargo Stand By de media Presion
3012360;DTM Separador Trifásico
3012361;Cargo Operativo Separador Trifasico
3012362;Cargo Stand By Separador trifasico
3012363;DTM Sis.Baja Presión-Camp. y perifericos
3012364;Cargo Oper.Sist.Baja Presión, Camp y Per
3012365;Cargo Stand By Sis.Baja Presión-camp + p
3012366;DTM Pileta de acumulación y líneas
3012367;Cargo Oper.Pileta de acumulación y linea
3012368;Cargo Stand By Pileta acumulación y line
3012369;DTM Cargadero y Bomba de Carga
3012370;Cargo Operativo Cargadero y Bomba
3012371;Cargo Stand By Cargadero y Bomba
3012372;DTM Pileta con Golpeador
3012373;Cargo Operativo Pileta con Golpeador
3012374;Cargo Stand By Pileta con Golpeado
3012375;DTM Línea de Desfogue y Quemador
3012376;Cargo Operativo Línea de Desfogue y Quem
3012377;Cargo Stand By Línea de Desfogue y Quema
3012378;DTM Sist. Desarenadores Baja presion
3012379;Cargo Oper. Sist. Desarenadores baja Pre
3012380;Cargo Stand By Sist.Desarenadores baja P
3012381;Personal operativo WT-Flowback (Pad 4 p)
3012382;Stand by Personal WT-Flowback
3012383;Personal operativo Desanders (Oper.12hs)
3012384;Stand by Personal Desaders
3012385;Cargo Operativo Sis. alta presion (-20%)
3012386;Cargo Oper. Sist. Alta Presión PAD(-20%)
3012387;Cargo Operat.Sist.media Presion (-20%)
3012388;Cargo Oper. Separador Trifasico (-20%)
3012389;Cargo Oper. Sist. Baja Presión- (-20%)
3012390;Cargo Oper.Pileta acumulación (-20%)
3012391;Cargo Oper Cargadero y Bomba (-20%)
3012392;Cargo Operativo Pileta con Golp. (-20%)
3012393;Cargo Oper.Línea de Desfogue (-20%)
3012394;Cargo Oper.de Desar. baja (-20%)
3012395;Envase con restos de Quimicos Y17
3012396;OPERARIO TAREAS GENERALES
3012397;MARTILLO ELECTRICO
3012398;MINI-EXCAVADORA
3012399;SET DE FLOWBACK
3012400;ESTUDIO DE INVESTIGACIÓN
3012401;TECNICO EN SEGURIDAD
3012402;Servicio de Operadores de Palas y Retro
3012403;CONTRIBUCIONES SINDICALES
3012404;ADICIONALES
3012405;ESTUDIO DE COORD. PROTECCIONES ELECT
3012406;AJUSTE DE PROTECCIONES Y RECONECTADORES
3012407;Pick-Up 4x4 D/C DX - Julio/2023
3012408;Cuadrilla Saneamiento 4 Operarios
3012409;Supervisor con Movilidad
3012410;Camion volcador 6mt3 + remolque + retrop
3012411;Jornada Camion Tatu16mt/22mt3 con chofer
3012412;Equipo servicio de Hidrolavado
3012413;Hora adicional cuadrilla saneami 4 opera
3012414;Jornada S/D/F cuadrilla saneamiento
3012415;Jornada Especialista en Compostaje
3012416;Jornada S/D/F Supervisor con Movilidad
3012417;TEST DE DROGAS
3012418;CHOFER DE AMBULANCIA
3012419;Análisis de tamaño grano x técnica Laser
3012420;ESTUDIO DE FLUJO DE CARGAS
3012421;PATRULLA 24 HRS AGUILA MORA
3012422;Montaje nuevo MT5
3012423;Entrega de llaves identificadoras
3012424;Bodega No Convencional 2,2x2x1,55m
3012425;Adicional Bodega No Conv 2,2x2x1,85m
3012426;Adicional parrilla de bodega s/n standar
3012427;Parrilla de bodega s/n standar
3012428;Recopilación de Información
3012429;Analisis de info y prop de trabajo
3012430;Muestreo de campo flora y fauna
3012431;Elaborac de informes y base de datos
3012432;integración de capítulos
3012433;Revisión final con el cliente
3012434;Recopilación de info Estudio de riesgo
3012435;Analisis de info y prop trabajo Est ries
3012436;Revisión previa de hallazgos e inf c cli
3012437;integración de capítulos Riesgo Ambienta
3012438;integración de capítulos Riesgo ambienta
3012439;Ingreso y gestión para ASEA
3012440;O&M Gasoducto TTY- Volumen excedente
3012441;TRAILER
3012442;PICK UP
3012443;MONTAJE DE SKID MSAFE-3
3012444;Guantes de nitrilo impermeables
3012445;Mascarilla para aire respirable
3012446;Lentes seguridad graduados (sl armazón)
3012447;Cadena amarilla plástica barricada
3012448;Poste barricada
3012449;Cinta barricada
3012450;Chaleco brigadista
3012451;Recipiente de seguridad p/sust. peligros
3012452;Base para extintor
3012453;Letrero de seguridad
3012454;Megáfono
3012455;Suero para hidratar
3012456;Juego de primeros auxilios profesional
3012457;Mochila botiquin chica
3012458;Lámparas de mano
3012459;Líquido / toallitas desempañante lentes
3012460;Kit antiderrames
3012461;Detector Multigas MSA
3012462;Cono naranja señalizador
3012463;Sombrilla de soldador
3012464;Manguera contra incendio
3012465;Boquilla para manguera contraincendio
3012466;Gabinete contra incendio
3012467;Diferencia tarifas Jul22-May23 FLUI
3012468;INTELLIGENT AUDIT ADVANCED
3012469;Pick-Up con combustible
3012470;Mantenimientos Preventivos
3012471;Mantenimientos Correctivos
3012472;DIA TECNICO AUXILIAR
3012473;TRANSPORTE UNIDAD LIVIANA
3012474;SERVICIO DE TORQUE
3012475;ALQUILER DE LUBRICADOR
3012476;"DTM con 2 Desarenadores 36"" #300"
3012477;"Cargo Oper. Sist. Desarenadores 36"" #300"
3012478;FACTOR DE PASE MO remunerativa
3012479;FACTOR DE PASE MO No remunerativa
3012480;FACTOR DE PASE Adicionales
3012481;FACTOR DE PASE bonos ext
3012482;Alq. trailer habitacional triple 12mts
3012483;TTE RECHAZO - TN
3012484;ASISTENCIA EN CAMPO OPER. MULTIF 12HS
3012485;ASISTENCIA DE PERSONAL AUXILIAR DE CAMPO
3012486;MANT. PREVENTIVO TABLEROS COMANDO
3012487;MANT. CORRECTIVO TABLEROS COMANDO
3012488;KILOMETRO ADICIONAL UNIDAD PESADA
3012489;ASISTENCIA EN CAMPO OPER. MULTIF 12HS
3012490;ASISTENCIA DE PERSONAL AUXILIAR DE CAMPO
3012491;Renta Eq Sup de BbeoMec Hidr
3012492;Instalación y o desinstalac UBM
3012493;Sist de Monitoreo Remoto Telemetría
3012494;Tiempo de espera de UBM
3012500;TRASBORDOS
3012501;Alquiler Trailer 12 mts
3012502;Traslado y montaje de tuberías
3012503;STACK PREFRAC + Cubo Sensado Operativo
3012504;STACK PREFRAC + Cubo Sensado Std By
3012505;TORQUE
3012506;DTM PRE-FRAC
3012507;Coordinador aéreo STAS
3012508;Movilizacion de Personal - por km
3012509;Movilizacion de Herramientas - por km
3012510;Especialista Tapones - por dia
3012511;Especialista Tapones StandBy - por dia
3012512;Lost in Hole- Wireline Adapter Kit
3012513;Install/desinstal TWC Prefrac/DFIT p/wel
3012514;X-tree Greasing
3012515;X-tree Greasing 2 jobs the same day
3012520;Mov. Multipad h/30mt. SIN SK (max.44 hs)
3012521;Mov. Multipad h/30mt. CON SK
3012522;Movilización Equipo (Cambio de Área)
3012523;Anticipo Skidding
3012524;Unidad Transp c/capacidad de 10.000 kg
3012525;"Cargo Stand  By  Desarenadores 36"" #300"
3012526;DBN1446
3012527;IPB650A
3012528;BSH8080
3012529;Hora de consultoria
3012530;Gerente / Arquitecto
3012531;Consultoria Senior
3012532;Consultoria Semi Senior
3012533;Consultoria Supervising Senior
3012534;Licencias ETAP
3012535;Creacion de Gemelo Digital relevamiento
3012536;Creacion de gemelo digital e informe
3012537;Botas con agujetas dieléctrico - EPP
3012538;Zapato Vallen Euro Lady
3012539;PERSONAL
3012540;FLOTA
3012541;TRAILER
3012542;ADICIONAL PICK UP RELEVO
3012543;ASISTENCIA DE PERSONAL DE RELEVO
3012544;Jornada camion tatu+ chofer S/D/F
3012545;Cuadrilla TG 3Operarios (Sab/dom/fer)
3012546;PALAS CARGADORAS
3012547;EXCAVADORA TIPO CAT 320
3012548;Limpieza de línea
3012549;Limpieza picada en monte
3012550;Esquinero simple
3012551;Esquinero doble
3012552;Arreglos en pasos de ganado
3012553;MOVILIZACIÓN Y DESMOVILIZACIÓN
3012554;Velocidad crítica
3012555;Saneamiento derrame V-1002
3012556;NAFTALINA
3012557;Ropa REMERA gris
3012558;Ropa BERMUDAS - FEMENINO
3012559;SERVICIO DE BORDADO DE LOGO
3012560;Diferencial tarifas Frac Nov22-Abr23
3012561;Implementación de APMO
3012562;Conceptos relacionados al DTM
3012563;Jornada spot tct
3012564;J702 – HVFR
3012565;Monthly Fee WO/lines up to 40 Stgs
3012566;Monthly Fee for WO lines 41 and 90stg/mo
3012567;Monthly Fee WO lines from 91to130st/m
3012568;Monthly Fee WO/Lines from131st/m or abov
3012569;INGENIERO ESPECIALISTA DE OFICINA TECN.
3012570;ALQUILER GENERADOR CAT G3512
3012571;ALQUILER GENERADOR CAT 3512B
3012572;ALQUILER GENERADOR WPG 1100
3012573;Tarifa hora de Marcha  Gen CAT G3512
3012574;Tarifa hora de Marcha Gen CAT 3512B-DSL
3012575;Tarifa hora de Marcha Gen WPG-1100
3012576;Serv. O&M  mensual Generacion AF MDM
3012577;Gastos exentos de IVA
3012578;Licencia Open Server 64 bit
3012579;Licencia Open Server 64 bit, rental
3012580;Personal para operaciones
3012581;"Acondicionado  Caising de 5"""
3012582;Guardia Activa
3012583;Tubos de cemento 1,2 mts
3012584;Tubos de cemento 1 mts
3012585;Tubos de cemento de 0,8 mts
3012586;Cabezales de cemento de 1 mts
3012587;SUPERVISOR P/J
3012588;PJ Hora Extra 50%
3012589;PJ Hora Extra 100%
3012590;WT - WRD 318-Cargo x Operacion
3012591;WT-WRD 318-Cargo x Activacion
3012592;Well Stroker 66K - Cargo x Prof
3012593;Well Stroker 66K - Cargo x Op
3012594;Well Stroker 66K-Cargo x Op de Pesca
3012595;W Stroker 66K-CargoxAmb Hostil-HTA Pesca
3012596;W Stroker 66K-Cargo x Carrera subsecuent
3012597;Well Stroker 66K-Cargo por Op Incompleta
3012598;Servicio Operador Mecánico
3012599;Servicio Seguridad e Higiene
3012600;Cuadrilla mecánica
3012601;Operador de limpieza
3012602;LUMP SUM - DESINSTALACION BPV
3012603;Casa montable AK
3012604;Ducha AK - accesorio casa
3012605;Inodoros - accesorio ducha AK
3012606;Casilleros + puerta | accesorios casa AK
3012607;Galería montable - AK
3012608;Flete AK
3012609;Trabajos adicionales
3012610;SAP licencias CPEA
3012611;CALIBRACIÓN ALCOHOLÍMETRO DRAGER 7510
3012620;Transformador de Aislacion
3012621;UPS 1KVA
3012622;Contribucion Sindical ext
3012623;Trailer 12 Mts (Antiguos)
3012624;Trailer 12 Mts (Antiguos)
3012625;Trailer 6 Mts (Antiguos)
3012626;Oficina 7 módulos
3012627;Oficina 3 módulos
3012628;Tablero Electrico
3012629;Generador + Tablero
3012630;Tanque de agua 10 m3
3012631;Provisión Agua 20 m3 - x km
3012632;Provisión Agua 10 m3 - x km
3012633;Trailer 12 Mts (Nuevos)
3012634;Trailer 6 Mts (Nuevos)
3012635;Taller Móvil
3012636;Traslado Módulos
3012637;Mantenimientos
3012638;Transporte de pastilla
3012639;Transporte de Equipo+Skid
3012640;Servicios de seguridad informática
3012641;Cuadrilla Operacion EMC-9
3012642;Cuadrilla Mantenimientos preventivos
3012643;Jornada Hidrolavado S/D/F
3012644;Envejecimiento dinamico
3012645;Permeab al líq a cond yac,(Kw)
3012646;Permeabilidad efectiva,  Ko@Swir
3012647;Prep Ac Muerto(degasif,filtr0.45um,corte
3012648;(Swi) por pres capilar x centríf, Aceite
3012649;Traslado de núcleos de Lab a la Litoteca
3012650;Empaque muestras núcleo para litoteca
3012651;Contribucion Sindical extr PP sep 23
3012652;Contribucion Sindical extraordinaria sep
3012653;Arena Bruta (0 Tn a 15 Tn)
3012654;Arena Bruta (15 Tn a 35 Tn)
3012655;Arena Bruta (+35 Tn)
3012656;Dif. Tarifas Retr. DRILL Nov22-May23
3012657;SE ENGRASE VALV ARBOL PRODUCCION
3012658;RECUPERADOR (CHUPA) 35M3 -12HS
3012659;CAMION VACTOR 10M3 - 12 HS
3012660;CONSTRUCCIÓN DE CAMINOS DE ACCESO
3012661;CONSTRUCCIÓN DE LOCACIONES ETAPA 1
3012662;CONSTRUCCIÓN DE PROTECCIONES ALUVIONAL
3012663;Lavado de protectores para Caising
3012664;Colocacion de grasa por protector
3012665;IIA NQN Minería  Anexo 1  Prospección
3012666;IIA NQN Minería Anexo 2 Exploración
3012667;IIA NQN Minería Anexo 3 Explotación
3012668;Monitoreo de Mina/Cantera Bianual
3012669;EIA - INSTALACIONES ALTA COMPLEJIDAD
3012670;EIA / IIA INSTALACIONES BAJA COMPLEJIDAD
3012671;ADENDAS/ENMIENDAS SIN RELEV DE CAMPO
3012672;ADENDAS/ENMIENDAS CON RELEV DE CAMPO
3012673;ANALISIS RIESGO AMBIENTAL BAJA COMPLEJ
3012674;PROFESIONAL ESPECIALISTA - CAMPO
3012675;PROFESIONAL ESPECIALISTA - GABINETE
3012676;IMPRESION DE INFORMES ADICIONALES 1IM+CD
3012677;BARRA NATURAL BREAK X 20 UND
3012678;SNACK X 8 UNIDADES
3012679;Det.cualit.de compuestos orgánicos
3012680;Trailer 12 Mts
3012681;CONSTRUCCIÓN DE PROTECCIONES ALUVIONAL
3012682;Trailer 6 Mts
3012683;CAMION DC CON HIDROGRUA
3012684;SERV DE CAPACITACION - PRESENCIAL
3012685;REPARACION DE TANQUES
3012686;Eq. ataque rápido 580 lts +Carretel+P
3012687;Eq. trailer balancin incendio Tk 4000L
3012688;Mesa de soporte para equipo ataque rápid
3012689;Mochilas para incendio Guaraní rígida
3012690;Mc Leod (Hta. multif. tipo rastrillo)
3012691;Quemador 1 o 5 lts
3012692;Tractor doble tracción cabinado
3012693;Rastra de discos genovesa de 20 discos
3012694;Segadora/Desmalezadora de 3 puntos
3012695;Camisa forestal Euro XV
3012696;Capucha ignífuga Euro XV
3012697;Guante Forestal
3012698;Antiparras Everest AF
3012699;Upfront
3012700;CONSUMIBLES
3012701;SKID Digitalizado mensual
3012702;SKID No Digital. entre 100 y 200
3012703;SKID No Digital. menos de 100
3012704;Fee mensual por pozo
3012705;Well Flex Rental para 4 pozos
3012706;DTM Well flex
3012707;Wel flex operativa por día adicional
3012708;Well flex stand by por día
3012709;Programa de Data Literacy
3012710;Soporte Post Implementacion
3012711;SERVICIO DE PRUEBA HIDRAULICA
3012712;Monitoreo con windrock
3012713;Extraccion muestra de aceite
3012714;Desarrolador PP/PA
3012715;Business Analyst
3012716;Lider de Celula
3012717;Oil & Gas Specialist
3012718;Desarrollador UX/UI
3012719;Analista QS
3012720;Arquitecto PP
3012721;kit analisis muestra de aceite x 1
3012722;Diferencial HES 1000084645
3012723;Motoniveladora de arrastre
3012724;Cubiertas para motoniveladoras
3012725;Plantas exóticas
3012726;Plantas nativas
3012727;Dron
3012728;kit analisis muestra de aceite x 15
3012729;kit analisis muestra de aceite x 50
3012730;kit analisis muestra de aceite x 75
3012731;kit analisis muestra de aceite x 100
3012732;Capacitacion x 1 dia
3012733;Capacitacion x 2 dia
3012734;Bastidores (batefuego)
3012735;Motosierra STIHL 361 o similar
3012736;Borcego forestales caña alta ignífugo
3012737;Casco Bullard PX
3012738;Guante Forestal
3012739;Linterna para casco WOL9020
3012740;Antiparras Everest AF
3012741;CAMIONETA
3012742;Calibración Altair PRO, 2X
3012743;Calibración 4X , 5X y Fijos
3012744;Combustible x Kilometro
3012745;Muestreo y analisis suelos (adicionales)
3012746;SE ENGRASE ARBOL PRODUCCION
3012747;EQ CHUPA 9M3-12HSDÍA-LUN-DOMINGO
3012748;SERVICIO DETECCION GASES HIDROCARBUROS
3012749;SERVICIO CUANTIFICACION FUGA GASES HIDRO
3012750;SE REP PQ EN CAMPO X VISITA
3012751;ALQ SKID DOSIF NEUM/ELECTR
3012752;ALQ SKID SOLAR
3012753;SERVICIO TELEMETRIA
3012754;REPUESTOS P/MANT SKIDS
3012755;DBN1487
3012756;SB14
3012757;CY8760W
3012758;SO4207
3012759;BX936
3012760;IC7001
3012761;BSH8080
3012762;IPB651
3012763;CYB808
3012764;IPB71
3012765;IPB953
3012766;DBN2446
3012767;IC5091
3012768;ABC11
3012769;ESB1590
3012770;ESB900
3012771;IPB650A
3012772;DBN1446
3012773;ESB9846
3012774;Ajustes/Grat. No remunerativos BES Nov23
3012775;Ajustes/Grat. No remunerativos BES Dic23
3012776;OPEX - TRAILER ENFERMERÍA
3012777;MOTONIVELADORA (CAT 140)
3012778;CARGADORA 2,5 M3 (CAT 924)
3012779;CARGADORA 3 M3 (CAT 950)
3012780;MINICARGADORA
3012781;RETROPALA (CAT 416)
3012782;VIBROCOMPACTADOR DE SUELOS (11 TN)
3012783;TOPADOR (CAT D8)
3012784;EXCAVADORA CON ORUGAS (CAT 320)
3012785;CAMIÓN VOLCADOR TIPO TRAKKER
3012786;CAMIÓN CON BATEA
3012787;CAMIÓN REGADOR 6X4
3012788;CAMIÓN CON CARRETÓN
3012789;CAMIÓN CISTERNA (25 M3)
3012790;PICK UP DC 4X4
3012791;TRAFFIC 19 PAX
3012792;TRACTOR CON HIDROGRUA Y SEMI
3012793;SERVICIO PLAN DE CONTINGENCIA SEMESTRAL
3012794;DIFERENCIA CON AJUSTE ANTERIOR
3012795;Sistema Packer recuperable M-1-X
3012796;TTE ARENA LAVADA AÑEL-PSEC (DESV) - TN
3012797;HORAS EXTRAS
3012798;HORAS EXTRAS
3012799;Prover mp 2600-600 - marca Meter
3012800;costo nacionalizacion Prover
3012801;Armado del manual de materiales
3012802;Armado del arbol de clasificacion
3012803;Depuracion de materiales
3012804;Licencias anuales
3012805;TRASBO OTTO KRAUSE-VILLA REGINA-PTO ENCU
3012806;"5""(21,4)M1-X WIRELINE PACKER RECUPERABLE"
3012807;"5""X2-3/8"" ON/OFF OVERSHOT"
3012808;"2-3/8"" Landing nipple, R-1,81"", EUE,4140"
3012809;"2-3/8"" CMD Sliding Slv.,EUE,4140,F-1,87"""
3012810;"2-7/8"" CMD Sliding Slv, EUE, 4140,F-2,31"
3012811;Licencias Software Omega
3012812;Implementacion Omega
3012813;Active Directory
3012814;Carga de Datos
3012815;Capacitaciones
3012816;Soporte Ingeniero In Situ
3012817;Busqueda y alta de ingeniero
3012818;"Tendido ducto Acero 2 7/8"" (l/gas lift)"
3012819;"Tendido ducto Flexi-pipe de 3""flow line"
3012820;"Tendido ducto Flexi-pipe 2 7/8"""
3012821;Estructuras de Hormigon Armado
3012822;Construcción y montaje de estructura met
3012823;Construcción y montaje de estructura sep
3012824;Construcción y montaje de estructura dis
3012825;Provisión y montaje cercos móviles para
3012826;Provisión y montaje de plataformas de op
3012827;Canalizaciones eléctricas y de instrumen
3012828;Vinculación Fibra Óptica a PAD
3012829;Equipo para intervención y montaje del p
3012830;Consultoria integridad
3012831;Equipo para intervención, desmontaje, mo
3012832;Consultoria Corrosion
3012833;Consultoria Riesgo
3012834;Consultoria falla/materiales
3012835;Cons. Modelado de elementos
3012836;Viaje especialista
3012837;Licencias Meraki
3012838;"Downhole Video Camera 1,69""OD,modo memor"
3012839;Carrera adic en mismo pozo(videocamara)
3012840;Cargo x LIH,en caso de daño irreparable
3012841;Data Scientist Senior
3012842;FLOTREAT DR 12140
3012843;Central de protección - Alerta tempr.inc
3012844;Programación operativa
3012845;Apoyo Técnico
3012846;Credito Bonus 4% MC 1-2-3
3012847;Credito Bonus 4% MC 4-5-6
3012848;PKR COPA T-CUO 5x2 3/8
3012849;DISPOSITIVO WIPER 51MM 030002383913
3012850;ANALISIS FCO QCO DE AGUA
3012851;KM RECORRIDO
3012852;CARACTERIZACIÓN DE TEG
3012853;CONTENIDO DE SH2 POR AMPOLLA DRAGGER
3012854;KM RECORRIDO
3012855;KM RECORRIDO
3012856;Equipo tecnico
3012857;Refuerzo equipo tecnico
3012858;PARA00219
3012859;AFRM20106
3012860;COOL08344
3012861;Auditoría de Punto de Medición de Líquid
3012862;Auditoría de Punto de Medición de Gas
3012863;Auditoría SCADA: Incluye Sistemas Corpor
3012864;Auditoría Sistema de Medición Interprovi
3012865;Viaticos
3012866;Movilidad
3012867;Adicional
3012868;Adicional Power Swivel 150 TN 12000 Ft/L
3012869;Transp Equip Adicional x Jornada 12 hs
3012870;Personal para operaciones nocturno
3012871;traslado Personal operaciones diurno
3012872;traslado Personal operaciones nocturno
3012873;traslado Personal operaciones nocturno
3012874;Proyectista/Instrumentista campo s/movil
3012875;Traslado Aguila Mora
3012876;Hs extra 50% p/persona
3012877;Hs extra 100% p/persona
3012878;Guardia findesemana y feria c/francocomp
3012879;Traslado Borde Montuoso
3012880;Traslado Aguada Federal
3012881;Alojamiento, desarraigo y viandas
3012882;jornada Mantenimiento preventivo
3012883;Media jornada Mantenimiento preventivo
3012884;Rental compresor sullair 2207
3012885;Rental compresor sullair 3010p
3012886;Rental compresor sullair 2212
3012887;Jornada Mantenimiento Correctivo
3012888;Rental compresor sullair 2212
3012889;Media jornada Mantenimiento correctivo
3012890;Gastos Adicionales por Auditoría
3012891;Servicio inspección Equipos Torre
3012892;Capacitación inspección eq. torre
3012893;Movilidad servicios inspección eq. torre
3012894;Unidades Saphire 5G
3012895;Day passes
3012896;Envio DHL
3012897;Impuesto a demanda
3012898;Profundidad del cortador (min. 1000 m)
3012899;C Basico Reg Gyroscopo NS Hasta 2000 mts
3012900;C x mt Reg Gyrosc x mt x debajo de2000 m
3012901;instrumento del cliente por hora de op
3012902;Gestion de prov. Soporte a Tribus
3012903;Abono mensual
3012904;"TAPON DE TBG 2.7/8""5000 PSI"
3012905;ALQUILER DIARIO DE TAPON
3012906;Serv de torque controlado p/bridas API
3012907;"Engrase de valv exclusas hasta 4 1/16"""
3012908;Prueba hidraul de empaq sec/colg de tbg
3012909;"Cortador tuerca hid en frio 7/8""-1""- 1,1"
3012910;Fee de materiales para obras
3012911;AJUSTE TARIFA
3012912;DTM WellFlex para PAD de hasta 4 pozos
3012913;"LumpSum WellFlex 5,5"" para PAD de3 pozos"
3012914;"LumpSum WellFlex 5,5"" para PAD de 4pozos"
3012915;"Tarifa x dia WellFlex 5,5""Opxpozo exc LS"
3012916;"Tarifaxdia WellFlex5,5""Sby x pozo exceLS"
3012917;CARACTERIZACIÓN DE SÓLIDOS
3012918;CROMATOGRAFÍA LÍQUIDA DE PETROLEO
3012919;TARIFA MENSUAL - SUPERVISOR DE CAMPO WT
3012920;Contribución Sindical
3012921;ALQ EQ DOSIFICADOR ELECTRICO
3012922;ALQ EQ DOSIFICADOR SOLAR
3012923;SERVICIO DE TELEMETRIA
3012924;IC, IB e IE electrificación CN BPO
3012925;IC gen. eléctrica de respaldo
3012926;IC gen. eléctrica de respaldo
3012927;IC electrificación áreas varias
3012928;Estudio flujo de cargas y corto circuito
3012929;Gestión trámites MEM/CAMMESA
3012930;Servicio de Ingeniero de Proyecto
3012931;Supervisión de Campo
3012932;Redeterminacion de tarifas
3012933;Coordinacion BA
3012934;ELO_Medición de caudal de bombas
3012935;Medición de caudal de bombas
3012936;Mantenimiento gabinetes de incendio
3012937;ELO_Mantenimiento de Hidrantes
3012938;ELO_Mantenimiento de monitores
3012939;ELO_Insp. y prueba hidr. de mangueras
3012940;ELO_Mant sist de gen y camaras espuma
3012941;Análisis físico químico de espuma
3012942;Análisis físico químico de espuma
3012943;ELO_Mant. sistema de refrigeración
3012944;Prueba hidráulica de cañerias
3012945;Glifosato
3012946;Metsulfuron
3012947;Indaziflam
3012948;Herbicida Cletodim
3012949;Haet
3012950;Aceite metilado
3012951;Formidor
3012952;Buzones de acrílico
3012953;MAR EZ SQUEEZE
3012954;Unidad de transporte hasta 25 tn
3012955;Well Flex Rentalxdíía Pad3Wells(lump sum
3012956;SE OPERADOR/RECORREDOR
3012957;Pup Joint 2-3/8 N80 EUE Box x Pin - 4 ft
3012958;2-3/8” Shear Out, EUE, 4140
3012959;Red. 2 7/8” Box EUE, 4140
3012960;VIATICO
3012961;JORNAL 1 TÉCNICO FUERA DE YACIMIENTO
3012962;JORNAL 2 TÉCNICOS FUERA DE YACIMIENTO
3012963;JORNAL 1 TÉCNICO DENTRO DE YACIMIENTO
3012964;JORNAL 2 TÉCNICOS DENTRO DE YACIMIENTO
3012965;MANTENIMIENTO PREVENTIVO POR OBJETIVO
3012966;Licencia Anual Smartfense
3012967;Socio
3012968;Director
3012969;Gerente Senior
3012970;Gerente
3012971;Consultor
3012972;Consultor Junior
3012973;Servicio de Internet dedicado
3012974;Tarifa por hora soporte AMS
3012975;Tarifa 160 horas mensuales AMS
3012976;MUESTRA - CUTTING BASE AGUA-Seguimiento
3012977;Movilización
3012978;Sondeos
3012979;Calicata
3012980;Resistividad
3012981;Auscultación
3012982;TARIFA SE OPERATIVO POR DIA
3012983;TARIFA SE STD BY POR DIA
3012984;DTM
3012985;TORNIQUETE GALV
3012986;SEGURO SOBRE CARGA INTERIOR
3012987;Servicio de aplicación aérea
3012988;Guardia Pasiva Lunes a Viernes
3012989;Guardia Pasiva Sábado,Domingo y Feriados
3012990;Gartner for CISOs
3012991;Servicio de recorredores
3012992;DFO91A
3012993;DTM
3012994;BATCH
3012995;VENTA CUPONERA
3012996;EMPAQUETADURA
3012997;Servicio para Planta Externa (Lodo)
3012998;SERVICIO GENERACION ELECTRICA - GENNEIA
3012999;SERVICIO GENERACION ELECTRICA - GENNEIA
3013000;Mob/dem WO/RL CT2 3/8 NonPFrac r. Dedic
3013001;Mob/Dem WO/RL PFMS NonPostFrac rel Dedic
3013002;Mob/Dem WO/RL FPDO NonPostFrac rel Dedic
3013003;FLUI - Tanque combustible
3013004;Impuesto de sellos
3013005;Licencias Hampson Russell
3013006;Cuadrilla de 5 brigadistas
3013007;Poda de formación brigada ataque rápido
3013008;JORNADA CALIBRACION
3013009;Servicios mensuales
3013010;Lectora de proximidad
3013011;Secure Release CPM
3013012;Copia B&N A4
3013013;Copia Color A4
3013014;Suscripcion Amazon Servicios Nube
3013015;PILETA DE ACUMULO
3013016;Rental EC 12 - En reserva
3013017;servicio almacenaje
3013018;Suscripcion Mensual Smart Cost
3013019;Susc. Mensual ambiente QA SmartCost
3013020;Instalacion SmartCost
3013021;Actualizacion de Indices
3013022;Susc. Mensual adicional 10 simulaciones
3013023;Susc. Mensual usuario adicional
3013024;Soporte tecnico
3013025;Mantenimiento evolutivo
3013026;Suscr. Mensual Bekeu
3013027;Soporte tecnico adicional correctivo
3013028;Desarrollos Ad-Hoc
3013029;HPHT Millennium Pkr-5 18-21,4-Alt bore3
3013030;ANCHOR SEAL ASSY,SIZE30-23,2-3/8 EUE BOX
3013031;EQ ALTOVACIO(VACTOR) 12 HS-12M3CHOFER/AY
3013032;EQALTOVACIO(VACTOR) 12HS-20M3 CHIFER/AYU
3013033;CARRETEO
3013034;OPERACIONES ADICIONALES
3013035;Jaulas
3013036;Macheteo Manual lineo completo
3013037;Jornales para limpieza de campamento
3013038;Horas de tractor para desmalezado campam
3013039;Jornales para guardia fin de semana camp
3013040;Contribucion Sindical extraordinaria PET
3013041;Tarifa Pozo Desv/Horizontal
3013042;FStcks DTM por PAD 3 Pozos
3013043;FStacks MMG PAD 3 Pozos
3013044;FStacks Daily FEE Operativo PAD 3 Pozos
3013045;FStacks Daily FEE Stand By PAD 3 Pozos
3013046;FStacks Daily FEE Eq.Standby PAD 3 Pozos
3013047;FStacks Daily Pre Frac FEE PAD 3 Pozos
3013048;FStacks Daily Pre Frac FEE PAD 3 Pozos
3013049;FStacks Parcial Pre Frac FEE PAD 3 Pozos
3013050;FStcks DTM por PAD 4 Pozos
3013051;FStacks MMG PAD 4 Pozos
3013052;FStacks Daily FEE PAD 4 Pozos
3013053;FStacks Daily FEE Stand By Day PAD 4 Pz
3013054;FStacks Daily FEE Eq.Standby PAD 4 Pozos
3013055;FStacks Daily Pre Frac FEE PAD 4 Pozos
3013056;FStacks Parcial Pre Frac FEE PAD 4 Pozos
3013057;FStcks DTM por PAD 5 Pozos
3013058;FStacks MMG PAD 5 Pozos
3013059;FStacks Daily FEE PAD 5 Pozos
3013060;FStacks Daily FEE Stand By Day PAD 5 Pz
3013061;FStacks Daily FEE Eq.Standby PAD 4 Pozos
3013062;FStacks Daily Pre Frac FEE PAD 4 Pozos
3013063;FStacks Parcial Pre Frac FEE PAD 4 Pozos
3013064;SE MOVILZ. EQUIPO PERFORACIÓN
3013065;Ajustes/Grat. No remunerativos BES Feb23
3013066;Ajustes/Grat. No remunerativos BES Mar23
3013067;SERVMENSCISTERNA 35M3 24 HS AGUA INDUSTR
3013068;CAMION VACIO 30M3 24 HS TRANSP LODO
3013069;Herram. para tapones - Kit de wire line
3013070;Herram. para tapones - Stinger
3013071;Herram. para tapones - Stinger- Por hora
3013072;Cargo de Operador x 12 horas
3013073;Cargo x kilometraje unidad liviana - ida
3013074;Viaje de 10m3 a TPF
3013075;Viaje de 20m3 a BMO
3013076;Producción fotográfica y audiovisual
3013077;2-3/8 STINGER
3013078;Reducción 2 3/8” Pin, EUE, 4140
3013079;Cementación de Cañería Guia
3013080;Cementación de Cañería Intermedia
3013081;FLETE AEREO
3013082;TARIFA MENSUAL - SUPERVISOR
3013083;TARIFA DIARIA - SUP (DOM Y FER)
3013090;Kilometraje, Bombeador de nitrógeno
3013091;Kilometraje, Grúa, hasta 50 tn
3013092;"CT 1,5"",cargo básico x las primeras 4 hs"
3013093;"CT 1,5"",por hr adic,c/inyector de 80.klb"
3013094;Cargo Grua hasta 50 tn
3013095;"Stand By Set de Coiled Tubing 1,5"""
3013096;"Set de CT 1,5"" en Stand By"
3013097;"Cuadrilla de CT 1,5"" para 24hs"
3013098;ARF-995 (goma xántica)
3013099;DWP-621, reductor de fricción alto ppm
3013100;Sanifrac 8844
3013101;CalGuard-9000,inhibidor corrosión P/CT
3013102;Campamento, cargo diario
3013103;"Kilometraje, SET de Coiled Tubing 2 3/8"""
3013104;"CT2 3/8"",cargo básico x las primeras 4hs"
3013105;"CT 2 3/8"",x hr adic,c/inyector de 140klb"
3013106;"Cuadrilla de CT 2 3/8"" para 24hs"
3013107;"Set de CT 2 3/8"" en Stand By"
3013108;ASISTENCIA TECNICA EN POZO
3013109;SE DESPARAFINACION (IPB279)
3013110;INHIBIDOR DE CORROSION CY8765
3013111;DIFERENCIA DE TARIFAS
3013112;Zanjas 2m ancho y 1m profundidad ML
3013113;Zanjas 1,2m y 0,80m profundidad ML
3013114;Camion Volcador 7 M3
3013115;Flete maquinas viales
3013116;Traslado y colocación tubos y cabeceras
3013117;Estabilizado de camino Publico
3013118;Máquina eq. raspaje p/combate incendio
3013119;LIMPIEZA Y DESINFEC. PSA
3013120;Tarifa Control Mecánico con Rastra
3013121;Control químico habilitación Aereo
3013122;Control químico pre-habilitación/Terrest
3013123;Control químico pos-habilitación/Terres
3013124;Control químico pre-Habilitación mecaniz
3013125;Control químico pos-Habilitación mecaniz
3013126;Rastra en Lineo
3013127;Subsolado  D1
3013128;Rastra total Malezal D2
3013129;Rastra total Tacuru
3013130;Taipeo con ripper D4
3013131;Taipeo D3 y D2
3013132;Repase de Taipa 20 % de D2 y D3
3013133;Rotovator 50% de las Taipas
3013134;Despeje Mecanizado
3013135;Marcación Diseños
3013136;Macheteos
3013137;Despeje con Motosierrisitas
3013138;Horas tractor confeccion de caminos
3013139;Control de hormigas S+D
3013140;Control de hormigas Dirigido
3013141;Mano de obra D1 (1250pl)
3013142;Mano de obra D4 (1333pl)
3013143;Mano de obra pura (833pl)
3013144;Reposición 6% (Pino)
3013145;Reposición 10% ( Nativo)
3013146;Fertilización Nativas (40kg x ha)100% D1
3013147;Control qco. pos-Habilitación mecanizado
3013148;Control Químico de Malezas en Lineo
3013149;Control mecánico de Malezas entre Lineo
3013150;Control Químico de Malezas en Lineo para
3013151;Macheteo Manual lineo completo
3013152;Macheteo Manual lineo completo para D4
3013153;Marcación Diseños
3013154;Tarifa Control Desmalezado Mecánico
3013155;Tarifa Control Químico 12 mts de ancho
3013156;RECEP  y ALMAC AGUA CON HC (Y8) NOCTURNO
3013157;CUADRILLA DE FUMIGACIÓN
3013158;SERVICIO DE ASESORAMIENTO E INSPECCIÓN
3013159;SERVICIO DE ASESORAMIENTO E INSPECCIÓN
3013160;KILOMETROS RECORRIDOS CIPOLLETTI - SITIO
3013161;SE FAST LOCK
3013162;PAÑOL TRAILER 12 MTS CON ESTANTERÍA
3013163;MOVILIZACIÓN
3013164;SE TORQ BDAS API BOCAPZO ADICIONAL
3013165;Jornada de Lunes a Viernes
3013166;Jornada Sab/Dom/Feriado
3013167;Hora extra Lunes a Viernes
3013168;Hora extra Sab/Dom/feriado
3013169;Jornada Stand By
3013170;Postes de quebracho
3013171;Varillas de quebracho
3013172;SERVICIO DE AMBULANCIA Y ENFERMERO F-S
3013173;AMBULANCIA Y ENFERMERO NOCTURNO F-S
3013174;SERVICIO DE CHOFER DE AMBULANCIA  F-S
3013175;CHOFER DE AMBULANCIA NOCTURNO  F-S
3013176;Antiespumante BDFO91A-10
3013177;Desemulsionante BDMO12526-10
3013178;Inhi. parafinas - BPAO12709F 13,5 A 15 K
3013179;Inhi. parafinas - BPAO12709F 15 A 17,5 K
3013180;Inhi. parafinas - BPAO12709F 17,5 a 20 K
3013181;Inhi. parafinas - BPAO12709F 20 a 22,5 K
3013182;Inhi. parafinas - BPAO12709F 22,5 a 25 K
3013183;Inhi. parafinas - BPAO12709F 25 a 28 K
3013184;Inhibidor de Hidratos PFR4056-95
3013185;AJUSTE CERTIFICACION
3013186;SERV CISTERNA 35M3 24 HS - MES
3013187;SERV CAMION VACIO 35M3 - 24 HS - MES
3013188;SERVICIO DE IN-OUT
3013189;Riper en Savannah
3013190;CHOFER DE AMBULANCIA NOCTURNO  F-S
3013191;Rastra Cortafuegos
3013192;Savannah
3013193;BroadBand Shield Diverter
3013194;Ajuste de precios
3013195;CALZADO FUNCIONAL BOLT GTX - GRIS
3013196;CALZADO FUNCIONAL SHELTER GTX - MARRON
3013197;Sincropool Remis de 1.000 a 1.500
3013198;Viaje de 10 m3 a TPF
3013199;Viaje de 20 m3  a BMO
3013200;HS Espera - BMO
3013201;Cargos/Impuesto Pais
3013202;KIT DE MUESTREO AGUA/PETROLEO
3013203;HS Espera - BMO
3013204;MOVILIZACIÓN RETIRO DE MUESTRAS
3013205;REPORTE
3013206;PILETA SOBRE PATIN 70M3 - CERRADA
3013207;CAMION PLAYO 12 HS - JORNADA
3013208;DESBARRO TANQUE 35M3 MTS -PERF + VAPORIZ
3013209;Imp. Pais
3013210;breaker CalBreak™ 5501 (Dry Additive)
3013211;Lost In Hole Molino 7 5/8”
3013212;CLIP SUSPENDER STAINLESS STEEL
3013213;LostInHole Escareador Rotat 7 5/8”
3013214;PILA ENERGIZER LITIO CR2 - GENÉRICO
3013215;Transp de TuberÍa y/o Htas de 101-150 km
3013216;Transp de TuberÍa y/o Htas de 151–200 km
3013217;Transp de TuberÍa y/o Htas de 201-300 Km
3013218;Trataniento Lodo de Perforacion (Y20)
3013219;RECEP. NOC Y TRAT. LODO DE PERF. ( Y20 )
3013220;Materiales no catalogados
3013221;RETROACTIVOS
3013222;PILA ENERGIZER LITIO CR2 - GENÉRICO
3013223;GRUA 80 TN LUNES A VIERNES
3013224;GRUA 80 TN HORA EXTRA
3013225;GRUA 80 MOV/DESMOV
3013226;CARRETON 60 TN
3013227;CARRETON 60 TN HORA EXTRA
3013228;CARRETON 60 TN MOV/DESMOV
3013229;CAMION C/HIDRO (CON SEMI)
3013230;CAMION C/HIDRO HORA EXTRA
3013231;CAMION C/HIDRO DESMOVILIZACION
3013232;CUADRILLA DE MONTAJE -OPERARIOS
3013233;CUADRILLA DE MONTAJE -HS EXTRA-OPERARIOS
3013234;CUADRILLA DE MONTAJE -OFICIAL
3013235;CUADRILLA DE MONTAJE -HS EXTRA-OFICIAL
3013236;SERVICIO DE BARQUILLA
3013237;TRASLADO DE PERSONAL
3013238;TRACTOR CON SEMI (BP-CATRIEL)
3013239;TRACTOR CON SEMI (NQN-BP)
3013240;TRACTOR CON SEMI (CATRIEL-NQN)
3013241;GRUA 80 TN SDF
3013242;GRUA 80 TN HORA EXTRA SDF
3013243;CARRETON 60 TN HORA EXTRA SDF
3013244;CAMION C/HIDRO HORA EXTRA SDF
3013245;CUADRILLA DE MONTAJE -OPERARIOS-SDF
3013246;CAMION C/HIDRO HORA EXTRA SDF
3013247;CUADRILLA DE MONTAJE -OFICIAL-SDF
3013248;CUADRILLA DE MONTAJE -HS EXTRAOFICIALSDF
3013249;TRACTOR CON SEMI (BP-CATRIEL)-SDF
3013250;TRACTOR CON SEMI (NQN-BP) -SDF
3013251;TRACTOR CON SEMI (CATRIEL-NQN)-SDF
3013252;GRUA 80 TN (24 HS) 8/20 L/V - HORAS
3013253;GRUA 80 TN (24 HS) 20/8 L/V - HORAS
3013254;GRUA 80 TN (24 HS) 8/20 SDF - HORAS
3013255;GRUA 80 TN (24 HS) 20/8 SDF - HORAS
3013256;Adic. ayud. Chofer porta cont. mensual
3013257;TRACTOR CON SEMI E HIDRO-JOR 8A17HS-SDF
3013258;CUADRILLA OPERARIOS (3 PER)HS. EXTR L/V
3013259;TRACTOR CON SEMI- MOV/DESMOVILIZACION
3013260;INSP C/PIG INTELIGENTE DUCTO TRAMO 1
3013261;INSP C/PIG INTELIGENTE DUCTO TRAMO 2
3013262;INSP C/PIG INTELIGENTE DUCTO TRAMO 3
3013263;ABONO MENSUAL REPORTE AVL-COMODATO
3013264;COLOCACION ANTENA NUEVA GPS
3013265;SERVICIO DE ASISTENCIA EN SITIO-BM
3013266;CAMBIO DE MEMORIA
3013267;REEMPLAZO M5 - DISPLAY
3013268;REEMPLAZO DE ID PASIVO M5
3013269;Ajustes/Grat. No remunerativos BES Ene24
3013270;CAMION CON HIDROGRUA HORA
3013271;CARGO ALQUILER STINGER 5 1/2
3013272;Tecnico - Oficial especializado
3013273;Tecnico - Oficial especializado DOM/FER
3013274;equipamiento - herramientas
3013275;Gastos de camioneta sin combustible
3013276;Gastos de camioneta con combustible
3013277;Viatico
3013278;Movilizacion cuadrilla
3013279;desmovilizacion cuadrilla
3013280;KILOMETRAJE VACTOR
3013281;CUADRILLA VACTOR
3013282;PreFrac w/frac crew in loc. (sin ácido)
3013283;Stand By Prefrac Serv. (during 24 hs)
3013284;Bombeos adicionales c/ Set Prefrac
3013285;Acido HCL al 15% (incluyendo aditivos)
3013286;FRAC - Up to 11 Cluster per Stage
3013287;Adicional por encima a 2.5 horas bombeo
3013288;Flow rate above 91 bpm and up to 100 bpm
3013289;FRAC Up to 11 Clust per Stage Simulfrac
3013290;Adicional x encima 3 hs.bombeo Simulfrac
3013291;T.Horaria Operativa x Isla Pump down
3013292;Daily Rate Bundle (Frac & WL)
3013293;Daily Penalty
3013294;Breaker - CalBreak™ 5501 (Dry Additive)
3013295;HVFR - CalVisc™ 6708 (Dry Additive)
3013296;Biocide - ARF-933 (Liquid Additive)
3013297;Implementacion de sistema
3013298;Senior
3013299;Gerente
3013300;Socio
3013301;Repase de taipa 20% de D2 Y D3
3013302;Taipeo Savannah
3013303;Horas tractor mantenimiento cortafuegos
3013304;Jornales (limpieza, guardia, fin de sem)
3013305;Muestreo aguas cong. pozos terrestres
3013306;Tubos de cemento de  0,40 m
3013307;Tubos de cemento de 0,80 m
3013308;Tubos de cemento de 1 m
3013309;Tubos de cemento de  1,20 m
3013310;Cabezales de cemento de  0,40 m
3013311;Cabezales de cemento de  0,60 m
3013312;Cabezales de cemento de 0,80 m
3013313;Cabezales  de cemento de 1 m
3013314;Cabezales de cemento de  1,20 m
3013315;"Tablones madera dura 2"" X 3,5"
3013316;"8 kg alambrón + 4 kg clavo de 4 """
3013317;Penalidades e insentivos
3013318;Transporte plantines (chasis + acoplado)
3013319;Transporte plantines (chasis)
3013320;Transporte plantines (devol. bandejas)
3013321;Cuadrilla Convencional de Inspección
3013322;Inspector API
3013323;Líquidos penetrantes/partículas magnétic
3013324;PEC
3013325;Consultoria Espe. Backup
3013326;Hora adicional lun/vie
3013327;H. Adicional fuera de horario
3013328;H. Adicional fuera de horario dom/feriad
3013329;Reingenieria sol. Backup
3013330;Mtto. ParkPlace
3013331;Identificacion de desafios
3013332;Ejecucion de Innovation
3013333;Línea de base social
3013334;Cuadrilla Especifica de PC
3013335;DESBORDADOS INDUMENTARIA
3013336;Retroactivos
3013337;Extracostos- contrib. Sindicales
3013338;ANALISIS ACEITE DIELECTRICO EN TRAFOS EX
3013339;PRODUCCION (%AGUA LIBRE + %AGUA Y SED)
3013340;IN-SITUS EN GASE (SH2 + CO2 AMPOLLAS)
3013341;IN-SITU 1 - EN AGUA (pH-T-CO2-HCO2+HCO3)
3013342;IN-SITU 2 - EN AGUA (- CLORUROS + SALES)
3013343;IN-SITU 3 - EN AGUA (-- O2)
3013344;IN-SITU 4 - EN AGUA (- CLOR + SALES +O2)
3013345;GLICOLES (pH-HC TOT-HIE TOT-TEMP-ETC)
3013346;SERV SOP N1 YN2 OPEN WELLS 1 FTE
3013347;Alamo Well Monitor
3013348;CAMIONVACTOR 16M3 OPERADOR+AYUDANTE 12HS
3013349;TABLEROS SOPORTE ( 4 UNIDADES)
3013350;TABLERO ELECTRICO DIFERENTE
3013351;"Valvula de 2"" 2M"
3013352;Suscripcion Anual Brevity
3013353;ANALISIS DE ATP
3013354;DETERMINACION DE BACTERIAS BSR
3013355;INST.-DESINT. LUBRICADOR TELESCOPICO 12H
3013356;RENTAL TRAILER M01-012
3013357;RENTAL TRAILER M01-049
3013358;RENTAL TRAILER M01-039/099 - nro 6
3013359;RENTAL TRAILER M01-049
3013360;RENTAL TRAILER COMEDOR/SANITARIO
3013361;KLA-HIB
3013362;Modulo SAT
3013363;Soporte 7x24
3013364;Licencias Perpetuas SAP
3013365;Batch
3013366;CUPONERA
3013367;ALQUILER SKID
3013368;SERV MENSUAL CAMION REPOSICION
3013369;SERV ON-CALL CAMION REPOSICION L-V
3013370;SERV ON-CALL CAMION REPOSICION S-D-F
3013371;SERV CUADRILLA INSTR L-V
3013372;SERV CUADRILLA INSTR S-D-F
3013373;Taipa con Ripper Convencional
3013374;Rastra Savannah
3013375;Marcación Diseños con Tractor
3013376;Motocompresor con Martillo Neumático
3013377;Lector ID MTK5 FI (instalado)
3013378;SERVICIO DE ASISTENCIA EN SITIO EL - RN
3013379;SERVICIO DE ASISTENCIA EN SITIO-MENDOZA
3013380;DESMONTAJE DE EQUIPO
3013381;RECORRDIO VIRTUAL AEREO
3013382;RRII-INVERSION SOCIAL
3013383;RELEVAMIENTO AEREO
3013384;TASA DE FRACCIONAMIENTO
3013385;montaje linea media tension
3013386;montaje linea media tension derivaciones
3013387;DESMONTAJE LINEA MEDIA TENSION
3013388;MONTAJE LINEA BAJA TENSION
3013389;MJE. SET MONOPOSTE 1
3013390;MJE. SET MONOPOSTE 2
3013391;MJE. SET MAYOR 200 K
3013392;MJE. CONDUCTOR SOTERRADO
3013393;MJE. SECCIONADOR BC
3013394;MJE. PUESTO SECCIONAMIENTO
3013395;MJE. RECONECTADORES
3013396;ACOMETIDA SUBTERRRANEA
3013397;PROV/MONT. LIMITADOR ALTURA
3013398;PROV/MONT. CARTELERIA
3013399;ALQ. MANTA CALEFACTORA P/BALONES DE 2L
3013400;ALQ. BALON DE BOLA LISA X 2LITROS
3013401;ALQ. BURETA AUTOMATICA COLOR CARAMELO
3013402;ALQ. BAÑO MARIA DIGITAL RANGO A 100C
3013403;ALQ. CENTRIFUGA PARA TUBOS TORPEDOS
3013404;ALQ. TUBOS TORPEDO X 6 UNIDADES
3013405;ALQ. TUBOS PERITA X 6 UNIDADES
3013406;ALQUILER DE TRAILER LABORATORIO
3013407;Viaje de 10 m3 a BDP
3013408;SERVICIO STACK UP
3013409;DETERMINACION WAT O WDT
3013410;"CPO 2 1/16"" 10kPSI"
3013411;Brida de 3 1/16” x 2 1/16 10.000 por mes
3013412;Tecnico - Oficial   14X14
3013413;Tecnico - Oficial (sab/dom/feriado)
3013414;TECNICO - OFICIAL ESPECIALIZADO PERNOCT
3013415;TECNICO - OFICIAL ESPEC PERNOCT feriado
3013416;TECNICO - OFICIAL PERNOCTE EN YACIMIENT
3013417;TECNICO - OFICIAL(FERIADO) pernocte
3013418;Transporte Set cement secundaria h/100km
3013419;Transporte Set cement secundaria h+100km
3013420;Transporte Liquidos. Cargo mínimo
3013421;De 151 metros a 300 metros
3013422;Por metro debajo de 150 metros
3013423;De 301 metros a 600 metros
3013424;De 601 metros a 900 metros
3013425;Por metro debajo de 600 metros
3013426;De 901 metros a 1.350 metros
3013427;Por metro debajo de 900 metros
3013428;De 1.351 metros a 1.950 metros
3013429;De 1.951 metros a 2.550 metros
3013430;De 2.551 metros a 3.150 metros
3013431;De 3.151 metros a 3.750 metros
3013432;De 3.750 metros a 4.350 metros
3013433;De 4.351 metros a 4.950 metros
3013434;Por metro debajo de 4.350 metros
3013435;De 4.951 metros a 5.550 metros
3013436;Por metro debajo de 4.950 metros
3013437;De 5.551 metros a 6.150 metros
3013438;Por metro debajo de 5.550 metros
3013439;De más de 6.150 metros
3013440;Por metro debajo de 6.150 metros
3013441;Cargo x bombeo,hasta 5kpsiPor hora subsi
3013442;Cargo x bbeo mas de5000psi (PIT) prim 4h
3013443;Cargo x bombeo,masde 5kpsiPor hora subsi
3013444;Precisión Slurry Blender/Mixer.C basico
3013445;Servicio de equipamiento p cementación
3013446;TIEMPO DE ESPERA-Set cem - secundaria
3013447;TIEMPO DE ESPERA- Unidad Adicional
3013448;CANCELACION DE OPS-Set cementacion secun
3013449;CANCELACION DE OPS-Unidad Adicional
3013450;FACTOR DE PASE (prepaga)
3013451;Notebook
3013452;celular
3013453;CATRIEL-BORDE MONTUOSO / CATRIEL
3013460;Buffer F
3013461;Transp Set acidific Matricial hasta100km
3013462;Transp Set acidific Matricial + de 100km
3013463;C Básico Servicio de Equip Acidif matric
3013464;Volumen de tratamiento
3013465;Cargo por uso de Cisterna HCL adicional
3013466;Cargo Básico Bombeo hasta 500HHP, 4 hora
3013467;Bbeo ac<500HHP.Período subsig despde 4h
3013468;Standby set estim ácida matric
3013469;Standby - Unidad Adicional
3013470;Ac. Acético
3013471;Ac. Benzoico
3013472;Bifloruro de Amonio
3013473;Citrisol
3013474;Cloruro de Amonio
3013475;Cloruro de Amonio
3013476;Cloruro de sodio
3013477;Movilización, desmov set Cem (h 100 Km)
3013478;Adicional KM mov, desmov Set Base >100km
3013479;Cargo por servicio de cem Guía
3013480;Cargo por servicio de cem Intermedia
3013481;Cargo por uso de Unidad Bulk por op
3013482;Cargo Standby Equipo Adicional
3013483;Cargo Standby Equipo Adic sin personal
3013484;Cargo Standby Set de Cementación
3013485;Cargo Standby Set de Cem sin personal
3013486;Cargo Operación Cancelada Equipo adic
3013487;Colchón Leak Stop
3013488;CemMax
3013489;Colchón Max Clean
3013490;Colchón SAC-10
3013491;Colchón Ultrabond
3013492;E Plus B-5
3013493;E Plus B-5
3013494;Silice
3013495;yeso
3013496;mica
3013497;"DTM de líneas 3"" PAD h/3 pozos h/150km"
3013498;DTM de líneas 3” PAD 4 pozos h/150 KM
3013499;DTM de líneas 3” PAD 5 pozos h/150 KM
3013500;Tarifa día x pz líneas 3” PADs 2-3-4-5 p
3013501;DTM Riglock PAD h/5 pozos y h/150 km
3013502;Riglock por pozo p/ PADs h/ 2 pozos
3013503;Riglock por pozo p/ PADs de 3 y 4 pozos
3013504;Riglock por pozo para pads de 5 pozos
3013505;Alq.operat. Drilling spool 13 5/8 10.000
3013506;Alq.Stand by Drill spool 13 5/8 10.000
3013507;Alq.op. Brida doble esp.13 5/8 a 11 10mi
3013508;Alq.Sby Brida doble esp.13 5/8 a 11 10mi
3013509;Tte. pesado x DIA (ida/vuelt PIN-Eq.203)
3013510;Cargo por hora adic.con inyect 140000 lb
3013511;reductor de fricción Metal metal
3013512;Diferencia tarifas (retros) PTX 5929
3013513;Equipo de precom 3 especialistas + 1 4x4
3013514;Horas extra por especialista (lu a vie)
3013515;Horas extra por especialista (s,d,f)
3013516;servicio de precom (s,d,f)
3013517;CONT EXTR
3013518;Gerente
3013519;Consultor Junior
3013520;HORAS EXTRAS
3013521;ASPH16831A
3013522;DSL - Cargo Mensual Mínimo (CMM)
3013523;DSL - Cargo Básico Unidad DSL x dia
3013524;DSL - Cuadrilla Adicional 12hs
3013525;"DSL - Cargo Longitud Cañón 1 9/16"" a 2"""
3013526;"DSL - Cargo Longitud Cañón 2 7/8"""
3013527;DSL - Hta PEAK Removedro de Parafina TAD
3013528;DSL - Trailer
3013529;DSL - Cuadrilla Cargo hora adicional
3013530;DSL - Sistema TailX
3013531;DSL - Gyro cargo mínimo x trabajo x pozo
3013532;DSL - Gyro cargo ing. registro x dia
3013533;DSL - Gyro cargo operación equipo x día
3013534;DSL - Gyro Pack bat. estándar h/110° x c
3013535;DSL - Gyro Pack bat. alta temp h/150° co
3013536;DSL - Gyro Transporte camioneta
3013537;DSL - Gyrocompass x metro adic. a 2000 m
3013538;Gastos combustibles AIKE
3013539;Cargo alquiler asentadera hidráulica
3013540;Redeterminacion de tarifas
3013541;Tarifa Base Operaciones - PowerTAP
3013542;Tarifa de Skidding - PowerTAP
3013543;Tarifa Reparación - PowerTAP
3013544;Tarifa espera con personal - PowerTAP
3013545;Tarifa espera sin personal - PowerTAP
3013546;Tarifa Fuerza Mayor - PowerTAP
3013547;TRANSPORTE SOLICITUD ADICIONAL
3013548;R&D Drawdown management
3013549;SW4 4X4 SRX 2.8 TDI 6 AT 7A MY22
3013550;SW4 4X4 SRX 2.8 TDI 6 A/T 7A
3013551;EXT PERSONAL
3013552;Par de guantes de Baja Tensión
3013553;Par de Guantes de Media Tensión
3013554;Detectores de Tensión de MT hasta 38 KV
3013555;Telurimetro
3013556;Pinza medición de Puesta a Tierra
3013557;Megometro
3013558;Tester
3013559;Kilo voltímetro de MT
3013560;Fluxometro
3013561;Pertigas tramos de 2 mts max.
3013562;Taburete de maniobra
3013563;Alfombra dieléctrica
3013564;Medidor de altura
3013565;Pinza amperometricas
3013566;GEN ENERGIA ELECTRICA MONTO MENSUAL
3013567;GEN ENERGIA ELECTRICA MONTO VARIABLE
3013568;Pago de Imp Pais 2023
3013569;Internet dedicado 200 MB
3013570;Ajuste de Precios Frac SLB(May23-Ene24)
3013571;TEST DE DROGAS
3013572;RENTAL TRAILER M01-18
3013573;RENTAL TRAILER M01-11
3013574;DIFERENCIAS EN TARIFAS
3013575;LIMPIEZA TRAILER
3013576;OPERARIO MANIPULADOR
3013577;TELEFONO MOVIL CON LINEA MOVISTAR
3013578;EPP PARA OPERARIO DE MANIPULADOR
3013579;CALIBRACION DE ALCOHOLIMETRO DRAGER 5000
3013580;TENARIS STORAGE
3013581;SERVICIO GUARDIA LABORATORIO
3013582;RENTAL TRAILER
3013583;KILOMETRO TRACTOR
3013584;KILOMETRO PETROLERO
3013585;COMPACT WELL SHUTTLE PERFILAJE M MEMORY
3013586;SERV HTAS CONV INCL GR-CAL-DT-DEN-NEU
3013587;SER Hta Esp(incl SPEC dipolar imagen)
3013588;PROCESAM PAQUETE IMAGEN+sonic dipolar
3013589;Servicio reparacion de valvulas de Pie
3013590;Provisión PORTA ASIENTO N10-RL2 - 316SS
3013591;Provisión CONJUNTO FUELLE N10-RL2 316L
3013592;Provisión NARIZ PARA VALVULA N10-RL2
3013593;Provisión ALOJAMIENTO FUELLE N10-RL2
3013594;Provisión TRABA B2 - 136SS
3013595;SERVICIO DE LIMPIEZA AM
3013596;INSUMOS DE LIMPIEZA AM
3013597;VEHICULO ADICIONAL - COIRON
3013598;MANIPULADOR TELESC 7TN - DIA
3013599;11 7/8” XCD519 Casing Drilling
3013600;VACIO/CHUPA 9 M3 MES
3013601;VACIO/CHUPA 9 M3 DIA
3013602;EQ ALTO VACIO (VACTOR) 10M3
3013603;CAMION PORTACONTENEDOR
3013604;CAMION PORTACONTENEDOR MES
3013605;Serv Tecnico TWC/BPV
3013606;Solution engineer
3013607;Migración de datos PSTM Rep. Sismico
3013608;Ayud. Chofer porta cont. Sab, Dom, fer.
3013609;capacidad en Firme Top1
3013610;Tubo de cemento de 0.60 cm
3013611;Alquiler Vehículo
3013612;Asistencia tecnica (Sab- Dom y feriados)
3013613;Bussines Fixed Site 1TB
3013614;Kit Standard
3013615;Adaptador Ethernet
3013616;Envio
3013617;Long wall moun
3013618;Instalacion
3013619;Ajustes/Grat. No remunerativos BES Jul24
3013620;Cargo Separador control mensual
3013621;Mov. & Montaje Inicial Separador control
3013622;Desmon. & Desmov. Final Separador contro
3013623;DTM Separador de control  en Pad´s
3013624;Kilometraje, Cisternas y tanques
3013625;Kilometraje, Unid de transp hasta 1500kg
3013626;Kilometraje, Unid de transp de+de1500kg
3013627;Cargo por profundidad, más de 3750 m
3013628;Bbeo de 0a5000 psi,x hora adic en exceso
3013629;Bbeo de + de 5000psi, por las prim 4 hs
3013630;Bbeo+de 5000psi,por h adic en exc de 4 h
3013631;Alq Tanque o cist,primeras 24 hs,x m3
3013632;Tanque/cist,c/período adic de 24 hs,x m3
3013633;Sistema de adquisición de datos, por op
3013634;Sist controlador automático de densidad,
3013635;Batch mixer, por hora adicional
3013636;Manifold para operaciones Offline
3013637;Cabeza de cem p/2 tapones,de 7”,por op
3013638;Cabeza de cem p/2 tapones,de9 5/8”,x op
3013639;Serv de carga y descarga de mat envasado
3013640;Transporte de mat sólidos, por tonxkm
3013641;Cemento clase A, por tonelada
3013642;Cemento clase G, por tonelada
3013643;DCP-FL8
3013644;DynaFlush W10
3013645;ARC-AS2, anti sedimentación p/cemento
3013646;ARA-SF1, surfactante
3013647;ARF-912
3013648;ARC-DF1, antiespumante
3013649;ARC-RT1, para baja temperatura
3013650;ARC-FR2
3013651;Ingenieria Basica
3013652;Estudios Electricos
3013653;Bactericida
3013654;Gelificante
3013655;RECUPERADOR (CHUPA) 35M3 - 24HS
3013656;RECUPERADOR (CHUPA) 35M3 - 24HS -MES
3013657;Medición de presión de formación
3013658;Presión de formación C x prof
3013659;SERV CISTERNA 35M3 - MES
3013660;MOTONIVELADORA
3013661;Línea base Rural
3013662;RETROACTIVOS - COMPRESION
3013663;KEROSENE EN CAMPO
3013664;AGUA DESTILADA EN CAMPO
3013665;Diferencia certificación Mar24
3013666;hora adicional Mixer
3013667;Monitoreo
3013668;Montaje
3013669;Acido Clorhídrico 10% con aditivos
3013670;Cargo por cisterna
3013671;horas Stand by Cisterna
3013672;Agua Tratada
3013673;Control químico total /Terrestre
3013674;Control químico en lineo terrestre
3013675;Control químico en lineo con mochila
3013676;Control químico Entre lineo terrestre
3013677;Rastra Total primera pasada
3013678;Rastra en Lineo 1er pasada
3013679;Rastra en lineo 2da pasada
3013680;Riego
3013681;Plantación
3013682;Plantación con Gel
3013683;Control Mec. e/líneo con Rastra discos
3013684;Control Mec. Entre líneo c/ Desmalezador
3013685;Desmontaje de aib (lunes a viernes)
3013686;Desmontaje de aib (sabado dom y feriado)
3013687;AJUSTE HES
3013688;Desarrollador PP/PA
3013689;Business Analyst
3013690;Lider de Celula
3013691;Oil&Gas Specialist
3013692;Desarrollador UX/UI
3013693;Analista QS
3013694;Arquitecto PP
3013695;Data Architect Expert
3013696;Data Architect Senior
3013697;Data Architect Ssr
3013698;Data Architect Jr
3013699;Data ModelerExpert
3013700;Data Modeler Senior
3013701;Data Modeler Ssr
3013702;Data Modeler Jr
3013703;ML/Data Dev-Ops Expert
3013704;ML/Data Dev-Ops Senior
3013705;ML/Data Dev-Ops Ssr
3013706;ML/Data Dev-Ops Jr
3013707;Funtional Analyst Expert
3013708;Funtional Analyst Senior
3013709;Funtional Analyst Ssr
3013710;Funtional Analyst Jr
3013711;Data engineer Expert
3013712;Data engineer Senior
3013713;Data engineer Ssr
3013714;Data engineer Jr
3013715;Data Visualization Expert
3013716;Data Visualization Senior
3013717;Data Visualization Ssr
3013718;Data Visualization Jr
3013719;Data Scientist Expert
3013720;Data Scientist Senior
3013721;Data Scientist Ssr
3013722;Data Scientist Jr
3013723;UX Analyst Ssr
3013724;Business Traslator Expert
3013725;Business Traslator Senior
3013726;Business Traslator Ssr
3013727;Business Traslator Jr
3013728;Scrum Master Expert
3013729;Scrum Master Senior
3013730;Scrum Master Ssr
3013731;Scrum Master Jr
3013732;Integration engineer Expert
3013733;Integration engineer Senior
3013734;Integration engineer Ssr
3013735;Integration engineer Jr
3013736;Proxy Product Owner Expert
3013737;Proxy Product Owner Senior
3013738;Proxy Product Owner Ssr
3013739;Proxy Product Owner Jr
3013740;Data Governance Analyst Expert
3013741;Data Governance Analyst Senior
3013742;Data Governance Analyst Ssr
3013743;Data Governance Analyst Jr
3013744;Data literacy consultant Expert
3013745;Data literacy consultant Senior
3013746;Data literacy consultant Ssr
3013747;Data literacy consultant Jr
3013748;Data Literacy Content Expert
3013749;Data Literacy Content Senior
3013750;Data Literacy Content Ssr
3013751;Data Literacy Content Jr
3013752;Dev React
3013753;Equipo de precom 3 especialistas (sab/do
3013754;Fabricacion bateria 4 (ARS)
3013755;Fabricacion bateria 4 (USD)
3013756;Dief. de tarifa/Retroactivos
3013757;Equipo de precom 3 especialistas + 1 4x4
3013758;Equipo de precom 3 especialistas (sab/do
3013759;EAC NRO. DE HIPOTESIS 1 A 5
3013760;EAC NRO. DE HIPOTESIS 6 A 10
3013761;EAC NRO. DE HIPOTESIS 11 A 15
3013762;EAC NRO. DE HIPOTESIS 16 A 20
3013763;EAC NRO. DE HIPOTESIS 21 A 30
3013764;EAC NRO. DE HIPOTESIS 31 A 40
3013765;C. Basico incl mont/desm unid slickline
3013766;Transporte unid Slickline
3013767;Retro/Diferencia de tarifas
3013770;AJUSTE CERTIFICACIÓN AGUA TRANSFERIDA
3013771;PFR 31-Hidroxido de sodio
3013772;CUPONERA
3013773;Renovacion de lic. MPSA
3013774;Destape, acopio, carga y remediacion can
3013775;Equipámiento Fluencia Pozo Dia Operativo
3013776;Equipamiento Fluencia Pozo Día Stand by
3013777;Operador. Turno diurno de 12hrs totales
3013778;DTM Equipamiento de Fluencia de Pozo
3013779;Lavado de Pileta
3013780;Disposición Final de Líquidos/Sólidos.
3013781;SERV MENSUAL ING APLICACION
3013782;ALQ TRAILER BAÑO 12MTS-MES
3013783;TRAILER SANITARIOS BOXES 2,5M
3013784;ELO/PLOTTIER/NQN/ZONAS ALEDAÑAS
3013785;Field Support 03 NQ
3013786;Horas Extra al 50% 1 BA
3013787;Horas Extra al 50% 2 BA
3013788;Horas Extra al 50% 3 NQ
3013789;Hs. Extra al 50% Coordinacion
3013790;Hora extra al 100% 1 BA
3013791;Hora extra al 100% 2 BA
3013792;Hora extra al 100% 3 NQ
3013793;Hs. Extra al 100% Cordinacion
3013794;Retroactivos Frac Bundle Feb-Mar2024
3013795;Control de Plagas
3013796;Control murcielagos
3013797;suscripcion anual
3013798;TEG-PFR125
3013799;SE SEMI/HIDRO MENS L A L 12 HS NUEVO
3013800;CUADRILLA MENSUALIZADA C/PICK L A L -NUE
3013801;DIFERENCIAS TARIFAS
3013802;soc validada por usuario
3013803;O&M (4 Serv Pendientes fuera horario)
3013804;SERVICIO ASESORAMIENTO TECNICO
3013805;CAPACITACION
3013806;HERRAMIENTAS CONTRATACION X SEM TRIFASIC
3013807;HERRAMIENTAS CONTRATACION X SEM HEXAFASI
3013808;Punzado, cargas TC27R
3013809;"REP VALV,RET GAS LIFT 1"" IPO N10RL2"
3013810;"REP VALV,RET GAS LIFT 1"" ORIFICIO 10ORL2"
3013811;Set-up inicial
3013812;Honorario Mensual
3013813;Nómina mensual (entre 1 y  25 empl)
3013814;Nómina mensual (más de 25 empl.)
3013815;Cumplimiento Fiscal anual
3013816;Plug Assemblying Operator
3013817;ITC No Exento
3013818;DIFERENCIAS TARIFAS JUN-24
3013819;Medio día de sesión virtual Est.riesgos
3013820;Día de sesión virtual Est.Riesgo
3013821;Día de sesión presencial
3013822;Informe Estudios de Riesgo HAZOP
3013823;Informe Estudios de Riesgo HAZID
3013824;Informe Estudios de Riesgo SIL-LOPA
3013825;Informe Estudios de Riesgo WHATIF
3013826;Estudio ACR NUMERO DE HIPOTESIS 1 A 5
3013827;Estudio ACR NUMERO DE HIPOTESIS 6 A 10
3013828;Estudio ACR NUMERO DE HIPOTESIS 11 A 15
3013829;Estudio ACR NUMERO DE HIPOTESIS 16 A 20
3013830;Estudio ACR NUMERO DE HIPOTESIS 21 A 30
3013831;Estudio ACR NUMERO DE HIPOTESIS 31 A 40
3013832;Hora Ingeniería ATEX / Dispersión / ots
3013833;Día de relevamiento 1 profesional
3013834;Fee adicional a viáticos reembolsables
3013835;COMBUSTIBLE GAS OIL CAPILAR G2
3013836;COMBUSTIBLE GAS OIL CAPILAR G3
3013837;Barril B12-150-24 Steel Nikel Carbide
3013838;Barril B12-125-24 Steel Nikel Carbide
3013839;Retros H203 Dic23-Abr24
3013840;RETROACTIVOS
3013841;Movilidad
3013842;Ingeniero JR
3013843;Socio Gte. Especialista
3013844;Dif. certificacion
3013845;COORDINADOR DE OFICINA TÉCNICA - GRAL
3013846;ING ESP - PROCESOS
3013847;ING ESP - MECÁNICA
3013848;ING ESP - CAÑERÍAS
3013849;ING ESP - ELECTRICIDAD
3013850;ING ESP - INSTRUMENTACIÓN
3013851;DIBUJANTE/PROYECTISTA CAR 2D/3D SENIOR
3013852;Valor Extra al 50% OF. TECNICA COORD
3013853;Valor Extra al 50% ING. ESPECIAL. PROCES
3013854;Valor Extra al 50% ING. ESPECIALIST
3013855;Valor Extra al 50% DIBUJANTE/PROYECTISTA
3013856;Valor Extra al 100% OF. TEC. COORD
3013857;Valor Extra al 100% ING. ESPEC. PROCESOS
3013858;Valor Extra al 100% ING. ESPECIALISTA
3013859;Valor Extra al 100% DIBUJANTE/PROYECTIST
3013860;SOLIDOS CONDICIONADOS  - 50% tarifa
3013861;TRAT.LODOS Y FONDO DE TANQUE  C/HC - 50%
3013862;Reembolsables DSL
3013863;RETROACTIVO - CUTTING BASE AGUA
3013864;SERV SOP N1 ISOMETRIX 1/2 FTE
3013865;DENP-101 (METANOL)
3013866;BUTILGLICOL
3013867;TRIETLIENGLICOL
3013868;SERVICIO DE LOGISTICA
3013869;SERVICIO DE LOGISTICA S-D-F
3013870;Picadas internas
3013871;Alambrado
3013872;TRASLADO ADICIONAL - DESCARGADERO PERSON
3013873;Picada perimetral
3013874;REPARACION VALVULA ALIVIO
3013875;RENTAL EQUIPAMIENTO GYM
3013876;Adicional item fuera de contrato
3013877;SERVICIO DE ENGRASE, PH Y TORQUE
3013878;SERVICIO DE ENGRASE, PH Y TORQUE S-D-F
3013879;SERVICIO DE LUBRICADOR
3013880;SERVICIO RESCATE ESPACIOS CONFINADOS
3013881;CAMION SEMI C/HIDRO 4 TN
3013882;CONSULTORIA SERV. PROFESIONALES
3013883;CONSULTORIA SERV.TECNICA DE OBRA
3013884;MODULOS CAMPUS
3013885;MODULOS CAMPUS BMO
3013886;Hora en oficina
3013887;Hora en NQN/Campo
3013888;Hora de Viaje
3013889;Traslados/viaticos
3013890;Viaticos/Gastos
3013891;SERVICIO GESTIONADO
3013892;PACK 20 HS SOPORTE
3013893;HORA HABIL ADICIONAL
3013894;SERV.GEN.ELECTRICA-Fact 88642
3013895;Sprint + PM
3013896;COMBUSTIBLE GAS OIL TRONCAL G3
3013897;SERVICIO LABORATORISTA (4+1 EN 7X7)
3013898;OPERARIO ESPECIALIZADO MULTIFUNCION 12 H
3013899;"Anillo BX-155 (4-1/16"" 10K/15K)"
3013900;"Anillo BX-158 (11"" 10K)"
3013901;"Anillo BX-169 (5-1/8"" 15K)"
3013902;Acarreo Viaje Especial hasta 250 km
3013903;CONTENEDOR  DIA
3013904;SERV S-D-F PQ
3013905;SERV INSP Y MTTO
3013906;HORAS EXTRAS RETROEXCAVADORA
3013907;Valor por Hora
3013908;CISTERNA COMBUSTIBLE 4000 LTS
3013909;SACON LAPON COMPLETO CON BORDADO
3013910;Liq highViscosity forHigh salinity water
3013911;Profesional Sr SGR
3013912;Dotacion
3013913;items a regularizar por serv diurno
3013914;SNR
3013915;Desemulsionante
3013916;Sistema de inyección
3013917;Servicio de ensamble
3013918;ENSAYO COLD FINGER 4 PRODUCTOS QUIMICOS
3013919;DETERMINACION WAT/WDT
3013920;Ingenieria
3013921;Costos Indirectos
3013922;Costos Directos
3013923;Com y Asist a pem
3013924;Equipamiento
3013925;Repuestos
3013926;MTTO. ONGUARD MILESTONE - LENEL
3013927;Rep Bba hasta pot 25 HP
3013928;Rep Bba hasta pot de 25 a 50 HP
3013929;Rep Bba hasta pot superiores a 50 HP
3013930;MO TORNERIA
3013931;Tpte Liquidos. Por m3. por Km.
3013932;AT ELO CALIBRACION MULTIVARIABLE
3013933;AT BDP CALIBRACION MULTIVARIABLES
3013934;AT AF CALIBRACION MULTIVARIABLES
3013935;ULACT MANT PREVENTIVO MENSUAL
3013936;ULACT MANT PREVENTIVO TRIMESTRAL
3013937;ULACT MANT PREVENTIVO SEMESTRAL
3013938;ULACT MANT PREVENTIVO ANUAL
3013939;ASISTENCIA TECNICA - LUN a VIE
3013940;ASISTENCIA TECNICA - FINDESEM y FERIADOS
3013941;Pilot Project/POV
3013942;GAS OIL
3013943;Plataforma SaaS Mensual
3013944;Equipo dedicado
3013945;DELFI-Seismic Processor Base - user/mth
3013946;DELFI-Seismic Processor Plus - user/mth
3013947;DELFI-Geophysicist Base - user/mth
3013948;GEOP-PP-SUBU-36_Geophysicist - Plus us/m
3013949;Geologist Base - user/mth
3013950;GEOL-PP-SUBU-36_Geologist - Plus user/mt
3013951;Unconventional - user/mth
3013952;Petrophysicist Base - user/mth
3013953;PETP-PP-SUBU_Petrophysicist - Plus us/mt
3013954;Completion Engineer - user/mth
3013955;Reservoir Engineer Base - user/mth
3013956;Reservoir Engineer Plus - user/mth
3013957;Production Engineer Base - user/mth
3013958;Production Engineer Plus - user/mth
3013959;Process Facilities Eng Base - user/mth
3013960;PROC-PB-SUBU-36_Process Facilities Engin
3013961;Project Data Manager - user/mth
3013962;Hosted Application Access - user/mth
3013963;Desinstalacion
3013964;(DRPL-PB-SUBU-36)-DrillPlan-Plus-user/mo
3013965;DrillPlan Guest Plus - user/mth
3013966;DPSC-SS-SUBC_DrillPlan Subsurface Conn
3013967;GMEC-TO-SUBU_Geomechanics Insights us/mt
3013968;Data Science - user/mth
3013969;SSTO-IS-UTLShared Storage TB/mo
3013970;CSTO-IS-UTL-Cloud Storage - TB/mo
3013971;MATERIALES - FEE
3013972;Guardia pasiva lun a vie
3013973;Guardia pasiva sab y dom
3013974;JOR CALIBRACION LUN A VIER
3013975;JOR CALIBRACION SABADO
3013976;JOR CALIBRACION DOMINGO
3013977;JOR INSTRUMENTISTA LUN A VIER
3013978;JOR INSTRUMENTISTA SABADO
3013979;JOR INSTRUMENTISTA DOMINGO Y FERIADO
3013980;HORA EXTRA 50%
3013981;HORA EXTRA 100%
3013982;TRASLADO HASTA BORDE MONTUOSO
3013983;TRASLADO HASTA AGUADA FEDERAL
3013984;ALQUILER MOTOCOMPRESOR (stand By)
3013985;Montaje de Rig F34
3013986;Adecuacion y Modificaciones de Rig F34
3013987;Movilización al puerto USA F34
3013988;Transporte internacional
3013989;Servicio en destino F34
3013990;Servicio de alquiler mensual
3013991;MANT PREV SISTEMA ENCENDIDO(POR FLARE)
3013992;MANT PREV SISTEMA ENCENDIDO(POR JORNADA)
3013993;REEMP DE TERMOCUPLA (POR TERMOCUPLA)
3013994;MANT PREV (POR QUEMADOR)
3013995;MANT CORRECTIVO (POR JORNADA)
3013996;LIMP DE TUBO DE FUEGO/CHIM
3013997;CUADRILLA DE MONTAJE I&C EN CAMPO
3013998;Pre-Frac services, off line cell – frac
3013999;Pre-Frac services,off line cell–frac&PDP
3014000;Additional WL Run
3014001;Biocide
3014002;Surfactant
3014003;Breaker
3014004;Goma Xanthan
3014005;Hydrochloric acid 28%
3014006;Corrosion Inhibitor
3014007;Iron Stabilizer
3014008;Demulsifier
3014009;Clay Stabilizer
3014010;Solid High Viscosity Friction Reducer
3014011;Sol High Visc Frict Red for high sal wat
3014012;Liquid High Viscosity Friction Reducer
3014013;Liquid High Visc Fric Red high performan
3014014;Liq High Visc Frict Red for high Sal wat
3014015;Pumping rate-Solid Fluid Sys Third party
3014016;Pumping rate-Liq Fluid Sys Third Party
3014017;Liquid Scale Inhibitor
3014018;Solid Scale Inhibitor
3014019;Cuadrilla Hidrolavado
3014020;Jornada adicional Excavadora + maquS/D/F
3014021;PAGOS ADENDA I AGO-24
3014022;Alquiler estacion de Bombeo
3014023;TRASVASE DE MUESTRA EN LAB (TRAZADOR)
3014024;BIDON PEAD 5 LTS CON TAPA
3014025;LAVADO DE BIDONES Y TAPAS
3014030;CHOKE CAM 20
3014031;CAMION CON SEMIRREMOLQUE
3014032;KM ADICIONAL A LOS 300KM CAMION CON SEMI
3014033;HS ESPERA CAMION CON SEMIRREMOLQUE
3014034;Brazo Davit Marca 3M
3014035;"Alquiler Montura Tubular 1"" de 4,5"""
3014036;Servicio de administrativo sap en yac
3014037;hora extra al 50% adm sap en yac
3014038;hora extra al 100% adm sap en yac
3014039;"HT 9 1/16"" en casing de 4,5 a 202"
3014040;"VAlvula 2"" 3M + niple"
3014041;Jornada cuadrilla de 8 a 16hs L a V
3014042;Cuadrilla de 2 técnicos (camioneta)
3014043;Servicio de relevamiento, informes, geor
3014044;Servicio de camión con chofer, con chasi
3014045;Servicio de camión con chofer , con semi
3014046;Servicio de camión con chofer y ayudante
3014047;Servicio de hidrolavado con caldera fijo
3014048;Servicio de transporte desde yacimiento
3014049;Valor por servicio de testeo 3
3014050;Valor por servicio de testeo, 4
3014051;Valor por servicio de testeo 6
3014052;Valor por servicio de testeo 8
3014053;Valor por servicio de testeo 10
3014054;Servicio de grúa TEREX de 60TN contratac
3014055;Servicio de grúa TEREX de 60TN nocturno
3014056;Servicio de grúa TEREX de 60TN s/d/feria
3014057;Servicio de grúa TEREX de 60TN s/d/f noc
3014058;Servicio de movilización  de grúa TEREX
3014059;Recalibración  en base de válvulas PSV/V
3014060;Equipo Evo Screen D1-65
3014061;Servicios de intermediacion
3014062;Serv. Operativo MC 735132 - 557
3014063;Serv. Stand By MC 735132 - 557
3014064;Serv. Operativo MC 701619 - 558
3014065;Serv. Stand By MC 701619 - 558
3014066;Serv. Operativo Compresion MC 701619
3014067;Serv. Operativo MC V-3531 - 559
3014068;Serv. Stand By MC V-3531 - 559
3014069;Servicio O&M AF
3014070;DTM por el equipo adicional Dual Frac
3014071;Tarifa diaria STANDBY Adic Dual Frac
3014072;Tarif operativa x equipo adic dual frac
3014073;SERV REPOSICION Y MTTO PQ
3014074;RSS- AutoDownlink
3014075;SmartSLIDE
3014076;SERVICIO PACIENTES AEROEVACUADOS
3014077;ACTIVACION DE AEROEVACUACION
3014078;HORAS INGENIERO JUNIOR
3014079;TRANSPORTE DE CRUDO
3014080;SE OPERADOR/RECORREDOR 2.1
3014081;Anillo BX-153
3014082;Personal para operaciones
3014083;valor diferencial por hs al 100% diurno
3014084;valor diferencial por hs al 100% nocturn
3014085;Traslado (8 viajes, ida y vuelta)
3014086;Traslado (adicional ida y vuelta)
3014087;Reducción Cargo por cada 6 hrs
3014088;SERVICIO MTTO PQ
3014089;SERVICIO REPOSICION PQ (1ER CAMION)
3014090;SERVICIO REPOSICION PQ (2DO CAMION)
3014091;Tandem 2x550 hojas + base ruedas Lexmark
3014092;SERVICIO TEC-ADM ALMACEN PQ
3014093;AJUSTE EXTRAORDINARIO
3014094;BOMBA CENT DE TRASVASE C/MOT ELECTRICO
3014095;SUPERVISOR EN CAMPO
3014096;ASIST TECNICA CUADRILLA INSTRUMENTISTAS
3014097;Hitos
3014098;Mandatory Services Fee for Year 1
3014099;DIFERENCIAS SERVICIO REPOSICION PQ
3014100;US EVENTUALES
3014101;Abono 20 Mbps ISP + 2 Ips estáticas púb
3014102;ALQ TRAILER MARITIMO 12 MTS
3014103;Serv Ingenieria en modalidad a demanda
3014104;Serv Ingenieria en campo
3014105;atención telefónica – abono mensual
3014106;atención telefónica – tarifa por hora
3014107;Espumante-BFMO6000-10
3014108;Bujes de salida de tote
3014109;BALON DE BOLA LISA
3014110;EQUIPO LIMPIEZA ULTRASONIDO
3014111;BURETA AUTOMATICA COLOR CARAMELO
3014112;Pago de Imp Pais 2024 - Frac Bundle
3014113;SUPERVISOR ELECTRICO
3014114;PP Cat. L-Hora extra 50%
3014115;PP Cat. L-Hora extra 100%
3014116;Calibración de equipo (cuadrilla fija)
3014117;Calibración de equipo (cuadrilla extra)
3014118;Traslado (4 viajes, ida y vuelta)
3014119;MOVIL LIVIANO
3014120;MATERIALES VARIOS - PQ
3014121;SERV LAB + PICK UP - PQ
3014122;SERV INTER DEDICADO Y SIME 200 MBPS
3014123;SERV INTER DEDICADO Y SIME 300 MBPS
3014124;Diseñador visual UX Analyst (Ssr)
3014125;Diseñador visual UX Analyst (Sr)
3014126;Diseñador visual UX Analyst (Expert)
3014127;Analista de Gobierno de Datos
3014128;GENERACION DE ENERGÍA - ALQ EQ GENERADOR
3014129;FLUI - ENM22 - VINSEAL MEDIUM - BAG11.34
3014130;FLUI - ENM22 - VINSEAL COARSE - BAG11.34
3014131;Licencia plataforma grclinks SAP
3014132;Licencia plataforma grclinks SAFIRO
3014133;Integración por API GRCLINKS INVGATE
3014134;Kilometro adicional
3014135;REPARACION DE INT. ELECTRICA
3014136;TRAILER COCINA
3014137;INSTALACION COMEDOR
3014138;AF-VEHICULO SERVICIO DE COCINA
3014139;AF-ALMUERZOS/CENAS
3014140;Rental Mensual Operativo Booster
3014141;Gerenciamiento ec13
3014142;Rental sin VDF
3014143;Rental (sin VDF, sin motor)
3014144;Ingeniero SR
3014145;Ingeniero SSR
3014146;Analista SR
3014147;Analista SSR
3014148;Administrativo
3014149;MO Servicio de OyM
3014150;RT PQ
3014151;LABORATORISTA PQ
3014152;Anticipo por Barras de sondeo Rango III
3014153;Servicio de reparacion completa
3014154;Materiales para reparacion completa
3014155;ALQUILER GENERADOR - GENERACION
3014156;HORAS ING.SR en CAMPO
3014157;HORAS TECNICO SR. ESPECIALIZADO en CAMP
3014158;VIATICOS MOVILIDAD 2 PERSONAS.
3014159;HORA ING. SR : PROYECTO
3014160;SE PH Y ENGRASE COMPLETO EN POZO
3014161;digital rock analysis
3014162;MJE RECONECTADOR PERFORADOR
3014163;HH CUADRILLA 4P EN YAC
3014164;HIDRO C/BARQ INCL PERSONAL
3014165;CAMION C/SEMI HIDRO INCL PERSONAL
3014166;FUND HORM P/LINEAS ELECT
3014167;TENDIDO ADSS 12H
3014168;MONTAJE Y DESMONTAJE DE PANEL EN FL Y GL
3014169;MTTO INSTALACIONES SOLARES DIESEL
3014170;CUADRILLA MTTO INST SOLARES DIESEL S-D
3014171;FEE MAT EXTRA MTTO INST SOLAR-DIESEL
3014172;SOPORTE MESA N 1
3014173;SOPORTE MESA N 2
3014174;Staffed Loaned
3014175;Linea BASE CAPEX
3014176;STF_MESA DE SOPORTE LIDER DE PROYECTO
3014177;SERVICIO REPO PQ S-D-F
3014178;SERVICIO INSP MTTO PQ S-D-F
3014179;SERVICIO PQ PERNOCTE
3014180;SERV REPOSICION Y MTTO PQ S-D-F
3014181;Trailers solicitados por usuario en obra
3014182;MONTAJE DE PANELES
3014183;DESMONTAJE DE PANELES
3014184;well Stroker Cargo por profundidad
3014185;Mantenimiento evolutivo 40 hs
3014186;Soporte tecnico
3014187;Soporte tecnico anual
3014188;Hitos de Implementación
3014189;Mantenimiento software
3014190;SERVICIO CONECTIVIDAD VLO 150 Mbps
3014191;SERVICIO CONECTIVIDAD RLIMAY 300 Mbps
3014192;SERVICIO CONECTIVIDAD BMO 200 Mbps
3014193;SERVICIO DE COBERTURA OUTDOOR 3G Y 4G
3014194;Servicio Consultor Sr implementación AWS
3014195;SERVICIO DIARIO HWO
3014196;Cyber Vision Advantage License
3014197;DBN7315
3014198;SB82
3014199;CERTIFICACION O&M TPF AM
3014200;Montlhly fee Between 131 and 170 stg/mo
3014201;Montlhly fee Between 171 and 200 stg/mo
3014202;Montlhly fee Between 201 and 230 stg/mo
3014203;Montlhly fee from 231 and above stg/mo
3014204;Price per Stage up to 170 Stages
3014205;Price per Stage over 170 Stages
3014206;Price per Stage over 200 Stages
3014207;Price per Stage over 230 Stages
3014208;ALQUILER GENERADOR CAT 3516B DIESEL
3014209;GENERADOR CAT 3516B DIESEL HS MARCHA
3014210;Transporte plantines (arranque)
3014211;Transporte plantines (equipo)
3014212;Fordor
3014213;2,4 D 30% SIGMA micro emulsion X 20 L
3014214;Lontrel x 5 lts.
3014215;Rental Mensual Stan By Booster
3014216;Transporte Booster
3014217;Asistencia en Montaje Booster
3014218;dia adicional Montaje Booster
3014219;desmontaje Booster
3014220;PEDIDO ESPECIAL
3014221;Anticipo Modif skidding
3014222;WP13 Potencia puesta a disposicion
3014223;3512B Potencia puesta a disposicion
3014224;3512B Tarifa por Horas de Marcha
3014225;WP13 Tarifa por Horas de Marcha
3014226;Tarifa mensual por O&M
3014227;Tarifa Base Operac Año 1 a 5 con GO O&M
3014228;Tarifa Base Operac- Año 6 con GO O & M
3014229;Tarifa de Skidding - 100% O&M
3014230;Tarifa espera con personal - 90% O&M
3014231;Tarifa Op c/ ]EE provista x VISTA-85 O&M
3014232;Tarifa espera sin personal - 75% O&M
3014233;Tarifa Reparación -100% O&M
3014234;Licencias StarSteer
3014235;Perfil CPI
3014236;Perfil FIORI
3014237;Perfil ABAP
3014238;Perfil FICO
3014239;Perfil SD
3014240;Perfil MM
3014241;Perfil PM
3014242;Perfil PP
3014243;Perfil QM
3014244;Perfil BASIS
3014245;Perfil SECURITY
3014246;Perfil ARIBA
3014247;Perfil SSFF
3014248;HORAS INGENIERO DE OFICINA TECNICA
3014249;BUTILGLICOL
3014250;SERV RECORREDOR AM - EL
3014251;DRILLING ADAPTER
3014252;FAST LOCK HUB
3014253;Implementación SSFF
3014254;DIFERENCIA CERTIFICACION
3014255;DIFERENCIA CERTIFICACION
3014256;CONTRIBUCION EXTRAORDINARIA
3014257;materiales a regularizar
3014258;Control aplicación química Pos-Plantació
3014259;Apoyo técnico control de dosis y aplicac
3014260;Impresora Lexmark CX431adwe
3014261;Impresoras Lexmarck CX922
3014262;SERVICIO GENERACION ELECTRICA
3014263;GRAVAMEN ART 30 LEY 15336 FNEE
3014264;"GV 5 1/8"" 15k Manual"
3014265;"GV 3 1/16"" 15k Manual"
3014266;"Actuador Hidráulico GV 5 1/8"" 15k"
3014267;"Actuador Hidráulico GV 3 1/16"" 15k"
3014268;"Plug Valve 3"" 15k"
3014269;"Cross 5 1/8"" 15k x 3 1/16"" 15k"
3014270;"Blind Flange 3 1/16"" 15k"
3014271;"Brida 3 1/16"" - 3"" Fig 1502"
3014272;PLOT-NQN-YAC BORDE MONTUOSO VISCEVERSA
3014273;CENT-CINCO SALTOS-YAC BORDE MONTUOSO VIS
3014274;Committed monthly spend
3014275;CONTRIBUCION EXTRAORDINARIA
3014276;Gestión integral de controles/pozos/mes
3014277;Inferidas & Auto-diagnostico S/pozos/mes
3014278;Inf & Auto-diag as-Lift y bombeo/pozos
3014279;ASISTENCIA Y MONITOREO
3014280;Performance Bonus Frac
3014281;Committed monthly spend
3014282;Reportes webservice
3014283;MANTENIMIENTO PORTON
3014284;DETERMINACION TVR
3014285;ABONO NODO 4G
3014286;ABONO REPORTE
3014287;Serv de Hidro c/ope 12hs (lunes a lunes)
3014288;Valor Hora Extra L/V
3014289;Valor Hora Extra sdf
3014290;Serv de Hidro c/ope a demanda 20/8hs
3014291;Serv de Hidro c/ope a demanda 20/8hs sdf
3014292;Control de calidad plantación
3014293;Interpretación Perfiles Corrosión
3014294;"Provisión KIT ASIENTO TC/VASTAGO (3/16"")"
3014295;"Provisión KIT ASIENTO TC/VASTAGO (5/16"")"
3014296;DIFERENCIA CERTIFICACION
3014297;Retroactivos Bundle Frac Julio 24
3014298;Retroactivos Bundle Frac a set 24
3014299;FOAM20628
3014300;Combustible flota AIKE
3014310;Tarifa Mensualizada mod. Exclusiva
3014311;CONTRIBUCION EXTRAORDINARIA
3014312;CONTRIBUCION EXTRAORDINARIA
3014313;Retroactivos
3014314;(BROP-TO-SUBU)BluebackRockPhysics-User/m
3014315;(DRPL-PB-SUBU)-DrillPlan -Plus-user/mo
3014316;(GEOL-PP-SUBU-36)-Geologist-Plus-user/mo
3014317;(GEOP-PP-SUBU)Geophysicist-Plus-user/mo
3014318;PROC-PB-SUBU)ProcFacilitiesEngPlususer/m
3014319;PETP-PP-SUBU)Petrophysicist-Plus-user/mo
3014320;QINT-TO-SUBU)Quantit Interpret-user/mo
3014321;SEML-TO-SUBU)Seismic MachineLear-user/mo
3014322;CONTRIBUCION EXTRAORDINARIA
3014323;gastos varios EPP
3014324;DPCD-SS-SUBC-DrillPlan CsgWhDrill mo
3014325;FMLM-CE-UTL-Fault ML Prediction M/h
3014326;RESS-CE UTLReserv Simul-per16CPU/h
3014327;Defensa tipo New Jersey
3014328;Defensa tipo Guard Rail
3014329;Instalacion Defensa tipo New Jersey
3014330;Instalacion Defensa tipo Guard Rail
3014331;NQN-CENTENARIO-BORDE MONTUOSO
3014332;TRASBORDO
3014333;TRASBORDO(GLAZ-BUNGE-MASUD-LOPEZ)
3014334;items directos
3014335;ALQUILER MOTOCOMPRESOR  V-6017
3014336;Internet satelital 1TB
3014337;Antena satelital Starlink
3014338;Adaptador para tubo antena Starlink
3014339;Adaptador para sup plana antena Starlink
3014340;GEODETECCIÓN
3014341;SCAL22664A
3014342;Riego 1000 pl/HA
3014343;Plantación 1000 pl/HA
3014344;Plantación con gel 1000 pl/HA
3014345;NITRATOS (S.M. 4500 NO3 -F)
3014346;NITRITOS (S.M. 4500 NO2 -B)
3014347;WAT / WDT (DSC o DLS)
3014348;ENSAYO SOLUBILIDAD (A-S-A)
3014349;GRADO API (ASTM D 287)
3014350;HIERRO FERROSO (HACH 8146)
3014351;Axion Diesel X-10
3014352;Quantium Diesel
3014353;GAS OIL LODO PERFORACION
3014354;ENTREGABLES
3014355;ALQUILER HILUX 4X4 DX 2.4 TDI 6 M/T
3014356;Tapon y Packer por disparo
3014360;Servicios IT
3014370;ASESORIA Y VALIDACION JUDICIAL
3014371;Envio a nqn
3014372;Envio a Litoral
3014373;Asistencia de Técnicos por día nqn
3014374;Asistencia de Técnicos por día aike
3014375;Asistencia de Técnicos por día aike form
3014376;MEMBRESÍA
3014377;Servicio Manejo de arenas
3014378;Alquiler de flare vertical
3014379;"Línea de 6"" unión a golpe"
3014380;Piletas con golpeador
3014381;Herbicida Tocon  Extra
3014382;Glifosato
3014383;Metsulfuton metil
3014384;ALQ MENS TRAILER VESTIDOR 12 M
3014385;ALQ MENS TABLERO ELECT 10+ BOCAS
3014386;TRANSPORTE AEREO DE PERSONAL
3014387;Camión de agua Las Lajitas - Chaguaral
3014388;Cargo básico más de 3750 m
3014389;Adicional por prof. debajo de 3750 m
3014390;"Reducción de cañería a 2"", cada trabajo"
3014391;Servicios de Manipuleo y Descarga
3014392;Km Un Transp de carga hasta 1,5T C Min
3014393;Km Un De Trasp hasta 1,5 T Adicional
3014394;ALQUILER PILETAS por dia unidad
3014395;CALCAREO (SUELO LIMO ARENOSO)
3014396;CALCAREO (CONGL. CLASTO SOSTEN)
3014397;CALCAREO (CONGL. MATRIX SOSTEN)
3014398;Activador de compra - junior
3014399;Activador de compra - Semi sr
3014400;Activador de compra - Senior
3014401;Activador de compra - +20 años
3014402;Ingeniero especialista - junior
3014403;Ingeniero especialista - Semi-sr
3014404;Ingeniero especialista - Senior
3014405;Ingeniero especialista - +20 años
3014406;Ingeniero en procesos - junior
3014407;Ingeniero en procesos - Semi sr
3014408;Ingeniero en procesos - Senior
3014409;Ingeniero en procesos - +20 años
3014410;Ingeniero de proyecto - junior
3014411;Ingeniero de proyecto - semi sr
3014412;Ingeniero de proyecto - Senior
3014413;Ingeniero de proyecto - +20 años
3014414;Supervisor - junior
3014415;Supervisor - semi sr
3014416;Supervisor - senior
3014417;Supervisor - + 20 años
3014418;TARIFA DIARIA - jornada extra(DOM Y FER)
3014419;REMIS ON CALL EVENTUALES
3014420;Cambio de Gabinete MTK5
3014421;Salario mensual por peón (1ESP 4 GRALES)
3014422;Jornal extra peon
3014423;TTE ULT MILLA ARENA - COMP FIJO 20 UN
3014424;TTE ULT MILLA ARENA - COMP VAR DIA OPER
3014425;Ajuste Trimestral de Brackets
3014426;4 Impresoras Lexmark MX632adwe
3014427;Adicionales para Equipo (Hazop)
3014428;Bono por entrega anticipada
3014429;"DSL-C. Básico Unidad DSL x dia ""on Call"""
3014430;Operacion Cancelada Gyro
3014431;Calibre de Valvulas/Mandriles
3014432;DSL-Cargo servicio tapón PEAK LDT
3014433;DSL-PEAK LEAK Detection Tool
3014434;AGUA TRANSFERIDA - ZONA 1
3014435;AGUA TRANSFERIDA - ZONA 2
3014436;AGUA TRANSFERIDA - ZONA 3
3014437;AGUA TRANSFERIDA - ZONA 4
3014438;AGUA TRANSFERIDA - ZONA 5
3014439;OPERADOR TRANS. AGUA - COSTO POR DÍA
3014440;DTM SISTEMA TRANS. AGUA
3014441;MUESTREO DE ARENA
3014442;SERVICIOS VS MUESTREO DE ARENA
3014443;INSUMOS VS P - MUESTREO DE ARENA
3014444;HONORARIOS PROF AJUSTES
3014445;Disp Final Suelo Contaminado C/HC
3014446;Responsabilidad Legal de Seg. y Amb.
3014447;Día Adicional de Técnico
3014448;Limpieza tanque en Yacimiento
3014449;items varios para campaña
3014450;COMBUSTIBLE GAS OIL Grado 3
3014451;Equipo de precom 2 especialistas  14x14
3014452;items varios para campaña
3014453;Camioneta 4x4 con gastos incluidos
3014454;Terminación anticipada -35%
3014455;"Valvula de Orificio 1"" O10 RL2"
3014456;Servicio Mensual cuadrilla
3014457;Jornada eventual cuadrilla -Sáb8 a 16
3014458;Jornada eventual cuadrilla -dyf 8 a 16
3014459;Hora extra cuadrilla l a v
3014460;Hora extra cuadrilla sabado
3014461;Hora extra cuadrilla dom/fer
3014462;Jornada stand by cuadrilla
3014463;FStcks DTM por PAD 2 Pozos
3014464;FStacks Daily FEE Operativo PAD 2 Pozos
3014465;Daily FracFee(STDBY/dia)C/Pers-Pad 2pozo
3014466;Daily FracFee(STDBY/dia)S/Pers-Pad 2pozo
3014467;Daily PREFrac Fee(Op/day) - Pad 2 Pozos
3014468;Retroactivos Suma Fija
3014469;Medio Desarme e Inspeccion BBA
3014470;Desarme completo e Inspeccion BBA s/skid
3014471;Desarme completo e Inspeccion BBA c/skid
3014472;Arenado
3014473;Pintura base Epoxi
3014474;Pintura Final
3014475;Reemplazo/Instalación de piezas I
3014476;Reemplazo/Instalación de piezas II
3014477;Reemplazo/Instalación de piezas III
3014478;Reemplazo/Instalación de piezas IV
3014479;Reemplazo/Instalación de piezas V
3014480;Armado cuerpo hidráulico
3014481;Reemplazo/Instalación de Cuerpo Hidráuli
3014482;Instalacion/Acondicionamiento de Accesor
3014483;Ensayo en banco de prueba
3014484;Armado en falso
3014485;Arenado & pintura s/ proced
3014486;RCH: Rectificado frente Cuerpo Hidráulic
3014487;RCH: Mecanizado Alojamiento válvulas Cón
3014488;RCH: Roscado de Tapas de válvula sobre m
3014489;RCH: Acondicionamiento laterales apoyo b
3014490;RCH: Prueba Hidráulica.
3014491;RCM: Mecanizado frente apoyo Cpo Hidrául
3014492;RCM: Mecanizado Alojamiento rodamiento
3014493;RCM: Mecanizado Aloj  Cajas Porta Empaqu
3014494;RCM: Mecanizado Alojamientos Brida Vásta
3014495;RCM: Reparación cuerpo motriz: Mecanizad
3014496;R C : Rectificación de muñones,
3014497;R C : Recupero diámetro en zona de reten
3014498;R C : Recupero diámetro en zona de rodam
3014499;R C : Recupero diám en zona de rod Centr
3014500;R P: Recuperación de Diámetro con aporte
3014501;Normalizado de Biela
3014502;Reemplazo vejiga. Reacondicionamiento Am
3014503;Asistencia puesta en marcha en campo
3014504;Asistencia en operación de bombas plunge
3014505;Asistencia en mantenimiento de bombas pl
3014506;Capacitacion Mantenimiento Operativo
3014507;H/H Taller
3014508;DTM Calentador
3014509;Stand By DTM
3014510;Cargo Oper. Sist. Baja P°, Semiatendida
3014511;Cargo Oper.Calentador 1MMBTU/h
3014512;Reparación Equipamiento
3014513;Adicional bateria 4
3014514;SERV SOP N1 YN2 OPERACIONES 1/2 FTE
3014515;SERV SOP SGR 190HS
3014516;Manejo de arenas diario CON personal
3014517;Manejo de arenas Mes CON personal
3014518;Manejo de arenas Mes SIN personal
3014519;Manejo de arenas diario SIN personal
3014520;Manejo arena DTM base-pozo hasta 150km
3014521;Manejo de arenas DTM kilometro adicional
3014522;Alquiler de Flare Vertical de diario
3014523;Alquiler de Flare Vertical por Mes
3014524;Alquiler Flare DTM base-pozo, máx. 150km
3014525;Alquiler Flare DTM kilometro adicional
3014526;Alquiler Equipo de iluminacion autonomo
3014527;Alquiler de Pileta con Golpeador
3014528;Alquiler de Pileta de acumulaciòn
3014529;Alquiler de pileta con Gas Buster
3014530;Alquiler piletas DTM x pileta máx. 150km
3014531;Alquiler piletas DTM kilometro adicional
3014532;Piletas_Montaje/Desmontaje 2 Op. 12hrs
3014533;Lineas alta P° 3” y 2” conexión 1502
3014534;Muertos de 2,5T
3014535;Lineas de 6” unión a golpe
3014536;Alquiler de mechero horizontal
3014537;Motocompresor
3014538;Generador hasta 150 kva
3014539;Bomba alta P° triplex HT400 cargo básico
3014540;bomba alta P° Triplex HT400 Stand By
3014541;bomba alta P° HT400 DTM hasta 150km
3014542;bomba alta P° Triplex HT 400 DTM km adic
3014543;asistencia en campo (2 op c/12 hs)
3014544;"Torque de Bridas API 2 1/16 a 7 1/16"""
3014545;PH (Cargo basico) hasta 7 pruebas inc.
3014546;PH adicional
3014547;Transporte de unidad pesada Km
3014548;Transporte de unidad liviana Km
3014549;"Engrase valvulas esclusas hasta 3 1/8"""
3014550;"Engrase valvulas esclusas 3 1/16"""
3014551;"Engrase valvulas esclusas hasta 5 1/16"""
3014552;"Engrase valvulas esclusas hasta 7 1/16"""
3014553;Abono mensual SBE
3014554;Cargo Oper. Sist. Baja P°, Semiat (-20%)
3014555;Cargo Stand by. Sist. Baja P°, Semiatend
3014556;Cargo St. by. Sist. Baja P° Semiat (-20)
3014557;REP VALV, RET GAS LIFT 1” CIEGA
3014558;SERVICIO REPOSICION PQ (3ER CAMION)
3014559;SERVICIO MANTENIMIENTO
3014560;Hs de Ingeniería / Cadista
3014561;Hs Oficial Mecánico
3014562;Hs Ayudante Mecánico
3014563;Hs Soldador
3014564;Hs Ayudante Soldador (Amolador)
3014565;Hs Mano de Obra Calificada
3014566;Hs Aportador en Frío
3014567;Control de Alineación y Planimetría medi
3014568;Hs de Tornería
3014569;Hs de Fresado
3014570;Hs de Rectificado
3014571;Prov de Mat para la repar y/o fabr pieza
3014572;Prov de Mat para la repar y/o fabr pieza
3014573;Prov de Mat para la repar y/o fabr pieza
3014574;Prov de Mat para la repar y/o fabr pieza
3014575;Prov de Mat para la repar y/o fabr pieza
3014576;Prov de Mat para la repar y/o fabr pieza
3014577;Prov de Mat para la repar y/o fabr pieza
3014578;Prov de Mat para la repar y/o fabr pieza
3014579;Prov de Mat para la repar y/o fabr pieza
3014580;Prov de Mat para la repar y/o fabr pieza
3014581;CUADRILLA ESPECIALIZADA MENSUALIZADA
3014582;TRAILER CUAD. ESPECIALIZADA
3014590;ALQUILER PILETAS
3014591;CUADRILLA ESPECIALIDAD MECANICO
3014592;ESPECIALIDAD MECANICO - hora extra
3014593;CUADRILLA ESP. MECANICO-  FIN DE SEMANA
3014594;ESP. MECANICO hora extra fin de semana
3014595;"Diagnostico y testeo Series Ø3"""
3014596;"Diagnostico y testeo Series Ø4"""
3014597;"Diagnostico y testeo Series Ø6"""
3014598;"Diagnostico y testeo Series Ø8"""
3014599;"Diagnostico y testeo Series Ø10"""
3014600;STAND BY - CUADRILLA MECANICOS
3014601;Servicio de Internet móvil 50 Gb
3014602;ACPC19360A
3014603;Gastos de Operación y mantenimiento
3014604;Pago del 50% de IND
3014605;GenERA- Cursos
3014606;GenERA- Logistica
3014607;Asistencia por km recorrido
3014608;Colocación de tornillos GPS
3014609;Asistente adicional
3014610;Colocación de precinto
3014611;Cambio de Aro Plástico
3014612;Cambio de cable 5 vías
3014613;Colocación de fusible
3014614;Apertura de equipo e identificación de f
3014615;Provisión y colocación de Soporte GPS
3014616;Desmontaje Lector ID
3014617;Cambio de Cable
3014618;Cambio de Buzzer
3014619;Cambio de Conector Salida Antena GPS (L2
3014620;Reprogramación GPS
3014621;Retiro Sistema de arranque por ID
3014622;Costo mínimo de asistencia
3014623;Costo mínimo de asistencia
3014624;Costo mínimo de asistencia
3014625;Colocación de fusiblera y fusible
3014626;Cambio de  Gabinete Plástico MTK 4
3014627;Cambio de Frente de Policarbonato
3014628;Cambio de electroimán
3014629;Instalacion Eléctrica desde batería
3014630;Cambio de equipo
3014631;Hora Adicional
3014632;Cambio de Puerta Modulo de memoria
3014633;Montaje reasignado Display
3014634;Reporte Especiales (Franja Horaria) 1º H
3014635;Desmontaje Equipo en Pick Up
3014636;Provisión y colocación Antena GSM VL/VP
3014637;Cambio de ubicación GPS
3014638;Cambio de Frente Plástico Completo
3014639;Reactivación equipo (instalado en vehícu
3014640;Limpieza Completa por corrosión
3014641;Cambio de instalación eléctrica VP/VL
3014642;Provisión y colocación Antena GPS VP
3014643;Animaciones 2 Horas de Elaboración
3014644;Provisión de Gabinete Estanco
3014645;Asistencia Programada Loma de la Lata
3014646;Montaje de Equipo Reasignado todo vehícu
3014647;Capacitacion de personal (hasta 4 person
3014648;Asistencia Programada Coiron Amargo
3014649;DIFERENCIA CERTIFICACION OCT-24
3014650;BARRAS SALUDABLES
3014651;Antiespumante
3014652;Antimigratorio de Gas
3014653;Antisettling
3014654;Colchones Lavadores
3014655;Colchones Mecanicos
3014656;Colchones Obturantes
3014657;Extendedor Químico
3014658;Micro fibra
3014659;Reductor Filtrado líquido
3014660;Reductor Filtrado sólido
3014661;Reductor de Fricción
3014662;Retardador
3014663;Retardador HT
3014664;Dispersante
3014665;Km U Transp de carga+1.5 Tn. C.min
3014666;Km Un Transp de carga+1.5Tn.C.adic
3014667;Tranp de mat a granel de otra loc. C min
3014668;Tranp de mat a granel de otra loc
3014669;Transp de mat env, cap h/1.5 Tn.C min.
3014670;Transp de mat env, cap hasta 1.5 Tn
3014671;Transp de mat env, cap > 1.5Tn.C min.
3014672;Transp de mat env, cap > 1.5 Tn
3014673;DESAYUNO SALUDABLES
3014674;Despachante almacen ELO
3014675;"1503-5500 Retenedor cem TKR 5 1/2"""
3014676;PORTAMECHAS x c/período de 12 hs o fracc
3014677;Bono anual
3014678;ADICIONAL P
3014679;Upfront cambio de alcance
3014680;SL mensualizado - Prorrateo x día 5% Dto
3014681;SL mensualizado-Prorrateo x día 10% Dto
3014682;LIH Herramientas de Perforacion
3014683;Alimentos, bebidas y art. de limpieza
3014684;Agua potable de mesa 20 LT.
3014685;Programa MOVE
3014686;Serv. Operativo MC 12508 - 555
3014687;Serv. Stand By MC 12508 - 555
3014688;Serv. Operativo MC 215547 - 554
3014689;Serv. Stand By MC 215547 - 554
3014690;DTM nocturno
3014691;Alquiler Cisterna 10 mt3 Gas Oil
3014692;CARGA DE MATERIAL EN CANTERA
3014693;Instalación/mudanza enlace
3014694;Animaciones 2 Horas de Elaboración
3014695;Certificacion NOV 24
3014696;Certificacion FEB 25
3014697;Kit movilidad starlink mini
3014698;Antena Starlink MIni
3014699;Power Bank para Starlink Mini
3014700;Cargo de Instalación Vehicular c/adaptad
3014701;Eq de Control de Solidos
3014702;Alquiler Tanques Lodo c/Sist remoc 70m3
3014703;Filtros para retención de sólidos
3014704;Unidad de Floculación
3014705;Bandejas ecológicas.
3014706;"SERVICIO TREPANOS SECCION INTERMEDIA 7"""
3014707;Eucalipto Grandis - Clon
3014708;Eucalipto Grandis x Camaldulensis - Clon
3014709;Eucalipto Grandis x Camaldulensis x Urop
3014710;Eucalipto Grandis - Semilla
3014711;Eucalipto Grandis x Urophylla
3014712;Neltuma Alba (70%) - Semilla
3014713;Peltophorum Dubium (15%) - Semilla
3014714;Handroanthus Heptaphyllus (15%) - Semill
3014715;TELEMETRÍA SKIDS ANUAL PQ
3014716;12.250in/11.785in EZC504HD
3014717;"TK56-Y - PDC Bit 8 3/4"""
3014718;Disp Final Suelo Contaminado C/HC 50%
3014719;Auto elevador para 2Tn
3014720;Bombas de transferencias.
3014721;Telas API 170
3014722;Coagulante (Lt)
3014723;INFORME PIPELOGIX
3014724;"Choke Manifold 2-1/16"" 5K psi."
3014725;Trailer tipo COMPANY MAN
3014726;Líneas Adicionales mts x día
3014727;Carreteles y/o Bridas Adaptadoras
3014728;SERVICIO CONECTIVIDAD BMO 300 Mbps
3014729;SERVICIO CONECTIVIDAD VTE LOPEZ 300 Mbps
3014730;SERVICIO FLOWIP 300 Mbps
3014731;TRASBORDO NQN-AGUADA FEDERAL.NQN
3014732;TRASBORDO OYOLA - PEREZ
3014733;"Serv12.25""+MDF8""+bup+MWDEM/MP+bup-Op"
3014734;"Serv12.25""+MDF8""+bup+MWD EM/M +bup-Stdby"
3014735;"Serv8.75""+MDF6.75""+bup+MWD EM/MP+bup-Op"
3014736;"Serv8.75""+MDF6.75""+bup+MWD EM/MP+bup-Std"
3014737;Directional Driller Sr-Operativo/Std by
3014738;Directional Driller Jr-Operativo/Std by
3014739;Transp entre pozos
3014740;Filtro BHA
3014741;KG RECIBIDOS - HUB BS AS
3014742;KG DESPACHADOS- HUB BS AS
3014743;KG RECIBIDOS - HUB NQN
3014744;KG DESPACHADOS - HUB NQN
3014745;Hub Loginter Bs As - Vista- CONSOLIDADO
3014746;HUB LOGINTER NQN-VISTA (HASTA 200 KM)
3014747;PROVEEDOR BS AS (AMBA) - VISTA-DIRECTO
3014748;PROV. NQN-VISTA (HASTA 200 KM)-DIRECTO
3014749;SEMI PROV.BSAS(AMBA)-HUBLOGINTER-COLECTA
3014750;SEMI PROV.NQN-HUB LOGINTER NQN - COLECTA
3014751;CHASIS PROV.(AMBA)-HUB LOG.(BSAS)-COLECT
3014752;CHASIS PROV NQN-HUB LOGINTER NQN-COLECTA
3014753;Pildora Antiperdida HAL
3014754;SEMI CON HIDROGRÚA BS AS - VISTA-SERV AD
3014755;SEMI C HIDROGRÚA NEUQUÉN - VISTA-ADICION
3014756;CHASIS CON HIDRO BS AS - VISTA-SERV ADIC
3014757;CHASIS CON HIDROGRÚA NQN - VISTA-ADICION
3014758;CARRETÓN | BS AS - VISTA- SERV ADICIONAL
3014759;CARRETÓN NEUQUÉN - VISTA-SERV ADICIONAL
3014760;ADICIONAL PARADA CONSOLIDADO Y DIRECTO
3014761;ADICIONAL POR PARADA COLECTA - DIRECTO
3014762;FALSO FLETE
3014763;DEMORAS
3014764;ESTADÍAS
3014765;SERVICIO SUPPLY SYNC
3014766;Purga Nocturna
3014767;Válvula de 3”
3014768;Reducción de 6” x 3”
3014769;TRASBORDO Villa Manzano - Barda
3014770;Salario peón silvicultura (3 Op.)
3014771;STAND BY CAMION C/HIDRO (CON SEMI)
3014772;STAND BY CAMION C/HIDRO (CON SEMI) L/VYF
3014773;STAND BY GRUA 80 TN LUNES A VIERNES
3014774;STAND BYGRUA 80 TN LUNES A VIERNES L/VYF
3014775;FUNDA EXTINTOR 25 KG/L
3014776;FUNDAS EXTINTOR 50/70 KG/L
3014777;FUNDAS EXTINTOR 100 KG/L
3014778;OPERARIO SERV AEROPORTUARIOS
3014779;ADMINISTRATIVO SERV AEROPORTUARIOS
3014780;TOPOGRAFO SERV AEROPORTUARIOS
3014781;INST ELECTRICISTA SERV AEROPORTUARIOS
3014782;TECNICO SERV AEROPORTUARIOS
3014783;ING SEMI SR SERV AEROPORTUARIOS
3014784;ING SR SERV AEROPORTUARIOS
3014785;ING AGRIMENSOR SERV AEROPORTUARIOS
3014786;LIC SISTEMAS AEREOS SERV AEROPORTUARIOS
3014787;AUDITOR SR SERV AEROPORTUARIOS
3014788;RESP TEC PROYECTO SERV AEROPORTUARIOS
3014789;TRACTOR C/ HIDROGRUA N-25 + 1
3014790;CHASIS C/HIDRO
3014791;"TerraPlus 2 7/8"""
3014792;BROP-TO-SUBU_Blueback Rock Physics us/mt
3014793;QINT-TO-SUBU_Quantitative Interpretation
3014794;SEML-TO-SUBU_Seismic Machine Learning
3014795;FMLM-CE-UTL-12_Fault ML Prediction - M
3014796;PROC-PB-SUBU-12_Process Facilities Engin
3014797;GEOL-PP-SUBU-FX_Geologist - Plus
3014798;PROC-PB-SUBU-FX_Process Facilities Engin
3014799;PREN-PB-SUBU-FX_Production Engineer - Ba
3014800;REEN-PB-SUBU-FX_Reservoir Engineer - Bas
3014801;DRPL-PB-SUBU-36_DrillPlan - Plus
3014802;PROC-PB-SUBU-36_Process Facilities Engin
3014803;GEOL-PP-SUBU-36_Geologist - Plus
3014804;GEOP-PP-SUBU-36_Geophysicist - Plus
3014805;RESS-CE-UTL-12_Reservoir Simulation
3014806;DPSC-SS-SUBC_DrillPlan Subsurface Connec
3014807;DRPL-PB-SUBU_DrillPlan - Plus
3014808;GMEC-TO-SUBU_Geomechanics Insights
3014809;PETP-PP-SUBU_Petrophysicist - Plus
3014810;EGRE-IS-UTL_Egress
3014811;EIUE-IS-UTL_Egress inter continental US/
3014812;EGCP-IS-UTL_Egress inter data centers
3014813;EGUE-IS-UTL_Egress inter region US/EU
3014814;MLCU-CE-UTL_ML Execution (Az) CPU
3014815;GEOL-PB-UTL_Geologist - Base
3014816;GEOL-PP-UTL_Geologist - Plus
3014817;DAAD-PB-UTL_IT Administrator - Base
3014818;PROC-PB-UTL_Process Facilities Engineer
3014819;PREN-PB-UTL_Production Engineer - Base
3014820;REEN-PB-UTL_Reservoir Engineer - Base
3014821;DSTO-IS-UTL_Data Ecosystem Storage
3014822;DESINSECTACION - BMO 2025
3014823;Traslado y Montaje Paneles Msafe
3014824;Kg futos secos con pasas xkg
3014825;Kg futos secos sin pasas xkg
3014826;Copos de maiz xkg
3014827;Granola xkg
3014828;Yogur Dahi
3014829;Abono adic Dispositivo VIRCOM 7 / PAC
3014830;Ingenieria Sr Virtec
3014831;Ingenieria Junior Virtec
3014832;Productos industriales varios
3014833;HUB LOGINTER BS AS HUB LOG NQN
3014834;EQUIPO DE VACIO 35M3 - DIA 24HS
3014835;COLECTA CORDOBA POR PALLET
3014836;PUERTO BS AS  - ALMACEN VISTA
3014837;ESTADIA A PARTIR DE LAS 3 HS
3014838;VIANDA COMPLEMENTARIA
3014839;Combustible DIESEL
3014840;Combustible NAFTA
3014841;I.T.C.
3014842;ICO2
3014843;Canon tarjetas físicas
3014844;IIBB
3014845;Mantenimiento flota AIKE
3014846;Servicio técnico y mtto de equipos eléct
3014847;Alquiler Trailer Cocina Equipada
3014848;Traslado y montaje de trailers
3014849;PAO77 - INHIBIDOR DE PARAFINAS
3014850;Movilización inicial o final Unidad
3014851;Movilización inicial/final Unidad carga/
3014852;Conexión Tráiler/agua/electricidad
3014853;CONSUMO AGUA BATERIA 3
3014854;Contr. extraord. + Vianda Compl.
3014855;1-B1 Fresas Planas
3014856;9-B1 Cabezales-Sustitutos-Reducciones
3014857;27-B1 Uniones de Seguridad
3014858;Aceite siliconado ARN
3014859;Cletodim Arnes 24
3014860;Clopyralid - Lontrel
3014861;Fipronil - Formidor
3014862;Herbicida - 2,4D BLUE PROCHEM
3014863;Imazapyr - Arsenal Forestal
3014864;Indaziflam - Explanade
3014865;Isoxaflutol - Fordor
3014866;Picloram - 24 PROCHEM
3014867;Glifosato - Roundup Controlmax 79,2 %
3014868;Glifosato - Roundup Top
3014869;SERVICIO DE LIMPIEZA DE POZO Operativo
3014870;SERVICIO DE LIMPIEZA DE POZO StandBy
3014871;Vianda complementaria
3014872;snr
3014873;VIAJE DE 10M3 TPF-ALMACENES
3014874;VIAJE DE 10M3 ALMACENES - BMO
3014875;VIAJE DE 10M3 PTC ENTRE LOMAS
3014876;VIAJE DE 20M3 PTC ENTRE LOMAS
3014877;Alquiler Cisterna 10 m3
3014878;DIFERENCIA HES OCT-23 A MAR-25
3014879;Diferencia HES O&M Gasoducto TTY
3014880;Bloques de 50 GB internet
3014881;Bloque de 500 GB internet
3014882;Terminal Access
3014883;Kit Starlink High Performance FPH
3014884;Diferencia de tarifa
3014885;"Float Sub 6 5/8"" - Stand By"
3014886;Operador MWD/LWD Operativo/Std By
3014887;Servicio de Gama Ray Radial Operativo
3014888;"Servicio  Gamma Ray Radial 63/4""Stand by"
3014889;Cargos/Impuesto Pais + Formula de ajuste
3014890;TRASBORDO II (OYALA -PEREZ)
3014891;TRASBORDO VERDUGO
3014892;Ln.1 Análisis y revisión de proc.
3014893;Ln.2 Relevamiento de instalaciones clave
3014894;Ln.3 Det. Escenarios de Emerg.
3014895;Ln.4 Disp. Rec. Resp Emerg.
3014896;Ln.5 Conformación Comité Crisis
3014897;Ln.6 Plan específico: Rol de llamada
3014898;Ln.7 Desarrollo plan aereo y serv médico
3014899;Ln.8 Plan Emergencia Descontrol de Pozos
3014900;Ln.9 Plan de Emergencia derrame
3014901;Ln.10 Plan emerg Incendio y/o explosión
3014902;Ln.11 Gestión Preplaning
3014903;Ln.12 Proc. Simulacros
3014904;Ln.13 Valor Asistencia Técnica
3014905;Cargo Operativo MPD Automático
3014906;Cargo Stand By MPD Automático
3014907;Servicio edicion Y Aforo Produccion
3014908;Gestoria Servicio medicion de pozos
3014909;FOAM20628A
3014910;SECADO DE ARENA FRACTURA
3014911;C Basico Reg Gyroscopo NS Hasta 1000 mts
3014912;Registro
3014913;Reporte Monitoreo
3014914;Visita verificación
3014915;Validación terminada
3014916;Visita validación
3014917;Consulta a las partes
3014918;Inicio PDD
3014919;PDD finalizado
3014920;Soporte
3014921;"Provisión Redress Kit Sellos Valv 1812"""
3014922;"Provisión Redress Kit Sellos Valv 1875"""
3014923;TOPADORA
3014924;CONSUMO AGUA CARGADERO
3014925;Recorrido_suministro de H2O hasta 30 m3
3014926;Pago No remunerativo
3014927;Hora extra día NO Laborable (SPD)
3014928;Hora extra día Laborable
3014929;Proyect Manager
3014930;Solution Engineer
3014931;Analista GIS
3014932;Especialista Datos
3014933;DRILL - Agitador Reembolsable
3014934;Adicional SOC Materiales EEC 13_USD
3014935;Adicional SOC EEC 13_ARS
3014936;Altura de brote sano
3014937;DTM FPDO
3014938;CONFIGURACIÓN
3014939;CAPACITACIÓN IT
3014940;PUESTA EN PRODUCCION IT
3014941;Rosca Pin 625 4 1/2 13,5 #/Ft
3014942;Rosca Box 625 4 1/2 13,5 #/Ft
3014943;"Rosca Pin 625 5"" 21,4 #/Ft"
3014944;"Rosca Box 625 5"" 21,4 #/Ft"
3014945;TARIFA ESPERA ESPECIAL
3014946;EQ.PERF.HORA NORMAL C/BAR.SOND (H)
3014947;EQ.PERF.HORA ESPERA C/PERSONAL (H)
3014948;EQ.PERF.HORA ESPERA S/PERSONAL (H)
3014949;EQ.PERF.DTM PARCIAL HASTA 30KM (N°)
3014950;EQ.PERF.DESMOVILIZACION (N°)
3014951;EQUIPO CISTERNA 35M3 - DIA 24HS
3014952;Servicio médico eventual 14x14
3014953;RENTAL SCRUBBER DE SUCCIÓN 36”
3014954;Gestion mensual Programa Bienestar(MOVE)
3014955;PULGADAS DE SOLDADURA + END
3014956;TRABAJOS DE MECANIZADO (TORNERIA)
3014957;PROV DE MATERIALES (CAÑOS, BRIDAS, ETC)
3014958;OPERADOR EN CAMPO LUNES A VIERNES
3014959;OPERADOR EN CAMPO LUN A VIE - HS EXTRAS
3014960;OPERADOR EN CAMPO SAB, DOM Y FERIADOS
3014961;TÉCNICO EN SEGURIDAD E HIGIENE
3014962;TRASLADO EN CAMIÓN PLANCHA
3014963;HIDROGRÚA 15TNM LUNES A VIERNES
3014964;HIDROGRÚA 15TNM SAB, DOM Y FERIADOS
3014965;SERVICIO DE ARENADO
3014966;SERVICIO DE PINTURA
3014967;CONSTRUCCIÓN DE PREFABRICADOS
3014968;Plataforma SaaS Mensual
3014969;EQUIPO DE VACIO 35M3 - DIA 24HS
3014970;"Tapón NTH Para tubing 3 1/2"" No ferroso"
3014971;ALQUILER COPO
3014972;COCINA PTC - 3 OPERARIOS
3014973;ELO-DESAYUNOS/MERIENDAS
3014974;ELO-ALMUERZOS/CENAS
3014975;EIA TAAH s/Res 785/05
3014976;Audit Amb s/Res 785/05
3014977;Audit Abandono TAAH s/Res 785/05
3014978;Sondeo manual. Nota 1. Nota 5.
3014979;Análisis muestra de suelo. Nota 2 Nota 6
3014980;Purga y muestreo de freatimetro. Nota 3.
3014981;Análisis de muestra de agua subterránea
3014982;AR para auditoría s/Res 785/05
3014983;Caracterización de FLNA y dens. Nota 4
3014984;RETROACTIVO SERVICIO COMPRESION
3014985;Asistencia de Cuadrilla en Campo
3014986;Adicionales para Equipo (BAPO 4)
3014987;Provisión Redress Kit Sellos Válv 1” STD
3014988;Adicional SOC
3014989;"ROSCADORA ELECTRICA DE 1/2"" A 4"" 750W"
3014990;"CORTADORA SENSITIVA 14"""
3014991;GENERADOR DE 35KVA - SIN COMBUSTIBLE
3014992;certificacion mensual precom
3014993;RETROACTIVOS MAYO A NOV. 2024
3015000;"LODO BASE KCL 0-430m - SUPERFICIAL 12"" ¼"
3015001;FLUI - LODO BASE AGUA +160M3
3015002;VERSATROL M
3015003;VERSAWET
3015004;INFORMES COMERCIALES 25 MENSUALES
3015005;CLAR16021A
3015006;RETROACTIVOS AGO 23 a OCT. 2024
3015007;TRICONO 12 ¼” IADC117
3015008;Mov - Desmov Entre Fases
3015009;"Fase 6 1/8"" 4 3/4"" Motor"
3015010;"Fase 6 1/8""4 3/4""RSS+MWD+PWD+Azimuth GR"
3015011;"Fase61/8""43/4""RSS+43/4""Mot+MWD+PWD+AziGR"
3015012;Reline Stator
3015013;"SBY 61/8""43/4""RSS+MWD+PWD+Azimuthal GR"
3015014;SE CTRL SOLID DIA OPER NABORS
3015015;Residuo sólido urbano
3015016;EMBR01652A
3015017;DCP-FL6
3015018;Microsilice
3015019;ARC-FR1
3015020;Hematita
3015021;ARC-RT2 Para alta temperatura
3015022;Pino Taeda - Semilla
3015023;Pino Elliotti - Semilla
3015024;Caña Fistula - Semilla
3015025;Bloques de 50 GB internet Global
3015026;Bloques de 500 GB internet Global
3015027;Bloques de 50 GB internet Adicional Glob
3015028;Lapacho Amarillo - Semilla
3015029;Lapacho Rosado - Semilla
3015030;Loro Negro - Semilla
3015031;RENTAL OPERATIVO
3015032;RENTAL STAND BY
3015033;"Alimentos, art. de limp.;bazar, librería"
3015034;MANTENIMIENTO CORRECTIVO LUN-VIE
3015035;KM RECORRIDOS A YACIMIENTO
3015036;SERVICIO CONECTIVIDAD Retiro 100 Mbps
3015037;"Serv rango 6"" MDF 5""NOV+bkup+MWD+pers Op"
3015038;"Serv rango 6""MDF5""NOV+bkup+MWD+pers-Stby"
3015039;"Motor 6.75"" -Mant gral, reline,redress"
3015040;"Float sub 6 5/8"" - Operativo"
3015041;Serv. Hidro-Grua con Chofer Certificado
3015042;Km Pesado por Transporte Hidro-Grua
3015043;SERV. PROFESIONALES fijo mensual
3015044;Movilidad hasta yacimiento
3015045;Jornada en campo
3015046;hora laboratorio
3015047;fee materiales menores
3015048;SERV DE ASIST EN SITIO-AGUADA SAN ROQUE
3015049;SERVICIO CONECTIVIDAD Retiro 100 Mbps
3015050;Cargo Cambio de tripulación 12 hs
3015051;Cargo transporte grúa
3015052;Equipo auxiliar grúa (hs extra)
3015053;Servicio de torque
3015054;Servicio de prueba hidráulica
3015055;Transporte PH/Torque
3015056;Cargo básico registro sonido espectral
3015057;Carga Historica de datos Mensual
3015058;Acompañamiento a la operación Mensual
3015059;Alquiler autoelevador 3 Tn
3015060;Mantenimiento generador 80 kwa
3015061;Abono mensual  repetidora Aluvional
3015062;Abono mensual  trasladadora Aluvional
3015063;Abono mensual Batería 3
3015064;certificados mayo
3015065;TRAZADOR GLOBAL (AGUA) - FFI
3015066;TRAZADOR GAS - NANO
3015067;KIT DE MUESTREO DE GAS
3015068;ANALISIS MUESTRA LIQUIDA
3015069;REPORTE LIMPIEZA DE POZO
3015070;AD INY TRAZ MANIFOLD BAJA PRESION(Xpozo)
3015071;Tpt Materiales (minimo 30km) hasta 20Tn
3015072;ENSALADAS
3015073;Asesoramiento técnico ADG
3015074;Asesoramiento técnico Ley 25.080
3015075;Pago de tasas Ley 25.080
3015076;Matrícula
3015077;Cuota por becario
3015078;gastos reembolsables
3015079;gastos reembolsables
3015080;gastos reembolsables
3015081;Field Technician
3015082;Field Technician Mob/Demob
3015083;Coldbore Monitoring Service
3015084;Coldbore Monitoring Service StandBy
3015085;Tasa vial
3015086;"Cargo Operativo Agitator 5"""
3015087;"Cargo Stand By Agitator 5"""
3015088;"Servicio e Inspección de Agitator 5"""
3015089;Desmontaje
3015090;Rental
3015091;O&M PTF AGUILA MORA
3015092;Viajes y Estadia
3015093;Cargo Cambio de tripulación 12 hs
3015094;Cargo transporte grúa
3015095;Equipo auxiliar grúa (hs extra)
3015096;Servicio de torque
3015097;Servicio de prueba hidráulica
3015098;Transporte PH/Torque
3015099;Cargo básico registro sonido espectral
3015100;Limpieza interior de cisterna(EC+HIDRO)
3015101;KM CAMILLA-TRASLADO DE RETROEXCAVADORA
3015102;EQUIPO 1 HOT WATER (LUN-LUN)
3015103;EQUIPO 2 HOT WATER (LUN-LUN)
3015104;EQUIPO 2 HOT WATER (LUN-VIE)
3015105;ON-CALL EQ2 (MÍN 10 JORNADAS)
3015106;ON-CALL EQ1 O E12 (MENOS 10 JORNADAS)
3015107;HORA ADICIONAL (DSPS 18HS)
3015108;ALQ. MENSUAL TRAILER CABINA 2,5MTS
3015109;JORNADA ON CALL HOT WATER OIL
3015110;UTILITARIO HUB LOG BS AS - VISTA
3015111;UTILITARIO HUB LOG-PROV NQN HASTA 200KM
3015112;SEMI PROV BS AS - HUB LOG BS AS
3015113;Service AA 8 unidades semestral
3015114;Service generador 44 kw
3015115;VIANDA UOCRA 545/08
3015116;De 1951 a 2550 metros
3015117;De 1951 a 2550 metros
3015118;Internet dedicado 500 MB
3015119;Polizas de Caución
3015120;Control Preventivo Roedores e Insectos
3015121;PORTACONTENEDOR DOBLEC/ACOPLADO Y AYUDAN
3015122;CAMION PORTA DOBLE C ACOPLADO Y AYUDANTE
3015123;ALQ CONTENEDOR CUTTING BOX 8M3
3015124;COLECTA UTIL-PROV BS AS-HUB LOG BS AS
3015125;COLECTA UTIL-NQN-HUB NQN
3015126;BMO_Medición de caudal de bombas
3015127;BMO_Mantenimiento de Hidrantes
3015128;BMO_Mantenimiento de monitores
3015129;BMO_Insp. y prueba hidr. de mangueras
3015130;BMO_Mant sist de gen y camaras espuma
3015131;BMO_Mant. sistema de refrigeración
3015132;Cargo x serv de cementación Aislacion
3015133;IF-01
3015134;Trailer Parrrilla
3015135;"FRESAS CONICAS 6hs De 5"" a 7"""
3015136;"UNIONES DE SEG 12hs Hasta 4 3/4"" diam"
3015137;UMBRAL
3015138;SERVICIO GENERACION ELECTRICA
3015139;Alquiler de Tablero trifásico de 6 bocas
3015140;SERVICIO REPO PQ S-D-F C/2 OP EXTRA
3015141;SERVICIO OP AUTOELEVADOR ON-CALL
3015142;BARRA PASTA DE MANI Y MIEL 52 UN/CAJA
3015143;BARRA DE CEREAL DOBLE CHOCOLATE 52 UN/CA
3015144;BARRA DE CEREAL ARANDANOS 52 UN/CAJA
3015145;VIAJES SPOT
3015146;CONSOLIDADO | UTILITARIO | HUB LOGINTER
3015147;TRANSFERENCIA | SEMI | HUB LOGINTER BS A
3015148;COLECTA | UTILITARIO | PROVEEDOR BS AS (
3015149;COLECTA | UTILITARIO | PROVEEDOR NEUQUÉN
3015150;Generador Diesel Backup
3015151;DNOC5744 - DESEMULSIONANTE
3015152;IPB935D - INHIBIDOR DE PARAFINAS
3015153;Infraestructura IT
3015154;Certificado SOC
3015155;CONTENEDORES | PUERTO BS AS - HUB LOGINT
3015156;CONTENEDORES | HUB LOGINTER BS AS - PUER
3015157;Phase 1: Subsurface Reservoir Charact
3015158;Phase 2: Time-lapse Reservoir Monitoring
3015159;PA + Si  with DRV Mapping - Phase 2
3015160;BOMBA BOOSTER
3015161;"Serv Bit TX32557R 6.125"" Lateral lump s"
3015162;Cletodim 48% x 20 lts.
3015163;Vianda complementaria
3015164;Servicio de Bomberos + Autobomba
3015165;Montaje Planta 300m3
3015166;EQUIPO DE VACIO 35M3 - DIA 24HS
3015167;Desayuno
3015168;Almuerzo
3015169;Merienda
3015170;Cena
3015171;Provisión de agua potable
3015172;Provisión de Gas Oil
3015173;Jornal mecánico a campo
3015174;Reposición exóticas 60%
3015175;Reposición exóticas 45%
3015176;Reposición exóticas 15%
3015177;Reposición nativas 30%
3015178;Reposición nativas 45%
3015179;Reposición nativas 15%
3015180;Movilidad gral camioneta 4x4
3015181;Operario brigada de ataque rápido
3015182;HERRAMIENTA PERDIDA
3015183;"Servicio Bit S2S 6 1/8"" lump Sump"
3015184;"Serv. Bit 6 1/8"" Vertical/curva lump sum"
3015185;"cabeza de cementación cañeria 4 1/2""-5"""
3015186;SF2 surf y Dispersante para colchones
3015187;PERSONAL GUARDIA-NQN-BMO-NQN
3015188;PERSONAL GUARDIA-CATRIEL-BMO-CATRIEL
3015189;PERSONAL GUARDIA-NQN-PTC ELO-NQN
3015190;PERS. GUARDIA-TRASB CIPO-NQN-PLOT.PTO EN
3015191;PERS. GUARDIA-NQN-PTC ELO-NQN
3015192;ALQUILER DEPTO X MES
3015193;BAJA EQUIPO SECCO MAV 166
3015194;reconocimiento por persona
3015195;BONO SINDICAL
3015196;Flete largo carretón
3015197;Flete corto carretón
3015198;Reparación pinchadura cubiertas tractor
3015199;Reparación pinchadura cubierta camioneta
3015200;Repase/Revisión Post Plantacion < 10 % f
3015201;Reposición <400 pl/hA
3015202;Reposición 400 y 700 pl/hA
3015203;Reposición > 700 pl/ha
3015204;Control Mecanico Entre Líneo Con Rolo
3015205;Control químico en lineo pre plantación
3015206;Rastra Total 2ª pasada
3015207;Fertilización sin Incorporar
3015208;Repase de Subsolado
3015209;Macheteo Manual en Taza
3015210;Control Quimico con Mochila Entre Lineo
3015211;Rolo total
3015212;Conf. Cortafuegos (rastra suelo mineral)
3015213;Mantenimiento de Cortafuegos Rastra
3015214;Mantenimiento de Cortafuegos Ctrl. Quím.
3015215;Topadora para Raspaje
3015216;Corrección Fustal (bifurcaciones)
3015217;Jornal motosierrista implementado
3015218;Jornal operario forestal
3015219;Jornada Mecánico a Campo
3015220;Jornal operario tareas generales
3015221;Jornal Mantenimiento Campamento
3015222;Jornal Mtto Gral (Alambrados, caminos)
3015223;Jornada Electricista
3015224;ALQUILER MENSUAL OFICINAS RETIRO
3015225;Microsurf SA10
3015226;CLAR16036A.61
3015227;Horas tractor con implemento
3015228;Horas tractor con implemento standby
3015229;Hora Tractor Confección, Mtto cortafuego
3015230;Hora Retroexcavadora
3015231;Hora Excavadora
3015232;Hora Camion Volcador
3015233;Abastecimiento de agua cisterna 10k L
3015234;Abastecimiento de agua cisterna 25k L
3015235;Provision de Gasoil a Campo
3015236;Provision de Insecticida
3015237;Provision fertilizante iniciador
3015238;Provisión Matafuegos
3015239;Mantenimiento Matafuegos
3015240;Servicio Mecanico Generador/Tractor Aike
3015241;Hora adicional Supervisor con Movilidad
3015242;Hora ad Camion Tatu16mt/22mt3 con chofer
3015243;Jornada Excavadora con maquinista
3015244;Hora adiiconal Excavadora con maquinista
3015245;Movilización y desmovilización excavador
3015246;Serv sensor vibraciones en MWD-Operativo
3015247;Serv sensor vibraciones en MWD-Standby
3015248;"Serv rango 6""MDF 5""NOV+bkup+MWD-Operativ"
3015249;Serv sensor vibraciones en MWD-Operativo
3015250;Servicio Gamma Ray Radial - Operativo
3015251;"Motor 5"" NOV-Manten gral,reline,redress"
3015252;Serv Transmi Datos Tiempo Real Operativo
3015253;Serv Transm de Datos Tiempo Real -St By
3015254;Medicion Eficiencia de Punzados
3015255;SR-27
3015260;LICENCIA DASHBOARD DE INY DE PQ V1.0
3015261;LICENCIA APP QUICK CHECK V1.0
3015262;"FracView 4 3/4""(renta mensual first Pad)"
3015263;"FracView 4 3/4"" (Costo Operativo Diario)"
3015264;"FracView  4 3/4"" - (Set de baterias)"
3015265;"FracView 4 3/4"" (Mov.- Demovilizacion)"
3015266;Mano obra técnico (por hora)
3015267;Mano obra técnico (hasta 30 minutos)
3015268;"FracView  4 3/4"" (Operador en Campo)"
3015269;reconocimiento hhee
3015270;OPERADOR ALMACEN PQ
3015271;MOTONIVELADORA A DEMANDA (DIA)
3015272;Late Production PILOTO
3015273;Modern Data Stategy
3015274;CALIDAD DE PRODUCTOS QUIMICOS
3015275;RESIDUAL DE PQ POR FTIR
3015276;Frutos Secos Oficina Neuquen
3015277;Frutos Secos Oficina Neuquen
3015278;SUELOS CONTAMINADOS CON HC con 3% dto
3015279;Alq de 7 Tanques Lodo c/Sist remoc 75m3
3015280;"CROSS OVER 2"" NPT X 2 7/8"" EUE"
3015281;"BRIDA ADAPTADORA 2 1/16"" 10 k x 2"" NPT H"
3015282;"BRIDA ADAPTADORA 3 1/16"" 10 K X 2"" NPT G"
3015283;"[E1X203]ESP ZIN B7 1""x203mm(8"")C/TUER 2H"
3015284;"[E3/4X140]ESP ZIN B7 3/4""x140mm (5 1/2"")"
3015285;ANILLO BX-152
3015286;ANILLO BX-154
3015287;UNION DOBLE S3000 2 NPT A105 ASTM A105
3015288;TEE S3000 2 NPT A105ASTMA105 ASME B16.11
3015289;CODO 90 S2000 2 NPT A105 ASTM A105 ASME
3015290;BUJE REDUC 2 X 1/2 A105 ASTM A105 ASME B
3015291;"CAÑO S/C 2"" SCH STD (60,3 x 3,91)"
3015292;horas de viaje por demora
3015293;DTM Bombeo Surfactante 3,5 BPM
3015294;Servicio de Bombeo Surfactante 3,5 BPM
3015295;Kill-13 Bactericida
3015296;Serv Instalac Armaduras (Lump Sum c/grua
3015297;Día excedente Lump Sum
3015298;SERV TRANSFERENCIA AGUA SPOT
3015299;TTE ULT MILLA ARENA - FLOTA STNDBY
3015300;DIFERENCIA DE CERTIFICACION
3015301;Mtto. base de datos y publicaciones
3015302;Vuelo fotogramétrico
3015303;Horas de soporte (SGI)
3015304;Mtto. Tractor
3015305;Depleted Frac Identf (DFI)RockMSE+St del
3015306;Intrumento del cliente por prof y carrer
3015307;Torre de Control
3015308;Consultoria Senior 2025
3015309;Susc. Anual. Mayo 25 a Abril 26
3015310;Susc. Anual. Actualizacion Mensual Serv
3015311;ingenieria sat 8
3015312;AI Soft Cloud - Optimización Surgentes
3015313;Limpieza externa e interna de residuos
3015314;"Calibración de caudalimetro mag hasta 4"""
3015315;reconocimientos abril
3015316;reconocimientos mayo
3015317;reconocimientos cierre
3015318;SERVICIO DE AREA PROTEGIDA RETIRO
3015319;Mtto tractor 1250 km
3015320;Mtto tractor 1500 km
3015321;Mtto tractor 1750km
3015322;Mtto tractor 2000 km
3015323;Mtto tractor 2250 km
3015324;Mtto tractor 2500 km
3015325;Mtto tractor 2750 km
3015326;Mtto tractor 3000 km
3015327;Piezas no previstas
3015328;Heat BASF x 350 grs
3015329;Repuesto Reparación Armaduras
3015330;TRASLADO PLOTTIER-ZANON-RUTA 7 Y 15
3015331;TRASLADO PLOTTIER-NQN-TRASBORDO
3015332;MOTONIVELADORA MENSUAL (MES)
3015333;REGADOR MENSUAL (MES)
3015334;REGADOR A DEMANDA (DIA)
3015335;REGADOR A DEMANDA 12HS ASISTENCIA FRACTU
3015336;REGADOR A DEMANDA 24HS ASISTENCIA FRACTU
3015337;OVERSHOT (Serie 10,20,70,150)hasta 4 5/8
3015338;CAMION VOLCADOR A DEMANDA (DIA) 18M3
3015339;CAMION VOLCADOR A DEMANDA (DIA) 25 M3
3015340;CAMION VOLCADOR MENSUAL (MES) 18M3
3015341;PALA CARGADORA A DEMANDA (DIA)
3015342;RODILLO VIBRO A DEMDNA (DIA)
3015343;CARRETON A DEMDNA (DIA)
3015344;EXCAVADORA A DEMANDA (DIA)
3015345;GUARDIA ACTIVA POR DIA
3015346;Licensas SAM
3015347;PAFFT PIAS x 2 MW/mes
3015348;reconocimientos cierre
3015349;PAFFT PTC x 1.2 MW/mes
3015350;BONO 0 NPT POR PAD
3015351;Mob/Demob Frac Bundle
3015352;Mob/Demob WL P&P
3015353;Pre-Frac services, with Frac Crew on Loc
3015354;Monthly Fee Fijo
3015355;HPP Ranges | 11000-17000
3015356;HPP Ranges | 17001-26000
3015357;HPP Ranges | 26001-30000
3015358;WL P&P | Servicio
3015359;WL P&P | Gun's carriers
3015360;CBL/VDL por pozo
3015361;Analista de Gobierno de Datos Jr+
3015362;Suscripción licencia SSFF 2
3015363;Jornada en tanques c/equipo rescate
3015364;TRABAJOS VARIOS CAMPUS BMO
3015365;CONS COMEDOR GYM 33% OF
3015366;CONSTRUCCION ENFERMERIA
3015367;REDETERMINACION CAMPUS BMO
3015368;CONS FICINAS SUM 14.28% OF
3015369;VIANDAS UOCRA CAMPUS BMO
3015370;ELO_Mantenimiento gabinetes de incendio
3015371;BMO_Mantenimiento gabinetes de incendio
3015372;ELO_Análisis físico químico de espuma
3015373;BMO_Análisis físico químico de espuma
3015374;DTM Bombeo Surfactante 20 BPM
3015375;Servicio de Bombeo Surfactante 20 BPM
3015376;AS-10
3015377;SR-26
3015378;ELO-ALQUILER EXPENDEDORA
3015379;Grúa 110Tn L/V (8-17h)
3015380;Grúa 110Tn SDF (8-17h)
3015381;Grúa 110Tn Mov./Desmov.
3015382;Grúa 110Tn tarifa L/V
3015383;Grúa 110Tn hs extra L/V
3015384;Grúa 110Tn tarifa SDF
3015385;Grúa 110Tn hs extra SDF
3015386;Grúa 110Tn Hs SB c/operador
3015387;Grúa 110Tn Hs SB s/operador
3015388;PROVISION EXTINTOR 50 KG ABC
3015389;MANGUERA P/ LIQUIDO ESPUMIGENO 3/4''
3015390;MANGUERA P/ LIQUIDO ESPUMIGENO 1''
3015391;MANGUERA P/ LIQUIDO ESPUMIGENO 1 1/2''
3015392;UNION STORZ P/VALVULA TEATRO 1 3/4''
3015393;ADAPTADOR STORZ A TEATRO
3015394;PINTURA TANQUE AFFF
3015395;ABRAZADERA
3015396;O&M ONE TEAM
3015397;TPF
3015398;"Servicio de CT 2 3/8"" con FPDO"
3015399;DTM por tramo
3015400;Determ Bario sobre lixiviado + BaSO4
3015401;Servicio de Medicina para el Deporte
3015402;Whitson+ Software
3015403;Especialista Análisis Riesgo Operacional
3015404;BMO-PERSONAL LIMPIEZA PERNOCTE
3015405;BMO-PERSONAL COCINA LUN A VIERNES
3015406;BMO-VEH RECORRIDO LIMPIEZA/INSTALACIONES
3015407;BMO-INSUMOS OFICINA (VARIABLE)
3015408;BMO-INSUMOS COPO (VARIABLE)
3015409;BMO-INSUMOS LIMPIEZA (VARIABLE)
3015410;BMO-INSUMOS EXPENDEDORAS (VARIABLE)
3015411;BMO-ADICIONALES (VARIABLE)
3015412;BMO-LAVADERO (VARIABLE)
3015413;BMO-DIRECT TV (VARIABLE)
3015414;AF-PERSONAL LIMPIEZA PERNOCTE
3015415;AF-PERONAL COCINA DE LUN A VIERNES
3015416;AF-VEHICULO SERV DE COCINA
3015417;AF-INSUMOS EXTRA COMEDOR (VARIABLE)
3015418;AF-INSUMOS LIMPIEZA (VARIABLE)
3015419;AF-ADICIONALES (VARIABLE)
3015420;AF-LAVADERO (VARIABLE)
3015421;AF-DIRECT TV (VARIABLE)
3015422;ELO-PERSONAL LIMPIEZA LUN A VIER
3015423;ELO-PERSONAL DE COCINA DIAG 10X5
3015424;ELO-INSUMOS EXPENDEDORAS (VARIABLE)
3015425;ELO-INSUMOS EXTRACOMEDOR (VARIABLE)
3015426;ELO-INSUMOS LIMPIEZA (LIMPIEZA)
3015427;ELO-DIRECT TV (VARIABLE)
3015428;ELO-ADICIONALES (VARIABLE)
3015429;BMO- SERVICIO DE COMEDOR FIJO
3015430;ELO-ADICIONALES (VARIABLE)
3015431;Deshidratación de Cutting
3015432;Elaboración matriz de riesgos y plan de
3015433;Relevamiento de hábitat críticos
3015434;Relevamiento y monitoreo cantera Tanuz
3015435;Programa de evaluacion fisica y bienesta
3015436;O&M
3015437;VIATICOS AGUILA MORA
3015438;VIATICOS BPO / BPE / EL / AF / BN
3015439;Reparación Tapas Contenedor
3015440;SmartSLIDE- Bonus  C/ 6hs de ahorro
3015441;SmartSLIDE-Landing Point a TD-dia 1 al 6
3015442;SmartSLIDE-Land.Point a TD - dia 7 o mas
3015443;PH y ENGRASE DE 2ó4 PZS X DIAHABIL 16-22
3015444;PH y ENGRASE DE 2ó4 PZS X DIAHABIL 11-15
3015445;PH y ENGRASE DE 2ó4 PZS X DIAHABIL 06-10
3015446;PH y ENGRASE DE 2ó4 PZS X DIAHABIL 01-05
3015447;PH y ENGRASE DE 2ó4 PZS XDIASINACTIVIDAD
3015448;SERV CISTERNA 35M3 12 HS - MES
3015449;SERV CISTERNA 35M3 12 HS - DIA
3015450;SERV CISTERNA 35M3 24 HS - DIA
3015451;ADICIONAL TRASLADO PERSONAL-PERNOCTE
3015452;Impresora Lexmark Ms826De
3015453;Impresora Lexmark CX522ade
3015454;Impresora Lexmark Mx432de
3015455;Impresora Lexmark Cx431adwe
3015456;Impresora Lexmark Cx922de/944
3015457;Base con Ruedas
3015458;Lectora de proximidad
3015459;Secure Release
3015460;DESCONSOLIDADO CONTENEDOR 20 PALLETIZADO
3015461;bxc2070 -bactericida
3015462;cy51w-Inhibidor de corrosión
3015463;Transporte de crudo 8,93
3015464;Transporte de crudo 9,40
3015465;Transporte SOP VMOC
3015466;Transporte SOP VMON
3015467;Anticipos
3015468;Aporte de capital
3015469;Uso de Muelle
3015470;Adicional Uso de Muelle
3015471;Despacho SOP
3015472;Almacenaje SOP
3015473;OpenAccess
3015474;STF VARG
3015475;STF LACH
3015476;Todo Transporte
3015477;Entre Lomas-NAO
3015478;ADICIONAL ENFERMERIA  BPO3
3015479;Terminal Access Global
3015480;Vianda Complementaria
3015481;ESTADIA
3015482;MPD - Monthly Fee SPC
3015483;Tarifa MPD Semi-Automatico SPC Operativo
3015484;C x Dia MPD Semi-Autom SPC St By-en pozo
3015485;DTM con GRUA
3015486;HALOXIFOP 81%
3015487;FLUMIOXAZIN 48% DARREN
3015488;Asistencia técnica offsite N2-100 base 7
3015489;Hora de asistencia técnica offsite N2-10
3015490;Hora de asistencia técnica offsite N2-15
3015491;Hora de asistencia técnica onsite N1
3015492;Hora de asistencia técnica onsite N2
3015493;Costo por km
3015494;Viáticos
3015495;Cambio de Config Armadura de Surgencia
3015496;ADICIONAL CATRIEL - AGUADA FEDERAL
3015497;ADICIONAL CUTRALCO - AGUADA FEDERAL
3015498;ADICIONAL CATRIEL - BMO
3015499;ADICIONAL DOMICILIOS-BMO-DOMICILIOS
3015500;Compostera de 90 x 45 x 80 cm de alto
3015501;Carro sujetatubos marca Dieci para 70.10
3015502;MENSUALIZADO ENGRASE Y PH
3015503;Renovación Licencias GRC Links SAP
3015504;Torres de iluminación diesel
3015505;Torres de iluminación eléctricas
3015506;DTM y PEM 1 equipo (Torre iluminac.)
3015507;DTM y PEM 4 equipos (Torre iluminac.)
3015508;DTM y PEM 10 equipos (Torre iluminac.)
3015509;Reposición en DTM de PAT
3015510;"FracView 4 3/4"" (renta mensual)"
3015511;Ajuste de decimales
3015512;Desfibriladores
3015513;CUAD 2 PERS PROTECCION CATODICA
3015514;GEODETECCION DE CAÑERIA
3015515;Fee compra materiales
3015520;Reposición por rotura/extravío de cable
3015521;Reposición Segmentos cubre cables
3015522;Costo por Km recorrido de Técnico.
3015523;Hora de espera técnico en locación
3015524;MO Técnico especializado en Locación L-S
3015525;MO Técnico especializado en Loc. D-F
3015526;Jornada Téc especializado en Loc. L-S
3015527;Jornada Técnico especializado en Loc D-F
3015528;CARRETON p/ traslado hasta 14/16 torres
3015529;CAMILLA DE 7/10 TON
3015530;Jornada de MO ayudante enganch, señalero
3015531;Hs espera tpte en locación
3015532;Alquiiler mensual de piletas por pileta
3015533;Movilización y desmovilización
3015534;Instalación de piletas
3015535;INSPECCION/CERTIFICACION DE EQUIPO
3015540;Guardaganados
3015541;Tranquera
3015542;Poste H A
3015543;Defensa New Jersey Costos Fijos (Unidad)
3015544;Defensa Guard Rail Costos Fijos (Unidad)
3015545;CONDUCTIVIDAD 'IN SITU'
3015546;AMONIO
3015547;IN SITU FREAT. (Nivel estatico-Dinamico-
3015548;Defensa New Jersey Metro
3015549;Defensa Guard Rail Metro
3015550;Protec Losetas pref H A m2
3015551;Suelo cal 4%
3015552;Suelo cal - Incremento 1%
3015553;Dique en zanja
3015554;ENSAYOS DE RESPUESTA EN FRECUENCIA FRA
3015555;ENSAYOS DE CABLES MEDIA TENSION VLF Y TG
3015556;BOQUILLA ALCOTEST 5000 FUNNEL CAJA X 10
3015557;Cambio de Config Armadura Bonificado
3015558;ALQ. DIARIO TRAILER HAB 12 M
3015559;COMBI 11 L A VA PLO NQN CEN/ BORDE/PLO N
3015560;Agua dulce - Consumo
3015561;Agua Salada
3015562;Freatímetros
3015563;Calidad de Aire
3015564;Ambiente Laboral
3015565;Flowback
3015566;Muestreo para Liberación y Disp Final
3015567;Muestreo p/LyDF - Sulfato de Bario
3015568;Muestreo p/LyDF - Sobre lixiviado
3015569;Costo por día (op progr. >7 días)
3015570;Costo por día (preaviso de 24 hs)
3015571;Costo por informe de campo
3015572;Alquiler Tanque Cisterna GO
3015573;rental HNP
3015574;OyM HNP
3015575;Cubiertas
3015576;EP0
3015577;EP1
3015578;EP3
3015579;Rev Petreo esp 10cm
3015580;Adicional Rev Petreo esp 10cm
3015581;RUPTOR DE HIDRATO
3015582;Alquiler Manipulador, MTX732
3015583;Alquiler Manipulador, STH1256
3015584;Alquiler Manipulador, FH1065
3015585;Alq Plataf Artic. Diesel, 16 m, 160ATJ
3015586;Alq Plataf Artic. Diesel, jib18m, 180ATJ
3015587;Alq Plataf híbrida 36 m, BT36HRT
3015588;ALQUILER AUTOELEVADOR
3015589;DEPOSITO CON PATINES GUARDADO DE IBC DEP
3015590;ALQUILER AUTOELEVADOR
3015591;Ajuste de tarifas
3015592;EQUIPO CISTERNA 35M3 - DIA 24HS SPOT
3015593;EQUIPO DE VACIO 35M3 - DIA 24HS-SPOT
3015594;SPOT VACT.16M3+CHOFER+OPERA+AYU 24 HS
3015595;SERV PORTACONTENEDOR - 12HS-SPOT
3015596;SERV PORTACONTENEDOR - 24HS -SPOT
3015597;Módulo 8 trailer+pasillo (PTC CB)
3015598;DIFERENCIAL VIANDA ABRIL Y MAYO
3015599;DIFERENCIAL VIANDA
3015600;VIANDA JULIO, AGOSTO Y SEPTIEMBRE
3015601;CONTRIBUCIÓN JUNIO
3015602;CONTRIBUCIÓN JULIO Y AGOSTO
3015603;Plantación con gel y hoyo 1000 pl/HA
3015604;RETROACTIVOS
3015605;Exceso de potencia
3015606;Modulo 8 Trailer+Pasillo (Ofic. PTC-CB)
3015607;RENTAL DE COMPRESOR (X UNIDAD)
3015608;MANTENIMIENTO PREVENTIVO
3015609;MANTENIMIENTO CORRECTIVO
3015610;Diferencia
3015611;"ENTRERROSCA 2"""
3015612;"Certificación REDUCCION 2 7/8"" x 2"""
3015613;Lubricantes y otros productos de mtto.
3015614;VIAJE CAMILLA A BMO CON CISTERNA DE Agua
3015615;EQUIPO CISTERNA 35M3 - DIA 12HS
3015616;EQUIPO DE VACIO 35M3 - DIA 12HS
3015617;EQUIPO SUPER VACIO 35M3 - DIA 12HS
3015618;TRANSP.PRODUCCION 30/35M3 - 24 HS
3015619;TRANSP.PRODUCCION 30/35M3 - 12 HS
3015620;CAMION DE VACIO 9M3 - DIA 24HS
3015621;EQ. VACTOR 12/16 M3 - 24 HS
3015622;TRANSP.AGUA INDUSTRIAL30/35M3 12 HS
3015623;SPOT EQUIPO DE VACIO 35M3 - DIA 12HS
3015624;EQUIPO SUPER VACIO 35M3-SPOT - DIA 24HS
3015625;EQUIPO SUPER VACIO 35M3-SPOT - DIA 12HS
3015626;TRANSP.PRODUCCION 30/35M3SPOT-DIA 24 HS
3015627;TRANSP.PRODUCCION 30/35M3SPOT-DIA 12 HS
3015628;CAMION DE VACIO 9M3-SPOT- - DIA 24HS
3015629;CAMION DE VACIO 9M3-SPOT- DIA 12HS
3015630;PORTACONTENEDOR DOBLE(CHASIS)SPOT - 12HS
3015631;PORTAC.DOBLE(CHASIS)SPOT-ACOP-AYUD 12HS
3015632;CAMION C/CARRETON CON MALACATE-12 HS
3015633;Servicios Personales
3015634;REPARACIÓN VALVULA D10-RL - 316SS
3015635;Servicio Reparación mayor válvula Dummy
3015636;SDASISTENCIA DISPERSION TERMICA
3015637;SDASISTENCIA CAUDALIMETROS KROHNE
3015638;SDASISTENCIA TRANSMISORES DE NIVEL VEGA
3015639;SDASISTENCIA SVP MAGNAPROVE
3015640;FOAM17016A
3015650;Servicio Categoria 2 BBA CENTR HASTA 50
3015651;EQUIPO DE VACIO 35M3 - DIA 24HS
3015652;SERVICIO DE CALIBRACION Y SETEO
3015653;ADICIONAL CUADRILLA NOCTURNA
3015654;Serv.renta mensual C/adicionales-adenda1
3015655;Scio. det. y cuant. fugas de metano
3015656;SERV.TRANSPR. CAMION C/HIDROGRUA H/300 K
3015657;PROVISION EXTINTOR 25 KG ABC
3015658;DEMOB RIG 991 - Junio 25
3015659;Acuerdos Sindicales- Bonos - Viandas
3015660;Pago cuotas finiquito contrato
3015661;VIANDA OCTUBRE, NOVIEMBRE Y DICIEMBRE
3015662;CONTRIBUCIÓN EXTRAORDINARIA
3015663;Servicio de Bombeo de Prefrac (por pozo)
3015664;VIANDA ENERO, FEBRERO Y MARZO
3015665;VIANDA ABRIL, MAYO Y JUNIO
3015666;Presion de 3001 a 5000 PSI
3015667;MONTAJE ANDAMIOS M3
3015668;DESMONTAJE ANDAMIOS M3
3015669;TRANSPORTE ANDAMIOS
3015670;JORNADA ANDAMISTA L a V
3015671;JORNADA ANDAMISTA S, D Y F
3015672;ALQUILER ENTABLONADO ADIC M2
3015673;MONTAJE ENTABLONADO ADIC M2
3015674;DESMONTAJE ENTABLONADO ADIC M2
3015675;TRANSPORTE ENTABLONADO ADIC M2
3015676;RECARGO X ARM AND ESP CONFINADO 25%
3015677;RECARGO X ARM/DESAR FUERA DE HNORMAL
3015678;RECARGO X ARM/DESAR S/D/F
3015679;"Serv12.25""+MDF8""+backup+MWD EM/MP+bup-Op"
3015680;"Serv8.75""+MDF6.75""+bup+MWDEM/MP+Bup-op"
3015681;KEROSENE - PTC ENTRE LOMAS
3015682;KEROSENE - PTC 3 BPO
3015683;IMPUESTOS COMBUSTIBLES
3015684;Yogurt
3015685;Frutas
3015686;Vianda Adicional - Ensalada
3015687;Vianda de Ciudad - Pequeña
3015688;Vianda
3015689;Brochetas
3015690;Lunch
3015691;Abono mensual Radio TLK 100
3015692;AD Histórico L 24.051 Dto. 831-98
3015693;AD Monitores L 24.051 Dto. 831-98
3015694;AD Isotopía L 24.051 Dto. 831-98
3015695;AD Renov. de Perm L 24.051 Dto. 831-98
3015696;AD Res 886/15 RN
3015697;AD CAA Art 982 (Res MSyAS N° 494/94)
3015698;AS Histórico
3015699;AS Monitoreo
3015700;AS Isotopía
3015701;Laboreo de cantera
3015702;FLUI - VINSEAL MEDIO NACIONAL
3015710;Servicio Sismica 3D
3015711;Cargo x uso de Unidad Bulk por operacion
3015712;REINTEGRO SALARIOS EXTRAORDINARIO
3015713;PARADIS01
3015720;VALOR TRAILER ADIC. POR MES NB991
3015721;Generación de energía 90 Kva
3015722;SE CASING  LAVADO-GRASA-PROTECTORES
3015723;Cargo básico-corrosion multi barrera
3015724;Cargo reg. corrosión adi. multi barrerra
3015725;Proc.Datos corrosion Multi-sensor
3015726;Retroactivo OCTUBRE 25
3015727;Retroactivo NOV 25
3015728;LAVADO DE ARENA FRACTURA
3015729;SERV LIMPIEZA A ENERFLEX
3015730;Credito/bonus %
3015731;Vianda Cumpleaños por persona
3015732;Bebidas
3015733;Bife de chorizo con ensalada
3015734;Hamburguesa Veggie
3015735;Ojo de Bife
3015736;Pastas
3015737;Tarta de Diseño individual
3015738;Gaseosa
3015739;Agua con o sin gas
3015740;Postres Individual de diseño
3015741;Milanesa Bife de Chorizo con Guarnicion
3015742;Milanesa Napo con Guarnicion
3015743;Sandwich Milanesa Bife de Chorizo
3015744;Ensalada sin Proteina
3015745;Ensalada con Proteina
3015746;Adicional Ensalada
3015747;Construcción de LAMT 33 KV
3015748;Desinsectación PAD 20
3015749;EQUIPO DE VACIO 35M3 - DIA 24HS
3015750;INFORME MENSUAL COSTO LABORAL
3015751;SERVICIO DE COBERTURA OUTDOOR UPGRADE
3015752;caracterizacion de solidos/qcos por
3015753;Ensayo de escurrimiento
3015754;Construcción de LAMT 13.2 KV Coplanar
3015755;Construcción SET MT Monoposte 13.2/0.38
3015756;Construcción de Puesto de seccionamiento
3015757;Construcción de Puesto con seccionador b
3015758;Construcción de subestación Satelite 8
3015759;Optis ElineHD-Cargo x Op-downview camara
3015760;Optis Memoria Camera Cargo de Bateria
3015761;Optis Camara de vista lateral
3015762;TELAS DE ZARANDA API 100 - 120 - 140
3015763;TELAS DE ZARANDA API 170 - 200
3015764;Tablero Electrico de 8 bocas 32 amp
3015765;Usina  65 KVA
3015766;Usina  100 KVA
3015767;Usina  150 KVA
3015768;Usina  230 KVA
3015769;SmartSLIDE-Curva  (KOP a LP)
3015770;Taria Operativa - MPD READY
3015771;Taria Stand By - MPD READY
3015772;Cargo Mantenimiento Choke Manifould
3015773;Tarifa Chockero adicinal  MPD ready
3015774;Tarifa Well Site  MPD ready
3015775;Tarifa Ingeniero adicinal  MPD ready
3015776;Tarifa Mecanico adicinal  MPD ready
3015777;Tarifa reacondicionamiento Bearings
3015778;Tarifa reemplazo Rubbers Seal Element
3015779;DTM hasta 30 KM
3015780;KM (Mayor a 30 KM)
3015781;DTM  Skidding entre pozos
3015782;Transporte herramientas adicionales
3015783;Alquiler De Válvula HCR
3015784;Servicio De Torqueo Adicional
3015785;Prueba De Presión Adicional
3015786;SERV COORDINACION AEREA
3015787;VIATICOS
3015788;Movilizacion - PowerTAP
3015789;KM adicional Movilizacion - PowerTAP
3015790;ALQUILER PILETAS CON REMOVEDOR
3015791;Trailer autotransportable
3015792;Cajon Frutas
3015793;DIA DE GABINETE
3015794;DIA DE CAMPO
3015795;Día de Campo
3015796;Día de Gabinete
3015797;SETTING TOOL - Cargo por Operación
3015798;Cargo de Operador (Por 12 hs o fracción
3015799;Cargo por Km Unidad Liviana (ida)
3015800;Limpieza de pozo - Costo operativo
3015801;Limpieza de pozo - Costo stand by
3015802;Mov/desmov de equipo de limpieza de pozo
3015803;Skid de acondicionamiento de Gas
3015804;Alquiler Bomba Prometheus hhp-hr
3015805;"Retenedor de cemento 5"" no ferroso"
3015806;Suscripción Plataforma C-Fields
3015807;SPD Hora Extra de item 1 Horario Laboral
3015808;SPD Hora Extra de item 1 No Horario Labo
3015809;TRASBORDO (DUTRA)-CHACRA CIPO-RN151
3015810;Auditoría PSM
3015811;MTTO de AIRES ACONDICIONADOS
3015812;LIMPIEZA DE PISTA x 4 m de ancho
3015813;AGREGADO DE CALCAREO
3015820;Transporte FPDO
3015821;Rental de Equipo de FPDO 10K
3015822;Sky Track o Manitube
3015830;Alberta_Bario Total
3015831;Alberta_Bario Extraíble
3015832;SERVICIO DE ACTIVACION DE COMPRAS
3015833;AMBULANCIA COMPLETA
3015834;ENFERMERO
3015835;TRAILER ENFERMERIA
3015836;TRAILER ENFERMERIA
3015837;ALOJAMIENTO AÑELO
3015838;VEHICULO TRASLADO
3015839;SERV.TRAILER-AMBULANCIA C/TRIPUL-CANTERA
3015840;EQUIPO DE VACIO 35M3 - DIA 24HS
3015841;SERV CISTERNA 35M3 24 HS - MES
3015842;C-Fields Serv de Consultoria Gral (Dia)
3015843;C-Fields Serv de Consultoria Gral (hora)
3015844;Servicios Suscripción CORVA
3015845;SERVICIOS VARIOS MARITIMOS
3015846;DEMORAS BUQUES
3015847;Conveyance WT212-Depth charge(First Run)
3015848;Conveyance WT212 – Subsequent runs
3015849;Conveyance WT212-Tractor charge(1st Run)
3015850;Welltec LIH - Well Tractor 212
3015851;SERVICIO DE VIANDAS
3015852;Servicios GARTNER
3015853;MOTONIVELADORA MENSUAL 7X7
3015854;REGADOR MENSUAL 30/35m3 7X7
3015855;JORN SIMPLE ASIST CUADRILLA INST BASICO
3015856;JORN ASIST TEC CUADRILLA INST Y VEH DC
3015857;JORN AS. TEC CUADRILLA INST COMPLEJA Y V
3015858;JORN AS.T 2 CUADR. INST COMPLE Y 2 VEH
3015859;Serv. de TPN Recuperable - Hasta 4 días
3015860;High Density 3D Seismic
3015861;DRILL - PERF 6 1/8 (Vort+Imp) - Sin MPD
3015862;DRILL - PERF 6 1/8 (MDF+Slim) - Sin MPD
3015863;Provisión de elementos industriales
3015864;Provisión de elementos industriales
3015865;Ad 32 - DTM WL
3015866;Ad 32 - P&P per run
3015867;Ad 32 - WL Daily Charge
3015868;Ad 29 - Mob/Demob Frac Bundle
3015869;Ad 29 - Frac Price per stage
3015870;Ad 29 - Daily Fee Frac
3015871;PreFrac Services w/Fcrew  in loc
3015872;DOCUMENTOS
3015873;ACCESORIOS
3015874;Vianda Veggie
3015880;Servico de control de roedores en Bat 3
3015881;Servicio de desinsectación en Bat 3
3015882;Bbeo p/Ap Camisa c/SETdeFrac(Durante DTM
3015883;Mov/Demov Set de Frac(BaseCWS NQN-Loc)
3015884;Mov/ Demov Set de Frac(Entre Locaciones)
3015885;Cargo USD/HHP/hora
3015886;Cargo por Etapa de Fractura (Servicio)
3015887;Adici a Et de Frac encima a 3hs de bomb
3015888;"DailyRate>a15 dias s/op;>30días dias ops"
3015889;Adic Caudal desde 91 bpm hasta 100 bpm
3015890;Red de fricc p/ag Dulce-CalVisc™ 6621
3015891;Red de fricc apto agua de Prod-Slickwate
3015892;CxCARR,incl h/10clustersp/3TPPcargaTC41R
3015893;Sensor de Tensión en fondo
3015894;Wireline x etapa de frac
3015895;Cargo extra por cañón orientado
3015896;"Cargo x cluster adic de punz31/8''a33/8"""
3015897;Cargo adicional densidad de carga
3015898;Peak E-CutterHD(Incl mov esp.y 1 activac
3015899;Cargo xCBL-VDL (h/ Que gravedad permita)
3015900;Carrera c/elemento de 3ros(Tractor)
3015901;Cargo x carrera adic.(que no sean PnP)
3015902;Equipo tipo Prometheus 1 y 2
3015903;Equipo tipo Prometheus 3 y 4
3015904;Equipo tipo Prometheus 5 y 6
3015905;Reservoir SE Standalone Subscription
3015906;Forecast SE Standalone Subscription
3015907;Licencias Snap
3015908;Transporte GN PM200 9,23usd(x1000m3 eq)
3015909;Materiales en usd EPC
3015910;reajuste Materiales en usd EPC
3015911;reajuste por poinomica (ars) EPC
3015912;INGENIERIA EPC
3015913;Ejecución de obra Civil, Mecánica y Elec
3015914;Cambio de turno L a D. CH-BM-CH
3015915;Cambio de turno c/4 días NQN/CP
3015916;Diario L a V NQN/CP-BM-NQN/CP
3015917;L a D Cambio de Turno CH-BM-CH
3015918;C/4 días Cambio de turno NQN/CP
3015919;L a V Diario NQN/CP-BM-NQN/CP
3015920;Alquiler cjto - GV + Brida WEC 5 1/8in
3015921;MENSUALIZADO ENGRASE Y PH de 6 a 10 días
3015922;Collar 9-5/8”: Single Valve Float Collar
3015923;Float Collar, guide, 5 21.4 TSH
3015924;Diferencia
3015925;EQUIPO DE VACIO 35M3 - DIA 24HS
3015926;MATERIAL EXTRAIDO E INGRESADO EN BALANZA
3015927;FEE FACTOR DE PASE MO Remunerativo
3015928;FEE FACTOR DE PASE MO NO Remunerativo
3015929;FEE FACTOR DE PASE MO Adicionales
3015930;Cementacion off line cañeria Guia
3015931;Cementacion off line cañeria Intermedia
3015932;Cementacion off line cañeria Aislacion
3015933;SE ULT MILLA ARENA - OP PAD GNEL
3015934;Costos Indirectos
3015935;Costos Directos
3015936;Ajuste de Tarifa
3015937;PLUS DIARIO POR DIA DE CAMPO
3015938;Guardia
3015939;Serv. remoto por activación de Guardia
3015940;Soporte Ing SSR L a V
3015941;Soporte Ing SR L a V
3015942;Soporte Ing SSr Sab-Dom-Fer
3015943;Soporte Ing SR Sab-Dom-Fer
3015944;Soporte Ing SSR L a V en Campo
3015945;Soporte Ing SR L a V en Campo
3015946;Soporte Ing SSr Sab-Dom-Fer en campo
3015947;Soporte Ing SR Sab-Dom-Fer en campo
3015948;Gratificación única y extraordinaria NQN
3015949;Avance de assesstment en porcentaje
3015950;MATERIAL EXTRAIDO E INGRESADO EN BALANZA
3015951;FEE FACTOR DE PASE TRANSPORTE
3015952;FEE FACTOR DE PASE ALIMENTACION
3015953;FEE FACTOR DE PASE ALOJAMIENTO
3015954;Alquiler mensual Crane Hook
3015955;GEORREFERENCIACION PUNTOS DE CONTROL
3015956;MES SERVICIO COORDINADOR
3015957;FEE FACTOR DE PASE ALIMENTACION
3015958;JORNADA FERIADO SERVICIO COORDINADOR
3015959;CAMBIO TRANSFORMADOR Y RECONECTADOR
3015960;ARRANQUE DIRECTO EN SET 6
3015961;GRUA MENSUAL DE 130 TN - 24 HR
3015962;MOV/DEMOV GRUA DE 130 TN -GRUA MENSUAL
3015963;GRUA MENSUAL DE 160 TN - 24 HORAS
3015964;MOV/ DESV GRUA 160 TN- LTM
3015965;MOV/ DESV GRUA 160 TN- SOBRE ORUGA
3015966;GRUA  DE 160 TN - 24 HORAS s/orugas
3015967;GRUA MENSUAL DE 130 TN - 24 HR
3015968;GRUA 130 TN -24 HR_Serv. On Call
3015969;GRUA 130 TN -12 HR_Serv. On Call
3015970;MOV/DEMOV GRUA 130 TN-90 KM_Ser.On Call
3015971;MOV/DEMOV GRUA 130 TN-180 KM_Ser.On Call
3015972;GRUA 160 TN -12 HS_Serv. On Call
3015973;MOV-DESMOV GRUA 160 Tn 180 KM_On Call
3015974;MOV-DESMOV 160 Tn_Orugas 90 KM_On Call
3015975;DIFERENCIAL VIANDA ABRIL Y MAYO
3015976;CONTRIBUCIÓN SINDICAL
3015977;Cuadrilla con 2 técnicos j/tanque
3015978;TARIFA MENSUAL UNITARIA (HABITACIÓN)
3015979;REFACTURABLES
3015980;Desarrollo automatizaciones en Datawell
3015981;EQUIPO 1 Hw (LUN-LUN) simultaneo item3
3015982;reajuste por poinomica (ars)
3015983;Hora Adicional
3015984;Jornada cuadrilla de 8 a 16hs S-D-F
3015985;Horas extras cuadrilla L a V
3015986;Horas extras cuadrilla S-D-F
3015987;Jornada de Hidrogrua en campo
3015988;Jornada cuadrilla de relevo
3015989;Jornada de Hidrogrua en campo
3015990;Jornada cuadrilla en tanques L a V
3015991;"Reparacion de valvulas PSV <2"""
3015992;"Reparacion de valvulas PSV 3""<4"""
3015993;"Reparacion de valvulas PSV 5""<6"""
3015994;"Reparacion de valvulas PSV 7""<8"""
3015995;"Reparacion de arrestallamas <2"""
3015996;"Reparacion de valvulas PSV 7""<8"""
3015997;"Reparacion de arrestallamas  3""<4"""
3015998;"Reparacion de arrestallamas  5""<6"""
3015999;"Reparacion de arrestallamas  7""<8"""
3016000;Reparacion de Venteo de Emergencia
3016001;"Reparacion de valvulas tanques <2"""
3016002;"Reparacion de valvulas tanques 3""<4"""
3016003;"Reparacion de valvulas tanques 5""<6"""
3016004;"Reparacion de valvulas tanques 7""<8"""
3016005;Recalibración en base de valvulas PSV
3016006;Servicio MDR
3016007;Asig Cuenca NQN
3016008;Placa digital
3016009;Serv equipo de cementación
3016010;Serv Manlift
3016011;Serv Grúa x día
3016012;Serv Sky Track x día
3016013;ELO - MINIBUS DIURNO L A V
3016014;ELO - COMBI TRASBORDO DIARIO BARDA DEL M
3016015;ELO - CBIO DE TURNO NQN-ELO L A D
3016016;ELO - TRASBORDO CBIO DE TURNO
3016017;Serv Mensual Transp Mat Rechazo
3016018;Excavadora 10hs
3016019;Retroexcavadora 10hs
3016020;Camion Taker 18m3 10hs
3016021;Carreton 10hs
3016022;"Servicio alquiler trépano 8 3/4"""
3016023;Mtto equipos eléctricos
3016024;"SBY Fase61/8""43/4""Mud Mot+MWD+PWD Azimut"
3016025;Asignacion Cuenca Neuquina
3016026;Asignacion Vaca Muerta
3016027;Contribucion Extraordinaria
3016028;Movilidad por KM
3016029;MES SERVICIO SUPERVISIÓN
3016030;Trailers M01-12, 49, 39, 99 y 6
3016031;Serv de calibración de Válvulas IPO
3016032;Serv de reparación y calibración val IPO
3016033;Serv rep mayor y calib val IPO
3016034;Serv rep básica valv orificio
3016035;Serv rep mayor valv orificio
3016036;Serv rep mayor básica valv dummy
3016037;Serv rep mayor mayor valv dummy
3016038;Servicio de reparación Válvulas de Pie
3016039;Serv de reparación Válvulas de Alivio
3016040;"[100008-000] EMPAQUETADURA 1"" - NITRILO"
3016041;"[100009-000] SEPARADOR 1"" - PTFE - ESTAN"
3016042;[105562-000] O-RING 2-111 (70) - VITON
3016043;[100013-000] ANILLO DE RETENCION Ø 16mm
3016044;[100020-000] VALVULA DILL
3016045;[100022-000] ARANDELA JUNTA 9 X 5 X 1.25
3016046;[105563-000] O-RING 2-014 (70) - VITON
3016047;[105634-000] O-RING 2-018 (70) - VITON
3016048;"[115L00-000] ASIENTO 1"" - CARBURO DE TUN"
3016049;[105L00-000] SUBCONJUNTO VASTAGO Y ESFER
3016050;[106941-000] CONJUNTO FUELLE N10-RL2 - 3
3016051;[106886-000] ALOJAMIENTO FUELLE DE N10-R
3016052;[106935-000] PORTA ASIENTO N10-RL2 - 316
3016053;[106933-000] CUERPO RETENCION PARA VALVU
3016054;[106932-000] ASIENTO RETENCION - N10-RL2
3016055;[106931-000] TOPE RETENCION - N10 RL2 -
3016056;[106930-000] RETENCION - N10-RL2 - 316L
3016057;[106929-000] RESORTE RETENCION - N10-RL2
3016058;[106928-000] NARIZ - SIN ROSCA EN ORIFIC
3016059;[105653-000] ESPINA ELASTICA DE Ø 3 MM X
3016060;"[100042-000] PIN DE CORTE Ø 1/8"" -"
3016061;[108603-000] ARO TOPE - TRABA B2 - 316SS
3016062;[106169-000] RESORTE - TRABA B
3016063;[108601-000] EXTREMO SELLO TRABA B2
3016064;[108600-000] VASTAGO NARIZ TRABA B2
3016065;[108602-000] CUERPO DE PESCA - TRABA B2
3016066;[117708-000] MHD RUPTURE DISC - 8 mm - F
3016067;[108604-000] TRABA B2 - 316SS
3016068;Redress Kit Sellos Valvula de Pie de 1.8
3016069;"Redress Kit Sellos Valvula de 1.0"""
3016070;Serv de Asist campo p/arranque u otras o
3016071;Costo por Km a yacimiento
3016072;110134-000] - VÁLVULA N10-RL2 - 316SS -
3016073;[110263-000] - VALVULA O10-RL2 - 316SS -
3016074;[110082] – VALVULA DUMMY (Ciega) D10-
3016075;[109583-000] VALVULA V20 -1.875” - MAX
3016076;Consultoría de Servicios Empresariales
3016077;Día de Ingeniería de Gabinete
3016078;Día de Servicio Técnico en Taller
3016079;Día de Servicio Técnico en Campo para Ma
3016080;Día de Servicio Técnico en Campo FERIADO
3016081;Día de técnico de seguridad
3016082;Guardia Telefonica en HS
3016083;Construcción de LE 33 KV postacion de ma
3016084;Const.Puesto Seccionam. bajo carga 33KV
3016085;Instal.PuestoSeccionam.cuchilla enLE33KV
3016086;Instal.PuestoSeccionam.XS
3016087;Const.Cañeroeléctrico en disposición 4x1
3016088;Construcción de subestación 2 MVA
3016089;Provisión e instalación camaras 1200x120
3016090;Provisión e instalación canales de hormi
3016091;Instalación y conexionado de tablero de
3016092;Construcción de subestación 2 MVA (NO in
3016093;Movilización Inicial-Final
3016094;Viajes de Htas Adic. o entre fases
3016095;RSSMot(RSS+FloatValv+MDF5 MWD PWD+Bit
3016096;Servicio Gamma RayAvg MDF o RSS
3016097;"Reline Motor 5"" High Perf. May 8 et"
3016098;"Redress RSS 4 3/4"" Motorizado"
3016099;Repuestos y materiales varios
3016100;Serv BIF - Instalacion Flex-Panel
3016101;GRUA 50 / 60  TN LTM -24 HRS
3016102;MOV/DEMOV GRUA 50/60TN-90 KM_Ser.On Call
3016103;GRUA 100 TN SOBRE ORUGA - 24 HRS
3016104;Mov/Desmov-GRUA 70/80 TN 90 KM
3016105;GRUA MENSUAL DE 160 TN - 24 HORAS
3016106;GRUA de 160 TN -LTM- 24 Hs adicional
3016107;Serv de perf Direccional. Secc Int 8,375
3016108;Serv de perf Direcc. Secc Int 8,375 StBy
3016109;Sensor GR
3016110;Transmisión de datos en tiempo real
3016111;Filtro de Fondo
3016112;Cabinas+Unidad liviana
3016113;"RelineMDFseriaM40 o Scout 5""config 6-7 1"
3016114;AJUSTES TARIFA
3016115;DTM Intrapad
3016116;Brigada + Autob. + Unidad Ataque
3016117;Autobomba + 2 brigadistas adic
3016118;Autob.+2 brigad adic
3016119;Capacitación esp. en campo
3016120;Mov Equip. Adicional
3016121;AYUDANTE TAREAS GRAL- 12 HR
3016122;SUPERVISOR  12 HR
3016123;GRUA 70 / 80  TN LTM -24 HRS
3016124;MOV & DESMOV-GRUA 70/80 TN 91-180 km
3016125;VIANDA PERNOCTE - HOUSING
3016130;Suscripción anual Iverify
3016131;Fast-Lock Acondicionamiento
3016132;Consultoría de Servicios
3016133;Reconocimientos de snr
3016134;Ajuste de Tarifas CORMINE
3016135;Frutas (lun-mier)
3016136;Prometheus Frac Pmp Rental x HHPxh
3016137;Cargo x Operac Prometheus Pmp
3016138;Gas Reg and Distrib Sys(Mo Rent)h/3
3016139;Gas Reg and Distrib Sys(Mo Rent) +3
3016140;TARIFA CSG RUN 9 5/8-ENTUBACION COMBINA
3016141;"TARIFA CSG RUN 7"" - ENTUBACION COMBINADA"
3016142;"TARIFA CSG RUN 5"" - ENTUBACION COMBINADA"
3016143;Cambio Diag. NQN/CIP-Chañar-NQN/CIP
3016144;Trasb. Roca-NQN-Roca (Sprinter)
3016145;Trasb. V. Regina - Roca (visceversa)
3016146;Trasb. G. Roca - Pto enc - G. Roca
3016147;Villa Regina - NQN - Villa Regina
3016148;G. Roca - NQN - G. Roca
3016149;V. Regina - Chañar - V. Regina
3016150;G. Roca - Chañar - G. Roca
3016151;EQUIPO DE VACIO 35M3 - DIA 24HS
3016152;Dia de tecnico con movilidad yacimiento
3016153;Dia de tecnico en modalidad virtual
3016154;Hora extra no habil soporte Ingeniero
3016155;Soporte a distancia
3016156;Sensor GR StBy
3016157;Filtro de Fondo stand By
3016158;"CEGO 3 1/8"" 4spf 0 2 shots"
3016159;Ajuste de Tarifas cn dic/ene
3016160;Control quim entre lineo terr con cajon
3016161;Subsolado con Rueda Hoyadora
3016162;Plantación con gel y hoyo 600 pl/HA
3016163;1 Pump - Fixed fee Op&Mtto
3016164;2 Pumps - Fixed Fee Op&Mtto por bomba
3016165;DESINFECCION COMPRESORES AIRE AF
3016166;DESINFECCION SHELTER PLC AF
3016167;CAPACITACIONES
3016168;COSTOS CIERRE
3016169;SE ENGRASE VALV ARBOL PRODUC POSTFRAC
3016170;Mec OS Niv2 seal packet Valv 5 1/8in 15k
3016171;MENSUALIZADO ENGRASE Y PH de 11-15 días
3016172;OPERARIO CAT M
3016173;OPERARIO CAT L
3016174;GUARDIA PASIVA (TODAS LAS CATEGORIAS
3016175;PP Cat. M- Hora extra 50%
3016176;PP Cat. M- Hora extra 100%
3016177;Resma Autor A4 80 gr 210 mm x 297 mm
3016178;Resma Autor Oficio 80 gr
3016179;Resma Autor A3 80 gr
3016180;Visita con reparto en el área
3016181;REINTEGROS
3016182;Asig Vaca Muerta
3016183;Asig Extraordinaria Camioneros
3016184;PERF.SECC.SUP.12 1/4 CWD GyroCBL 5%dto
3016185;"PERF.SECC.INTERMEDIA 8 3/4"" Dto20%"
3016186;Y20-Trat y Disp Final Lodo Base Oil/Agua
3016187;Y13-Trat y Disp Final Recorte Base Agua
3016188;Y28-Disp f. Suelos c/HC-MatEstab Y14/Y20
3016189;Y19-Trat y Disp Final Fondos de Tanque
3016190;Y21-Trat y Disp Final Barros Pileta API
3016191;Y17-Trat y Disp F Envases c/Restos Qcos
3016192;Y25-Trat y Disp Final de Sólidos Cond
3016193;Y9- Recepción de Flowback
3016194;Y9-Trat y Disp Final de Flowback
3016195;Y8-Recepción de Agua con Hidrocarburos
3016196;Y8-Trat y Disp Final de Agua con HC
3016197;Y14-Trat y Disp Final Recortes Base Oil
3016198;Valor Hora
3016199;Valor Hora Adicional
3016200;Valvula de pie para Gas Lift
3016201;trabajos puntuales segun cotizacion
3016210;ALQUILER MENSUAL PTEC
3016220;DTM PTEC
3016221;"Cortador JET para tubing 2 3/8"""
3016222;SERV INSTALACION ARBOL PRODUC (un arbol)
3016223;TRASBORDO (MARIN)
3016224;JORNADA RELEVAMIENTO L a V
3016225;"Guia de Emboque 5""  Wedge 625"
3016226;COMBI 11 L A V A PLO NQN CEN/BORDE/PLO N
3016227;Retroexcavadora- Rental Mensual
3016228;Retroexcavadora 320 - Rental Mensual
3016229;Traslado Maquinaria
3016230;Jornada 8 hs. excavadora 320 o similar
3016231;Camioneta 350 - Remosion residuos
3016232;Vactor - Remosion residuos
3016233;Disposicion de tierra contaminada con HC
3016234;Equipo respiracion-renta mensual
3016235;Recargo de cilindro de oxigeno
3016236;EQUIPO DE VACIO 35M3 - DIA 24HS
3016237;CEREAL MUECAS Y RUAH
3016238;CHOCOLATE MILKA
3016239;CHOCOLATE CADBURY
3016240;CHOCOLATE AGUILA
3016241;YOGURT GRIEGO
3016242;YOGURT GRIEGO CON CEREALES
3016243;SNACK MANZANA FRUNCH
3016244;SNACK VEGGIE
3016245;SNACK GREEN CROOPS
3016246;BEBIDA SUEROX
3016247;GASEOSA SIN AZUCAR LATA
3016248;Mantenimiento diario personal de riesgo
3016249;Logística y traslado de plantines
3016250;Movimiento y laboreo de suelos
3016251;Plantación
3016252;Riego
3016253;Mantenimiento y monitoreo
3016254;Informe final de revegetación
3016255;Abono mensual trasladadora BMO PTC
3016256;True Up (Annual)
3016257;"FracView 6 3/4""  (tarifa operativa)"
3016258;"FracView 6 3/4"" (Tarifa Mensual )"
3016259;"FracView  6 3/4"" - (Set de baterias)"
3016260;"FracView 6 3/4"" (Mov.- Desmovilizacion)"
3016261;"FracView  6 3/4"" (Operador en Campo)"
3016262;GRUA 160 TN - JORNADA 24 HS
3016263;Mov/Desmov GRUA 160TN (0-90km)
3016264;Mov/Desmov GRUA 160TN orugas (0-90km)
3016265;GRUA 220 TN - JORNADA 12 HS
3016266;GRUA 220 TN - JORNADA 24 HS
3016267;Mov/Desmov GRUA 220TN (0-90km)
3016268;Mov/Desmov GRUA 220TN (91-180km)
3016269;GRUA 250 TN - JORNADA 12 HS
3016270;GRUA 250 TN - JORNADA 24 HS
3016271;Mov/Desmov GRUA 250TN (0-90km)
3016272;Mov/Desmov GRUA 250TN (91-180km)
3016273;GRUA 100 TN - JORNADA 12 HS
3016274;GRUA 100 TN - JORNADA 24 HS
3016275;Mov/Desmov GRUA 100TN (0-90km)
3016276;Mov/Desmov GRUA 100TN (91-180km)
3016277;GRUA 70/80 TN - JORNADA 12 HS
3016278;GRUA 70/80 TN - JORNADA 24 HS
3016279;Mov/Desmov GRUA 70/80TN (0-90km)
3016280;Mov/Desmov GRUA 70/80TN (91-180km)
3016281;GRUA 50/60 TN - JORNADA 12 HS
3016282;GRUA 50/60 TN - JORNADA 24 HS
3016283;Mov/Desmov GRUA 50/60TN (0-90km)
3016284;Mov/Desmov GRUA 50/60TN (91-180km)
3016285;Ayudante 12 HS
3016286;Carretón
3016287;Oil&Gas Specialist
3016288;Técnico HSE x 12hs
3016289;DIRECTO-CHASIS-PROV NQN - VISTA(200KM)
3016290;MENSUALIZADO ENGRASE Y PH de 16-22 días
3016291;EQUIPO MTK5 CON DISPLAY TFT (VENTA)
3016292;ING SENIOR RBI OFICINA PROVEEDOR
3016293;ING S. SENIOR RBI OFICINA PROVEEDOR
3016294;ING JR. SENIOR RBI OFICINA PROVEEDOR
3016295;Servicio básico. FIJO (Grúa+Hidrogr.)
3016296;Grúa 80 tn + 3 ayudantes tg. VARIABLE
3016297;Hidrogrúa + 2 ayudantes tg. VARIABLE
3016298;Hora Extra L a V hasta 20hs
3016299;Hora SDF
3016300;Hora Nocturna L a V de 20 a 5hs
3016301;Jornada 12hs Grúa Pick&Truck
3016302;"Collar Flotador 5"" 15#/Ft, L80"
3016303;Generador 125 KVA
3016304;Calibración Alcoholímetros
3016305;Poda 1º lev. 1,5/2 mts (500 a 600 pl/ha)
3016306;Poda 1º lev. 1,5/2 mts (600 a 700 pl/ha)
3016307;Poda 1º lev. 1,5/2 mts (700 a 800 pl/ha)
3016308;Poda 1º lev. 1,5/2 mts (800 a 900 pl/ha)
3016309;Poda 1º lev. 1,5/2 mts (900-1000 pl/ha)
3016310;Poda 2º levante (500-600 pl/ha)
3016320;FLETE MARITIMO
3016321;GASTOS PORTUARIOS
3016322;DEMORA
3016323;test nora